timestamp,roll_body,pitch_body,yaw_body,yaw_sp_move_rate,q_d[0],q_d[1],q_d[2],q_d[3],thrust,landing_gear,q_d_valid,roll_reset_integral,pitch_reset_integral,yaw_reset_integral,fw_control_yaw,disable_mc_yaw_control,apply_flaps
1399094572,0.009125982,0.003456168,-0.07469347,0.0,0.9992905,0.00462431,0.0015564878,-0.037345495,0.68239367,-1.0,1,0,0,0,0,0,0
1402279612,-0.0074468623,-0.006012966,-0.022870092,-8.433e-42,0.99992305,-0.0037575408,-0.0029636845,-0.011445859,0.6793013,-1.0,1,0,0,0,0,0,0
1402380559,-0.0062990794,-0.0031496868,-0.022870092,-1.5858e-41,0.99992836,-0.0031673328,-0.0015387178,-0.011439687,0.68100184,-1.0,1,0,0,0,0,0,0
1402479531,-0.0033813096,-0.005678236,-0.022870092,-2e-43,0.99992913,-0.0017230012,-0.0028195924,-0.011439535,0.67862374,-1.0,1,0,0,0,0,0,0
1402584472,0.0012985121,-0.00025442333,-0.022870092,-0.0,0.99993443,0.00064775895,-0.00013462744,-0.011434712,0.6822293,-1.0,1,0,0,0,0,0,0
1402684754,0.0039627105,-0.0018822626,-0.022870092,0.0,0.9999322,0.001970462,-0.00096372416,-0.011432906,0.6776109,-1.0,1,0,0,0,0,0,0
1402888442,0.005099516,-0.0030917202,-0.022870092,0.0,0.99993026,0.002531909,-0.0015749092,-0.0114308065,0.67921054,-1.0,1,0,0,0,0,0,0
1403088858,0.0038898713,-0.0026636426,-0.022870092,0.0,0.9999319,0.0019295767,-0.0013539713,-0.011432177,0.6789651,-1.0,1,0,0,0,0,0,0
1403193236,0.0031168673,-0.0027285106,-0.022870092,0.0,0.99993247,0.00154273,-0.0013819844,-0.011432648,0.6793771,-1.0,1,0,0,0,0,0,0
1403293337,0.001349727,0.00042186212,-0.022870092,0.0,0.9999344,0.00067723135,0.00020320031,-0.011434936,0.67818177,-1.0,1,0,0,0,0,0,0
1403393087,0.00057912973,0.0022807599,-0.022870092,0.0,0.9999339,0.00030258577,0.001136994,-0.011435119,0.67952764,-1.0,1,0,0,0,0,0,0
1403497899,0.0004127329,0.0011172532,-0.022870092,0.0,0.99993443,0.0002127407,0.0005562303,-0.01143491,0.67638755,-1.0,1,0,0,0,0,0,0
1403598546,0.0006248804,0.0028144391,-0.022870092,0.0,0.9999336,0.00032851074,0.0014035543,-0.011435225,0.67892635,-1.0,1,0,0,0,0,0,0
1403698020,0.0018978023,0.0034331013,-0.022870092,0.0,0.99993265,0.0009684661,0.0017055864,-0.011436405,0.6798692,-1.0,1,0,0,0,0,0,0
1404002809,0.003156888,-0.005042003,-0.022870092,0.0,0.99993026,0.001549508,-0.0025388799,-0.011430767,0.67688954,-1.0,1,0,0,0,0,0,0
1404106484,0.0021024009,-0.007529367,-0.022870092,0.0,0.99992704,0.0010080759,-0.0037764467,-0.011430752,0.6778301,-1.0,1,0,0,0,0,0,0
1404307658,0.0021108654,-0.012211728,-0.022870092,0.0,0.9999155,0.0009855248,-0.0061174915,-0.011428134,0.6797729,-1.0,1,0,0,0,0,0,0
1404411671,0.002853448,-0.014962661,-0.022870092,0.0,0.99990577,0.0013410437,-0.0074970787,-0.011423794,0.6794225,-1.0,1,0,0,0,0,0,0
1404512173,0.0013544791,-0.014580614,-0.022870092,0.0,0.99990785,0.00059381477,-0.0072975075,-0.011429555,0.67822,-1.0,1,0,0,0,0,0,0
1404611609,-0.001589577,-0.014769422,-0.022870092,0.0,0.99990696,-0.00087915675,-0.0073750704,-0.011440352,0.6763802,-1.0,1,0,0,0,0,0,0
1404715665,-0.00044289633,-0.013259634,-0.022870092,0.0,0.9999126,-0.00029723882,-0.006626802,-0.011436013,0.67898965,-1.0,1,0,0,0,0,0,0
1404816777,-0.00058322144,-0.012968008,-0.022870092,0.0,0.9999136,-0.00036572825,-0.0064801998,-0.0114364475,0.6789106,-1.0,1,0,0,0,0,0,0
1404916312,-0.0024088854,-0.010601345,-0.022870092,0.0,0.9999198,-0.0012649584,-0.005286525,-0.011441012,0.6795933,-1.0,1,0,0,0,0,0,0
1405120917,0.003871588,-0.012144264,-0.022870092,0.0,0.99991447,0.0018661977,-0.0060938215,-0.011422812,0.68341136,-1.0,1,0,0,0,0,0,0
1405325217,0.005717017,-0.014849764,-0.022870092,0.0,0.99990326,0.0027733382,-0.007456984,-0.011413213,0.6776687,-1.0,1,0,0,0,0,0,0
1405525285,0.001687986,-0.013456906,-0.022870092,0.0,0.99991167,0.0007669807,-0.006737611,-0.011428857,0.6801609,-1.0,1,0,0,0,0,0,0
1405730380,-0.00013640239,-0.0103046335,-0.022870092,0.0,0.9999213,-0.00012711127,-0.0051511773,-0.0114349965,0.67686766,-1.0,1,0,0,0,0,0,0
1405830720,0.0009516333,-0.004933678,-0.022870092,0.0,0.99993145,0.00044757628,-0.002472116,-0.011433587,0.6794854,-1.0,1,0,0,0,0,0,0
1405933936,0.0016099024,-0.0027978166,-0.022870092,0.0,0.9999333,0.0007889015,-0.0014080204,-0.011433657,0.6827853,-1.0,1,0,0,0,0,0,0
1406033996,0.004268613,0.0013049401,-0.022870092,0.0,0.9999321,0.0021416259,0.00062802056,-0.0114361625,0.68068147,-1.0,1,0,0,0,0,0,0
1406135066,0.0056509827,0.0038174037,-0.022870092,0.0,0.9999288,0.0028471234,0.0018762595,-0.011440124,0.6791198,-1.0,1,0,0,0,0,0,0
1406338508,0.007303569,0.0048933187,-0.022870092,0.0,0.99992484,0.0036795037,0.0024047235,-0.011443621,0.68147105,-1.0,1,0,0,0,0,0,0
1406439098,0.00794572,0.0007719195,-0.022870092,0.0,0.9999267,0.0039770026,0.0003405027,-0.011436239,0.67437726,-1.0,1,0,0,0,0,0,0
1406540494,0.00946233,-0.00075998105,-0.022870092,0.0,0.99992335,0.0047264923,-0.00043406113,-0.01143287,0.6794029,-1.0,1,0,0,0,0,0,0
1406743623,0.012095045,-0.002817631,-0.022870092,0.0,0.9999154,0.006030975,-0.0014778487,-0.011426058,0.67682135,-1.0,1,0,0,0,0,0,0
1406947778,0.014611072,-0.0014086951,-0.022870092,0.0,0.99990773,0.0072969375,-0.0007878192,-0.011429343,0.6780071,-1.0,1,0,0,0,0,0,0
1407048459,0.0118853,-7.3786454e-05,-0.022870092,0.0,0.999917,0.005941805,-0.00010484276,-0.011434377,0.6783526,-1.0,1,0,0,0,0,0,0
1407152456,0.014729193,0.0021505423,-0.022870092,0.0,0.9999068,0.0073763398,0.0009909596,-0.0114424,0.6799463,-1.0,1,0,0,0,0,0,0
1407352081,0.011204505,0.0024732044,-0.022870092,0.0,0.9999181,0.0056159934,0.0011724414,-0.011441536,0.6806818,-1.0,1,0,0,0,0,0,0
1407453501,0.009624965,0.0014504093,-0.022870092,0.0,0.9999227,0.0048204404,0.0006701193,-0.011438152,0.6804829,-1.0,1,0,0,0,0,0,0
1407557136,0.010607712,0.0015042499,-0.022870092,0.0,0.9999202,0.0053120833,0.00069141696,-0.011438622,0.6832692,-1.0,1,0,0,0,0,0,0
1407657213,0.00866346,0.00073607627,-0.022870092,0.0,0.9999252,0.0043356414,0.0003184783,-0.011436283,0.6801154,-1.0,1,0,0,0,0,0,0
1407761212,0.008943889,8.948289e-05,-0.022870092,0.0,0.9999246,0.004472149,-6.3975267e-06,-0.011434883,0.68323886,-1.0,1,0,0,0,0,0,0
1407861757,0.008729359,0.00036509402,-0.022870092,0.0,0.9999251,0.0043664672,0.00013262428,-0.011435486,0.6822532,-1.0,1,0,0,0,0,0,0
1407961694,-0.0067810197,-0.009621045,-0.022870092,0.0,0.99991715,-0.003445249,-0.0047713923,-0.011450908,0.68358386,-1.0,1,0,0,0,0,0,0
1408066052,-0.0017100313,-0.0051598563,-0.022870092,0.0,0.9999309,-0.0008844577,-0.0025699788,-0.0114369625,0.6818393,-1.0,1,0,0,0,0,0,0
1408165990,-0.00041276275,-0.006510473,-0.022870092,0.0,0.9999293,-0.00024358969,-0.0032526578,-0.011435407,0.68197066,-1.0,1,0,0,0,0,0,0
1408266011,4.1725376e-05,-0.00794065,-0.022870092,0.0,0.99992675,-2.4538575e-05,-0.0039702933,-0.011434624,0.6782567,-1.0,1,0,0,0,0,0,0
1408367381,0.00034259466,-0.007399781,-0.022870092,0.0,0.99992776,0.00012897755,-0.0037015988,-0.011434086,0.676711,-1.0,1,0,0,0,0,0,0
1408471138,0.0056413417,-0.006385799,-0.022870092,0.0,0.9999256,0.0027839583,-0.003224926,-0.011425688,0.67932785,-1.0,1,0,0,0,0,0,0
1408570735,-0.0030204572,-0.0070495876,-0.022870092,0.0,0.9999272,-0.001550425,-0.003507283,-0.011440038,0.68213505,-1.0,1,0,0,0,0,0,0
1408675004,-0.020648526,-0.0059522637,-0.022870092,0.0,0.9998765,-0.010357389,-0.0028577214,-0.011464859,0.68084335,-1.0,1,0,0,0,0,0,0
1408775316,-0.021581113,-0.0067002624,-0.022870092,0.0,0.99987036,-0.010827888,-0.003226326,-0.0114702135,0.6795837,-1.0,1,0,0,0,0,0,0
1408875726,-0.018444277,-0.009312413,-0.022870092,0.0,0.9998808,-0.009274545,-0.004550236,-0.011477123,0.68026173,-1.0,1,0,0,0,0,0,0
1408980368,-0.014038436,-0.006749732,-0.022870092,0.0,0.99990404,-0.0070572514,-0.0032942938,-0.011458137,0.6790783,-1.0,1,0,0,0,0,0,0
1409084474,-0.0093137445,-0.004860419,-0.022870092,0.0,0.99992067,-0.004684326,-0.0023767718,-0.011445958,0.6788929,-1.0,1,0,0,0,0,0,0
1409183292,-0.00782123,-0.005307722,-0.022870092,0.0,0.99992335,-0.0039406815,-0.0026089468,-0.011445047,0.6769695,-1.0,1,0,0,0,0,0,0
1409284717,-0.0016705759,-0.0069677862,-0.022870092,0.0,0.9999282,-0.00087506574,-0.0034741058,-0.011437635,0.676509,-1.0,1,0,0,0,0,0,0
1409388731,-0.0021842532,-0.007090212,-0.022870092,0.0,0.9999277,-0.0011325857,-0.0035323766,-0.0114385905,0.6815089,-1.0,1,0,0,0,0,0,0
1409589506,-0.0054514897,-0.001068569,-0.022870092,0.0,0.99993074,-0.0027316723,-0.00050307927,-0.011436209,0.68130076,-1.0,1,0,0,0,0,0,0
1409693255,-0.0028715348,0.0012256887,-0.022870092,0.0,0.9999334,-0.0014286651,0.0006292213,-0.011433903,0.6806785,-1.0,1,0,0,0,0,0,0
1409794024,-0.0038194712,0.0010889233,-0.022870092,0.0,0.99993265,-0.0019033834,0.0005662624,-0.011433736,0.6804273,-1.0,1,0,0,0,0,0,0
1409893212,-0.0038465152,0.0024016544,-0.022870092,0.0,0.9999321,-0.001909398,0.0012227382,-0.011432459,0.67887145,-1.0,1,0,0,0,0,0,0
1410097457,-0.0063410886,-0.0007177694,-0.022870092,0.0,0.9999295,-0.0031744353,-0.00032260496,-0.011435878,0.6777754,-1.0,1,0,0,0,0,0,0
1410198046,-0.004585275,-0.0032836397,-0.022870092,0.0,0.9999306,-0.0023112565,-0.0016154917,-0.011438515,0.677283,-1.0,1,0,0,0,0,0,0
1410302034,-0.0063591576,-0.0037889488,-0.022870092,0.0,0.9999277,-0.0032010227,-0.0018579821,-0.011440744,0.6793136,-1.0,1,0,0,0,0,0,0
1410402370,-0.0072426447,0.009295414,-0.022870092,0.0,0.99991745,-0.0035678938,0.004688765,-0.01141777,0.68916726,-1.0,1,0,0,0,0,0,0
1410502810,-0.00600531,0.005084731,-0.022870092,0.0,0.999927,-0.0029733733,0.00257652,-0.011427076,0.6844216,-1.0,1,0,0,0,0,0,0
1410606852,-0.0061584595,-0.0119846985,-0.022870092,0.0,0.9999117,-0.0031474887,-0.0059566833,-0.011452989,0.68447435,-1.0,1,0,0,0,0,0,0
1410707151,-0.004970736,-0.0077864993,-0.022870092,0.0,0.9999238,-0.0025297024,-0.0038645538,-0.011444349,0.6824549,-1.0,1,0,0,0,0,0,0
1410806849,-0.0014672366,-0.010452758,-0.022870092,0.0,0.99992067,-0.0007933225,-0.005217624,-0.011438473,0.6804019,-1.0,1,0,0,0,0,0,0
1410911635,-0.0012698552,-0.009712593,-0.022870092,0.0,0.9999226,-0.00069040904,-0.0048486986,-0.011437745,0.68064845,-1.0,1,0,0,0,0,0,0
1411111653,-0.0021663138,-0.009762601,-0.022870092,0.0,0.9999221,-0.0011388895,-0.004868573,-0.011439943,0.68195486,-1.0,1,0,0,0,0,0,0
1411215614,0.003326608,-0.0027362616,-0.022870092,0.0,0.99993235,0.001647549,-0.0013870586,-0.011432496,0.68378514,-1.0,1,0,0,0,0,0,0
1411316122,0.0036411495,-0.0065609952,-0.022870092,0.0,0.99992764,0.0017829331,-0.0033010896,-0.011428745,0.6847895,-1.0,1,0,0,0,0,0,0
1411415608,0.0025806106,-0.008706055,-0.022870092,0.0,0.99992436,0.0012404328,-0.00436748,-0.011429064,0.6801555,-1.0,1,0,0,0,0,0,0
1411520475,0.0010068185,-0.0071921353,-0.022870092,0.0,0.99992806,0.00046225288,-0.0036015809,-0.011432913,0.6768832,-1.0,1,0,0,0,0,0,0
1411620341,0.0011326064,-0.0058497773,-0.022870092,0.0,0.9999302,0.0005328182,-0.002931168,-0.011433092,0.6795437,-1.0,1,0,0,0,0,0,0
1411720850,0.00042877573,-0.003986781,-0.022870092,0.0,0.9999326,0.00019157943,-0.0019957102,-0.011434346,0.6798972,-1.0,1,0,0,0,0,0,0
1411824419,-0.0019932662,-0.0058742925,-0.022870092,0.0,0.9999298,-0.001030149,-0.0029255522,-0.0114376675,0.67604566,-1.0,1,0,0,0,0,0,0
1411925541,-0.0036149912,-0.0110904025,-0.022870092,0.0,0.9999175,-0.0018707565,-0.0055241333,-0.0114446245,0.6846461,-1.0,1,0,0,0,0,0,0
1412025264,-0.0072582676,-0.007907269,-0.022870092,0.0,0.99992007,-0.003674069,-0.0039118417,-0.01144898,0.67885435,-1.0,1,0,0,0,0,0,0
1412129254,-0.009569216,-0.0064457995,-0.022870092,0.0,0.9999178,-0.004821105,-0.0031679359,-0.011450027,0.680183,-1.0,1,0,0,0,0,0,0
1412229391,-0.008597099,-0.007782675,-0.022870092,0.0,0.9999176,-0.004342718,-0.0038418847,-0.011451332,0.67736787,-1.0,1,0,0,0,0,0,0
1412330073,-0.007881711,-0.008513652,-0.022870092,0.0,0.9999176,-0.003989227,-0.0042114393,-0.011451379,0.6788657,-1.0,1,0,0,0,0,0,0
1412434116,-0.009159685,-0.0064917537,-0.022870092,0.0,0.99991864,-0.004616618,-0.003193256,-0.011449483,0.67948204,-1.0,1,0,0,0,0,0,0
1412534434,-0.008662808,-0.007633774,-0.022870092,0.0,0.9999178,-0.0043747216,-0.0037670645,-0.011451139,0.6756869,-1.0,1,0,0,0,0,0,0
1412634017,-0.009357319,-0.005951959,-0.022870092,0.0,0.9999191,-0.0047123455,-0.0029222493,-0.011448544,0.679147,-1.0,1,0,0,0,0,0,0
1412738018,-0.009194652,-0.0038237039,-0.022870092,0.0,0.9999221,-0.004618862,-0.0018591365,-0.011443444,0.67987394,-1.0,1,0,0,0,0,0,0
1412838486,-0.008674976,-0.0044957483,-0.022870092,0.0,0.99992263,-0.0043628835,-0.0021981057,-0.011444411,0.6766282,-1.0,1,0,0,0,0,0,0
1412939177,-0.00743749,-0.0048466064,-0.022870092,0.0,0.99992466,-0.003746192,-0.0023806025,-0.011443697,0.6804253,-1.0,1,0,0,0,0,0,0
1413043609,-0.0065347757,-0.00871252,-0.022870092,0.0,0.9999196,-0.00331695,-0.004318577,-0.011448861,0.6851157,-1.0,1,0,0,0,0,0,0
1413147373,-0.00873109,-0.006443129,-0.022870092,0.0,0.9999197,-0.0044020605,-0.0031713988,-0.0114486925,0.6854493,-1.0,1,0,0,0,0,0,0
1413247623,-0.008665927,-0.0033908891,-0.022870092,0.0,0.9999237,-0.004352047,-0.0016457706,-0.01144202,0.680148,-1.0,1,0,0,0,0,0,0
1413348125,-0.010361841,-0.0031209844,-0.022870092,0.0,0.9999199,-0.0051983953,-0.0015011261,-0.011442714,0.68104905,-1.0,1,0,0,0,0,0,0
1413451958,-0.00590846,-0.0048443084,-0.022870092,0.0,0.9999273,-0.0029817203,-0.002388202,-0.011441867,0.6840443,-1.0,1,0,0,0,0,0,0
1413551903,-0.00595011,-0.0062305476,-0.022870092,0.0,0.99992526,-0.003010464,-0.0030810318,-0.011443958,0.6817914,-1.0,1,0,0,0,0,0,0
1413652704,0.0041683163,-0.020319434,-0.022870092,0.0,0.9998811,0.001967741,-0.010182687,-0.01141301,0.68298054,-1.0,1,0,0,0,0,0,0
1413756807,-0.0048217247,-0.005787454,-0.022870092,0.0,0.9999274,-0.0024437814,-0.002865958,-0.011441692,0.6802366,-1.0,1,0,0,0,0,0,0
1413856409,-0.006858285,-0.0049667773,-0.022870092,0.0,0.99992555,-0.003457298,-0.0024439977,-0.01144321,0.6792992,-1.0,1,0,0,0,0,0,0
1413956739,-0.018567532,-0.0065359063,-0.022870092,0.0,0.99988586,-0.009320344,-0.0031614369,-0.011464581,0.6762067,-1.0,1,0,0,0,0,0,0
1414060901,-0.016821316,-0.004973115,-0.022870092,0.0,0.99989593,-0.008438415,-0.0023901314,-0.011455269,0.6779866,-1.0,1,0,0,0,0,0,0
1414161227,-0.014636092,-0.0010940161,-0.022870092,0.0,0.9999077,-0.0073237563,-0.00046327803,-0.011438492,0.681796,-1.0,1,0,0,0,0,0,0
1414261370,-0.012411947,-0.001389698,-0.022870092,0.0,0.99991506,-0.006213472,-0.0006238266,-0.011438887,0.68210804,-1.0,1,0,0,0,0,0,0
1414365494,-0.014241899,-0.0023069668,-0.022870092,0.0,0.9999085,-0.007133609,-0.0010719526,-0.011442714,0.6799995,-1.0,1,0,0,0,0,0,0
1414464934,-0.013820644,-0.0024790852,-0.022870092,0.0,0.9999099,-0.006923984,-0.0011604142,-0.011443079,0.68036395,-1.0,1,0,0,0,0,0,0
1414566013,-0.012818272,-0.0026139175,-0.022870092,0.0,0.99991316,-0.006423613,-0.0012335595,-0.0114429295,0.6780771,-1.0,1,0,0,0,0,0,0
1414669691,-0.013165697,-0.0031761576,-0.022870092,0.0,0.99991155,-0.0066005215,-0.0015126668,-0.011444989,0.67860186,-1.0,1,0,0,0,0,0,0
1414770368,-0.012248148,-0.0012336911,-0.022870092,0.0,0.9999156,-0.0061306884,-0.0005467665,-0.0114383595,0.67979443,-1.0,1,0,0,0,0,0,0
1414869706,-0.012107796,-0.0029693057,-0.022870092,0.0,0.99991506,-0.0060704346,-0.0014153034,-0.011443563,0.67750734,-1.0,1,0,0,0,0,0,0
1414974499,-0.012848193,-0.0015535797,-0.022870092,0.0,0.99991363,-0.006432513,-0.0007032653,-0.011439549,0.6765559,-1.0,1,0,0,0,0,0,0
1415074767,-0.01130458,-0.0013276297,-0.022870092,0.0,0.99991834,-0.0056594796,-0.0005991283,-0.011438364,0.6805698,-1.0,1,0,0,0,0,0,0
1415174841,-0.0098002795,-0.004106278,-0.022870092,0.0,0.99992037,-0.004923266,-0.0019969468,-0.011444695,0.67556536,-1.0,1,0,0,0,0,0,0
1415278810,-0.0073682657,-0.0057212347,-0.022870092,0.0,0.99992365,-0.0037165787,-0.0028182801,-0.011445212,0.6765549,-1.0,1,0,0,0,0,0,0
1415379792,-0.004519161,-0.0049144775,-0.022870092,0.0,0.999929,-0.002287522,-0.002431232,-0.0114402855,0.682363,-1.0,1,0,0,0,0,0,0
1415479644,-0.003802848,-0.006414804,-0.022870092,0.0,0.9999276,-0.0019379647,-0.0031854392,-0.011440815,0.67668587,-1.0,1,0,0,0,0,0,0
1415583684,-0.0017415133,-0.007756753,-0.022870092,0.0,0.9999266,-0.0009150414,-0.0038681552,-0.011438084,0.67556524,-1.0,1,0,0,0,0,0,0
1415684295,0.0023307283,0.00033589,-0.022870092,0.0,0.9999339,0.0011672081,0.00015460822,-0.011434986,0.68530935,-1.0,1,0,0,0,0,0,0
1415784321,0.0026245718,-0.0054101413,-0.022870092,0.0,0.99993014,0.0012812631,-0.0027198936,-0.011431195,0.67526746,-1.0,1,0,0,0,0,0,0
1415888426,-0.000661589,-0.00768127,-0.022870092,0.0,0.99992716,-0.0003746872,-0.0038365917,-0.011435982,0.67573905,-1.0,1,0,0,0,0,0,0
1415989257,-0.005413946,-0.0074342494,-0.022870092,0.0,0.99992394,-0.0027492782,-0.003685906,-0.011444737,0.6764533,-1.0,1,0,0,0,0,0,0
1416088476,-0.006044414,-0.012286689,-0.022870092,0.0,0.999911,-0.0030921951,-0.0061083185,-0.011453095,0.6759943,-1.0,1,0,0,0,0,0,0
1416192081,-0.008512848,-0.01207352,-0.022870092,0.0,0.999907,-0.0043250835,-0.0059876028,-0.011460178,0.67715657,-1.0,1,0,0,0,0,0,0
1416393271,-0.00894802,-0.0094747925,-0.022870092,0.0,0.99991316,-0.0045278226,-0.004685863,-0.011455748,0.6755804,-1.0,1,0,0,0,0,0,0
1416497276,-0.008729174,-0.009197506,-0.022870092,0.0,0.9999143,-0.0044168266,-0.004548485,-0.011454638,0.6769758,-1.0,1,0,0,0,0,0,0
1416597403,-0.008262601,-0.0072257947,-0.022870092,0.0,0.9999194,-0.0041723037,-0.0035653822,-0.01144955,0.6800792,-1.0,1,0,0,0,0,0,0
1416696848,-0.008590203,-0.00890487,-0.022870092,0.0,0.9999153,-0.0043456773,-0.004402975,-0.0114537,0.6763323,-1.0,1,0,0,0,0,0,0
1416803082,-0.00820014,-0.00807939,-0.022870092,0.0,0.99991786,-0.004145949,-0.003992503,-0.01145117,0.6748215,-1.0,1,0,0,0,0,0,0
1416906492,-0.00907692,-0.0064088223,-0.022870092,0.0,0.999919,-0.004574766,-0.0031522673,-0.011449163,0.67890245,-1.0,1,0,0,0,0,0,0
1417005663,-0.008695487,-0.0070704785,-0.022870092,0.0,0.99991876,-0.0043878425,-0.0034852524,-0.011449986,0.6802111,-1.0,1,0,0,0,0,0,0
1417107103,-0.009659536,-0.007558413,-0.022870092,0.0,0.9999156,-0.004872613,-0.0037236796,-0.011452833,0.6802768,-1.0,1,0,0,0,0,0,0
1417211147,-0.009441664,-0.010958861,-0.022870092,0.0,0.99990815,-0.00478309,-0.005425003,-0.011460365,0.67888576,-1.0,1,0,0,0,0,0,0
1417310809,-0.008875235,-0.010003758,-0.022870092,0.0,0.999912,-0.0044944524,-0.004950739,-0.011456736,0.67729694,-1.0,1,0,0,0,0,0,0
1417411173,-0.0083236145,-0.010507898,-0.022870092,0.0,0.9999119,-0.0042215427,-0.0052059474,-0.011456406,0.677354,-1.0,1,0,0,0,0,0,0
1417515563,-0.008036328,-0.008973525,-0.022870092,0.0,0.99991626,-0.0040691546,-0.004440472,-0.011452617,0.6786068,-1.0,1,0,0,0,0,0,0
1417615367,-0.0036827014,-0.010828575,-0.022870092,0.0,0.99991816,-0.0019031131,-0.005392843,-0.011444581,0.67890775,-1.0,1,0,0,0,0,0,0
1417716398,0.02086758,-0.0112816105,-0.022870092,0.0,0.99986494,0.010368255,-0.005759404,-0.011375141,0.6819699,-1.0,1,0,0,0,0,0,0
1417819868,0.045462072,-0.012765601,-0.022870092,0.0,0.99965763,0.02265416,-0.006640588,-0.011286545,0.68672633,-1.0,1,0,0,0,0,0,0
1417919292,0.044923637,-0.013727229,-0.022870092,0.0,0.9996606,0.022379467,-0.007118199,-0.011277499,0.68624854,-1.0,1,0,0,0,0,0,0
1418020356,0.039588723,-0.013941751,-0.022870092,0.0,0.999716,0.0197116,-0.0071953223,-0.011294314,0.6812248,-1.0,1,0,0,0,0,0,0
1418124739,0.035929848,-0.014781779,-0.022870092,0.0,0.99974746,0.017877795,-0.007594555,-0.011299879,0.676889,-1.0,1,0,0,0,0,0,0
1418224451,0.03504995,-0.0128979385,-0.022870092,0.0,0.99976164,0.017448837,-0.0066478928,-0.011319798,0.67556137,-1.0,1,0,0,0,0,0,0
1418325118,0.03247171,-0.011021019,-0.022870092,0.0,0.99978864,0.016170831,-0.0056950375,-0.011343658,0.675443,-1.0,1,0,0,0,0,0,0
1418428532,0.031700555,-0.010534525,-0.022870092,0.0,0.9997961,0.015788138,-0.005447467,-0.011349724,0.67978704,-1.0,1,0,0,0,0,0,0
1418529235,0.03137995,-0.010438068,-0.022870092,0.0,0.9997989,0.01562842,-0.0053974283,-0.011351355,0.6795201,-1.0,1,0,0,0,0,0,0
1418629868,0.029582432,-0.012851382,-0.022870092,0.0,0.9998057,0.014715936,-0.006593648,-0.011338276,0.6786051,-1.0,1,0,0,0,0,0,0
1418733370,0.027138054,-0.010785262,-0.022870092,0.0,0.9998289,0.013505869,-0.005546908,-0.011360413,0.6800306,-1.0,1,0,0,0,0,0,0
1418833240,0.024838215,-0.008803635,-0.022870092,0.0,0.9998484,0.012367527,-0.004543181,-0.011379142,0.6790945,-1.0,1,0,0,0,0,0,0
1418934803,0.020248532,-0.0112359,-0.022870092,0.0,0.9998682,0.010059034,-0.005733031,-0.011377158,0.67976665,-1.0,1,0,0,0,0,0,0
1419038726,0.014970255,-0.011926669,-0.022870092,0.0,0.9998893,0.007416249,-0.0060483306,-0.01138964,0.6774562,-1.0,1,0,0,0,0,0,0
1419137666,0.0097745815,-0.010942301,-0.022870092,0.0,0.99990803,0.0048243175,-0.0055265846,-0.0114077525,0.6787816,-1.0,1,0,0,0,0,0,0
1419238365,0.0053045936,-0.0101822475,-0.022870092,0.0,0.9999183,0.0025938703,-0.005121079,-0.011421108,0.6797071,-1.0,1,0,0,0,0,0,0
1419343101,0.0007984959,-0.0058409683,-0.022870092,0.0,0.99993026,0.00036582505,-0.0029248542,-0.011433581,0.68559515,-1.0,1,0,0,0,0,0,0
1419442873,-0.0018572585,-0.005752246,-0.022870092,0.0,0.99993,-0.00096145243,-0.002865311,-0.011437414,0.6797306,-1.0,1,0,0,0,0,0,0
1419543036,-0.0031088893,-0.0024836299,-0.022870092,0.0,0.99993265,-0.0015685409,-0.0012239572,-0.0114367055,0.68118846,-1.0,1,0,0,0,0,0,0
1419646767,-0.006617474,-0.0011141611,-0.022870092,0.0,0.99992895,-0.003314884,-0.0005192064,-0.011436574,0.6798537,-1.0,1,0,0,0,0,0,0
1419748351,-0.008923452,0.0021662335,-0.022870092,0.0,0.9999241,-0.004449032,0.0011340538,-0.011429846,0.6813636,-1.0,1,0,0,0,0,0,0
1419847664,-0.0088435095,0.0015121035,-0.022870092,0.0,0.99992466,-0.004412805,0.0008065565,-0.01143134,0.6777865,-1.0,1,0,0,0,0,0,0
1419951624,-0.009707953,-0.0014722008,-0.022870092,0.0,0.9999225,-0.004862055,-0.0006805395,-0.011438234,0.6809994,-1.0,1,0,0,0,0,0,0
1420051571,-0.011284119,-0.004293498,-0.022870092,0.0,0.99991626,-0.0056661954,-0.0020820575,-0.011446701,0.68051475,-1.0,1,0,0,0,0,0,0
1420151670,-0.010719552,-0.0016584573,-0.022870092,0.0,0.99991983,-0.0053688805,-0.00076787476,-0.011439074,0.6792782,-1.0,1,0,0,0,0,0,0
1420256108,-0.010690389,-0.0036075606,-0.022870092,0.0,0.9999186,-0.005365437,-0.0017425149,-0.011444256,0.672586,-1.0,1,0,0,0,0,0,0
1420356804,-0.016440112,-0.004980461,-0.022870092,0.0,0.9998975,-0.008247876,-0.002395988,-0.011454843,0.67710614,-1.0,1,0,0,0,0,0,0
1420456419,-0.018490586,-0.0042374306,-0.022870092,0.0,0.9998894,-0.009268763,-0.0020127685,-0.011453869,0.677359,-1.0,1,0,0,0,0,0,0
1420557213,-0.020397875,-0.0024511607,-0.022870092,0.0,0.99988174,-0.0102121,-0.0011088154,-0.011446692,0.67541605,-1.0,1,0,0,0,0,0,0
1420661522,-0.01773325,-0.000837861,-0.022870092,0.0,0.99989516,-0.00887072,-0.00031749994,-0.011438061,0.6774736,-1.0,1,0,0,0,0,0,0
1420760852,-0.016909698,-0.0017942534,-0.022870092,0.0,0.9998984,-0.008464451,-0.0008003576,-0.011441968,0.6764138,-1.0,1,0,0,0,0,0,0
1420865258,-0.015291428,0.0013389935,-0.022870092,0.0,0.9999052,-0.007637483,0.0007568597,-0.011429341,0.6792507,-1.0,1,0,0,0,0,0,0
1420965542,-0.011989006,0.0008396603,-0.022870092,0.0,0.9999166,-0.0059892745,0.0004883406,-0.011432075,0.6788493,-1.0,1,0,0,0,0,0,0
1421066870,-0.01054309,-0.00040081254,-0.022870092,0.0,0.99992067,-0.0052734674,-0.00014011162,-0.011435695,0.68153554,-1.0,1,0,0,0,0,0,0
1421169985,-0.009495839,-0.0005397836,-0.022870092,0.0,0.9999233,-0.004750677,-0.00021557986,-0.011435952,0.6803245,-1.0,1,0,0,0,0,0,0
1421270117,-0.005021977,-0.003634668,-0.022870092,0.0,0.9999298,-0.002531598,-0.0017884959,-0.011439305,0.6800474,-1.0,1,0,0,0,0,0,0
1421370359,-0.0048789885,-0.0055288724,-0.022870092,0.0,0.99992776,-0.0024709336,-0.0027363487,-0.011441463,0.68094254,-1.0,1,0,0,0,0,0,0
1421474784,-0.004925045,-0.009689876,-0.022870092,0.0,0.9999197,-0.002517731,-0.004816429,-0.011446559,0.67817175,-1.0,1,0,0,0,0,0,0
1421575109,-0.0030496377,-0.011456236,-0.022870092,0.0,0.9999169,-0.0015901931,-0.0057102703,-0.01144333,0.67687345,-1.0,1,0,0,0,0,0,0
1421675117,-0.0036736818,-0.011655584,-0.022870092,0.0,0.99991584,-0.0019033276,-0.0058063646,-0.011445287,0.677275,-1.0,1,0,0,0,0,0,0
1421779127,-0.0037584163,-0.011222632,-0.022870092,0.0,0.999917,-0.0019432185,-0.0055894214,-0.011445141,0.6781257,-1.0,1,0,0,0,0,0,0
1421878464,0.007836183,-0.016549591,-0.022870092,0.0,0.99989307,0.0038230724,-0.008318897,-0.011401898,0.67711544,-1.0,1,0,0,0,0,0,0
1421980008,0.0058931373,-0.035020504,-0.022870092,0.0,0.9997776,0.002745705,-0.017541822,-0.011381406,0.6792827,-1.0,1,0,0,0,0,0,0
1422079538,0.0029866165,-0.042705234,-0.022870092,0.0,0.9997059,0.0012487257,-0.021366648,-0.011400297,0.67703515,-1.0,1,0,0,0,0,0,0
1422183875,4.7915713e-05,-0.042821825,-0.022870092,0.0,0.99970543,-0.00022085992,-0.021408152,-0.011431663,0.6755059,-1.0,1,0,0,0,0,0,0
1422283756,-0.00069889164,-0.04084318,-0.022870092,0.0,0.99972594,-0.00058285065,-0.02041484,-0.011439548,0.67693233,-1.0,1,0,0,0,0,0,0
1422384641,-0.002419086,-0.036108408,-0.022870092,0.0,0.9997707,-0.0014157012,-0.0180382,-0.01145476,0.675999,-1.0,1,0,0,0,0,0,0
1422488447,-0.0035044658,-0.03465289,-0.022870092,0.0,0.9997827,-0.0019499685,-0.017304383,-0.011463419,0.6784974,-1.0,1,0,0,0,0,0,0
1422588361,-0.0039597554,-0.032002117,-0.022870092,0.0,0.9998043,-0.0021624542,-0.015976662,-0.011464988,0.6741197,-1.0,1,0,0,0,0,0,0
1422692385,0.023440251,-0.018217804,-0.022870092,0.0,0.9998257,0.011614454,-0.009241562,-0.011326791,0.67597616,-1.0,1,0,0,0,0,0,0
1422792906,0.0026918314,-0.026030777,-0.022870092,0.0,0.99984926,0.0011968892,-0.0130295465,-0.011416301,0.6862744,-1.0,1,0,0,0,0,0,0
1422893743,0.004924329,-0.028551709,-0.022870092,0.0,0.9998301,0.0022985146,-0.014302542,-0.011398452,0.6787389,-1.0,1,0,0,0,0,0,0
1422992944,0.004731242,-0.028088162,-0.022870092,0.0,0.9998336,0.0022046454,-0.014069709,-0.011400417,0.6777965,-1.0,1,0,0,0,0,0,0
1423097326,0.004748006,-0.029009055,-0.022870092,0.0,0.999827,0.0022077458,-0.014530173,-0.011399132,0.67736846,-1.0,1,0,0,0,0,0,0
1423197664,0.005599813,-0.030121636,-0.022870092,0.0,0.9998178,0.002627192,-0.015091217,-0.011391291,0.67447984,-1.0,1,0,0,0,0,0,0
1423297700,0.006309275,-0.029277336,-0.022870092,0.0,0.9998231,0.0029867045,-0.014673184,-0.01138734,0.6769339,-1.0,1,0,0,0,0,0,0
1423401669,0.009060443,-0.025247592,-0.022870092,0.0,0.9998454,0.004385203,-0.012674304,-0.011376584,0.68004507,-1.0,1,0,0,0,0,0,0
1423502351,0.006949208,-0.023766672,-0.022870092,0.0,0.99985844,0.003338245,-0.011921938,-0.011392634,0.6791134,-1.0,1,0,0,0,0,0,0
1423606419,0.0056021167,-0.024348684,-0.022870092,0.0,0.999857,0.0026614568,-0.012205224,-0.011399807,0.67546976,-1.0,1,0,0,0,0,0,0
1423706840,0.0055754627,-0.023702044,-0.022870092,0.0,0.99986094,0.002651839,-0.0118817985,-0.011400917,0.6700137,-1.0,1,0,0,0,0,0,0
1423806806,0.0054283147,-0.02310636,-0.022870092,0.0,0.9998646,0.0025816907,-0.011583159,-0.011402638,0.67210674,-1.0,1,0,0,0,0,0,0
1423906499,0.004546251,-0.020046184,-0.022870092,0.0,0.9998821,0.002158251,-0.010048235,-0.01141141,0.67388934,-1.0,1,0,0,0,0,0,0
1424010859,0.0053183245,-0.022144506,-0.022870092,0.0,0.9998702,0.0025322163,-0.011101667,-0.011404617,0.6734623,-1.0,1,0,0,0,0,0,0
1424111691,0.0036676773,-0.02261759,-0.022870092,0.0,0.9998692,0.0017042896,-0.011328763,-0.011413309,0.6752322,-1.0,1,0,0,0,0,0,0
1424212511,0.0006070916,-0.02272847,-0.022870092,0.0,0.99987006,0.00017356142,-0.011366717,-0.01143061,0.6781785,-1.0,1,0,0,0,0,0,0
1424315907,-0.0011800455,-0.023422705,-0.022870092,0.0,0.99986583,-0.0007238576,-0.01170357,-0.011440921,0.67366683,-1.0,1,0,0,0,0,0,0
1424415386,-0.0014956301,-0.024266921,-0.022870092,0.0,0.99986064,-0.0008864512,-0.012123814,-0.0114430245,0.6694942,-1.0,1,0,0,0,0,0,0
1424516494,-0.0015692641,-0.02372128,-0.022870092,0.0,0.99986386,-0.00092014624,-0.01185061,-0.0114432955,0.67455107,-1.0,1,0,0,0,0,0,0
1424620727,-0.0013427984,-0.023585772,-0.022870092,0.0,0.9998648,-0.0008061546,-0.011784161,-0.011441916,0.67616117,-1.0,1,0,0,0,0,0,0
1424720322,-0.0011139693,-0.023494221,-0.022870092,0.0,0.9998654,-0.0006912324,-0.011739701,-0.011440549,0.6738425,-1.0,1,0,0,0,0,0,0
1424820917,-0.0018555028,-0.023426827,-0.022870092,0.0,0.9998655,-0.0010615643,-0.011701767,-0.011444875,0.67435133,-1.0,1,0,0,0,0,0,0
1424925730,0.00089345896,-0.02299363,-0.022870092,0.0,0.9998685,0.00031520988,-0.0115009155,-0.011428904,0.6762479,-1.0,1,0,0,0,0,0,0
1425025203,-0.00031342029,-0.02072927,-0.022870092,0.0,0.9998809,-0.0002752068,-0.01036198,-0.011435806,0.6779781,-1.0,1,0,0,0,0,0,0
1425125548,-0.0027867642,-0.01921952,-0.022870092,0.0,0.99988735,-0.0015031099,-0.009593042,-0.011447647,0.67351073,-1.0,1,0,0,0,0,0,0
1425229256,0.007017091,-0.017366182,-0.022870092,0.0,0.9998911,0.003408889,-0.0087224785,-0.0114038335,0.67566776,-1.0,1,0,0,0,0,0,0
1425328898,0.005586851,-0.015054983,-0.022870092,0.0,0.99990267,0.0027070858,-0.00755884,-0.011413402,0.68066806,-1.0,1,0,0,0,0,0,0
1425430279,0.006632345,-0.013825408,-0.022870092,0.0,0.9999055,0.003236826,-0.006950078,-0.011411538,0.6782272,-1.0,1,0,0,0,0,0,0
1425534339,0.005027707,-0.0133717405,-0.022870092,0.0,0.9999093,0.00243718,-0.0067141065,-0.0114177,0.6820256,-1.0,1,0,0,0,0,0,0
1425634034,0.0047304076,-0.013560036,-0.022870092,0.0,0.99990904,0.0022874651,-0.006806548,-0.011418467,0.6771667,-1.0,1,0,0,0,0,0,0
1425735263,0.0037211536,-0.011293596,-0.022870092,0.0,0.9999171,0.0017958549,-0.005667664,-0.01142409,0.67851454,-1.0,1,0,0,0,0,0,0
1425839151,0.0038155438,-0.008844578,-0.022870092,0.0,0.9999231,0.0018570595,-0.0044437917,-0.011426229,0.6750912,-1.0,1,0,0,0,0,0,0
1425938699,-0.0020496568,-0.02487482,-0.022870092,0.0,0.9998566,-0.0011668974,-0.012424551,-0.011446651,0.6847933,-1.0,1,0,0,0,0,0,0
1426039152,0.0018849323,-0.015353517,-0.022870092,0.0,0.9999048,0.0008545953,-0.007686954,-0.011427221,0.67861253,-1.0,1,0,0,0,0,0,0
1426143883,0.0025008367,-0.014098043,-0.022870092,0.0,0.9999091,0.0011697018,-0.007062794,-0.011425692,0.6747324,-1.0,1,0,0,0,0,0,0
1426247850,0.0029982387,-0.015571796,-0.022870092,0.0,0.9999033,0.0014099462,-0.0078024436,-0.011422766,0.6771423,-1.0,1,0,0,0,0,0,0
1426347645,0.0018410648,-0.017140925,-0.022870092,0.0,0.99989754,0.00082243804,-0.00858032,-0.011426484,0.6763906,-1.0,1,0,0,0,0,0,0
1426451663,0.00048173885,-0.01627997,-0.022870092,0.0,0.9999015,0.00014776767,-0.008142117,-0.011432456,0.6758423,-1.0,1,0,0,0,0,0,0
1426551773,0.0005891343,-0.014001555,-0.022870092,0.0,0.9999101,0.00021448887,-0.0070036305,-0.011432453,0.6783788,-1.0,1,0,0,0,0,0,0
1426652582,-0.0024846748,-0.032449923,-0.022870092,0.0,0.99980205,-0.0014276132,-0.01620897,-0.011453438,0.68678033,-1.0,1,0,0,0,0,0,0
1426752777,-0.0002692691,-0.016180119,-0.022870092,0.0,0.9999019,-0.0002271285,-0.008087903,-0.011435511,0.67722607,-1.0,1,0,0,0,0,0,0
1426856966,0.017897716,-0.017141502,-0.022870092,0.0,0.99985874,0.008849826,-0.008672065,-0.011357227,0.6826191,-1.0,1,0,0,0,0,0,0
1426956447,0.004447727,-0.016667109,-0.022870092,0.0,0.9998976,0.0021283478,-0.008358321,-0.01141584,0.6850156,-1.0,1,0,0,0,0,0,0
1427060609,0.0073478385,-0.014422936,-0.022870092,0.0,0.9999022,0.003591115,-0.0072528953,-0.011407931,0.67783535,-1.0,1,0,0,0,0,0,0
1427161253,0.0054008835,-0.017225329,-0.022870092,0.0,0.9998942,0.0026016792,-0.008642841,-0.0114110755,0.6793129,-1.0,1,0,0,0,0,0,0
1427261127,0.0038167636,-0.016740777,-0.022870092,0.0,0.99989796,0.0018124768,-0.008391549,-0.011418402,0.6784444,-1.0,1,0,0,0,0,0,0
1427361137,0.006269886,-0.017883549,-0.022870092,0.0,0.99989,0.0030323623,-0.008976873,-0.011406253,0.6819597,-1.0,1,0,0,0,0,0,0
1427465344,0.0044702003,-0.019014388,-0.022870092,0.0,0.99988717,0.0021261408,-0.009531963,-0.011413003,0.67690647,-1.0,1,0,0,0,0,0,0
1427565732,0.004519484,0.0032465523,-0.022870092,0.0,0.99993074,0.002278151,0.0015973254,-0.011438421,0.6825299,-1.0,1,0,0,0,0,0,0
1427666496,0.00049747084,-0.015945952,-0.022870092,0.0,0.99990284,0.00015754286,-0.007975213,-0.01143245,0.6857656,-1.0,1,0,0,0,0,0,0
1427770239,-0.0019009801,-0.014230167,-0.022870092,0.0,0.9999088,-0.0010317625,-0.0071036858,-0.011441265,0.68142134,-1.0,1,0,0,0,0,0,0
1427870519,0.00045954352,-0.014330478,-0.022870092,0.0,0.999909,0.00014781849,-0.0071673365,-0.011432857,0.6844967,-1.0,1,0,0,0,0,0,0
1427971049,-0.0016103745,-0.032125693,-0.022870092,0.0,0.9998052,-0.000988698,-0.016051892,-0.011446251,0.68937624,-1.0,1,0,0,0,0,0,0
1428074953,0.0019279878,-0.0298006,-0.022870092,0.0,0.99982333,0.00079344824,-0.014909789,-0.01141916,0.68326354,-1.0,1,0,0,0,0,0,0
1428174813,0.0037825068,-0.024296092,-0.022870092,0.0,0.99985933,0.0017520821,-0.012168555,-0.01141096,0.68090403,-1.0,1,0,0,0,0,0,0
1428275159,0.0044098445,-0.014632468,-0.022870092,0.0,0.9999056,0.0021210585,-0.007340885,-0.011418332,0.6791538,-1.0,1,0,0,0,0,0,0
1428379904,0.004017314,-0.011222928,-0.022870092,0.0,0.99991703,0.0019443271,-0.005634024,-0.011423325,0.6773337,-1.0,1,0,0,0,0,0,0
1428479296,0.0031435585,-0.006961701,-0.022870092,0.0,0.9999274,0.0015318635,-0.0034985843,-0.011429242,0.6798715,-1.0,1,0,0,0,0,0,0
1428579927,0.0012502378,-0.004086075,-0.022870092,0.0,0.99993235,0.00060171494,-0.0020500503,-0.011433493,0.6779906,-1.0,1,0,0,0,0,0,0
1428683816,0.0030435887,-0.006640908,-0.022870092,0.0,0.999928,0.0014837174,-0.0033376282,-0.011429669,0.67964655,-1.0,1,0,0,0,0,0,0
1428784142,0.0009044689,-0.0059380583,-0.022870092,0.0,0.99993014,0.00041825263,-0.0029740012,-0.011433403,0.6751952,-1.0,1,0,0,0,0,0,0
1428884656,0.0012651228,-0.0034145173,-0.022870092,0.0,0.99993294,0.0006129969,-0.0017143792,-0.011433698,0.6795065,-1.0,1,0,0,0,0,0,0
1428988774,0.00028551032,-0.0077060475,-0.022870092,0.0,0.9999272,9.8686345e-05,-0.003854395,-0.011434163,0.67859876,-1.0,1,0,0,0,0,0,0
1429088093,0.00013664472,-0.012419544,-0.022870092,0.0,0.99991536,-2.6904474e-06,-0.0062101074,-0.011434152,0.6783931,-1.0,1,0,0,0,0,0,0
1429189757,0.0005422206,-0.015586509,-0.022870092,0.0,0.9999043,0.00018197096,-0.007795765,-0.011432336,0.6815378,-1.0,1,0,0,0,0,0,0
1429293384,0.0012019589,-0.016566347,-0.022870092,0.0,0.9999002,0.00050620426,-0.008289408,-0.0114294235,0.6756384,-1.0,1,0,0,0,0,0,0
1429392925,0.0018555985,-0.013956838,-0.022870092,0.0,0.99990994,0.00084791984,-0.0069885124,-0.0114280395,0.67752653,-1.0,1,0,0,0,0,0,0
1429597203,0.004397267,-0.01196572,-0.022870092,0.0,0.99991447,0.0021300367,-0.006007559,-0.011421414,0.6750987,-1.0,1,0,0,0,0,0,0
1429798052,0.0060455883,0.034218498,-0.022870092,0.0,0.99978316,0.0032177796,0.017072657,-0.011484782,0.67627025,-1.0,1,0,0,0,0,0,0
1430006331,0.0020750323,0.050808743,-0.022870092,0.0,0.9996112,0.0013275758,0.025388105,-0.011457454,0.6837819,-1.0,1,0,0,0,0,0,0
1430107121,-0.0025589822,0.041744538,-0.022870092,0.0,0.9997163,-0.0010404759,0.020884002,-0.011405596,0.67549497,-1.0,1,0,0,0,0,0,0
1430206488,-0.00585355,0.029595662,-0.022870092,0.0,0.99982136,-0.0027570557,0.014829724,-0.011390191,0.6792698,-1.0,1,0,0,0,0,0,0
1430411166,-0.011659465,0.008300434,-0.022870092,0.0,0.9999093,-0.005781811,0.004216524,-0.011410312,0.6754624,-1.0,1,0,0,0,0,0,0
1430511678,-0.015160869,0.00058930274,-0.022870092,0.0,0.9999058,-0.0075764963,0.00038130354,-0.011432234,0.67975235,-1.0,1,0,0,0,0,0,0
1430615648,-0.014506237,-0.00521544,-0.022870092,0.0,0.99990475,-0.007282374,-0.002524541,-0.011453369,0.67789567,-1.0,1,0,0,0,0,0,0
1431020579,0.009680742,0.014305456,-0.022870092,0.0,0.99989694,0.0049217003,0.007096768,-0.011468992,0.675457,-1.0,1,0,0,0,0,0,0
1431120628,0.0043042866,0.013021504,-0.022870092,0.0,0.99991095,0.0022264037,0.006485656,-0.011448539,0.6773109,-1.0,1,0,0,0,0,0,0
1431224515,0.0010822936,0.0068381084,-0.022870092,0.0,0.9999286,0.0005802043,0.0034126358,-0.011436579,0.67992574,-1.0,1,0,0,0,0,0,0
1431325190,0.029985406,0.022464193,-0.022870092,0.0,0.9997573,0.015118634,0.011058441,-0.011601169,0.6780452,-1.0,1,0,0,0,0,0,0
1431425663,0.012314937,0.00525673,-0.022870092,0.0,0.999912,0.0061870595,0.0025577315,-0.011450725,0.69038767,-1.0,1,0,0,0,0,0,0
1431629404,0.012452696,-0.0013859635,-0.022870092,0.0,0.99991506,0.0062179756,-0.00076411956,-0.011430259,0.6789537,-1.0,1,0,0,0,0,0,0
1431729973,0.009684693,-0.00413671,-0.022870092,0.0,0.9999209,0.0048183496,-0.002123565,-0.011424624,0.6751541,-1.0,1,0,0,0,0,0,0
1431834094,0.007038651,-0.0070781643,-0.022870092,0.0,0.9999223,0.0034785978,-0.003579064,-0.011422199,0.68291,-1.0,1,0,0,0,0,0,0
1432034045,-0.00073026033,-0.018670572,-0.022870092,0.0,0.999891,-0.0004718359,-0.009330365,-0.011437707,0.6726185,-1.0,1,0,0,0,0,0,0
1432138100,-0.00024710307,-0.01754162,-0.022870092,0.0,0.99989617,-0.00022382983,-0.008768711,-0.011435441,0.6748098,-1.0,1,0,0,0,0,0,0
1432240426,0.02056722,-0.0048093796,-0.022870092,0.0,0.9998791,0.010255231,-0.0025219915,-0.011409432,0.6731734,-1.0,1,0,0,0,0,0,0
1432338810,0.02993967,-0.0044002496,-0.022870092,0.0,0.99982053,0.014943106,-0.0023709033,-0.011400555,0.6732532,-1.0,1,0,0,0,0,0,0
1432442808,0.04983257,-0.0065608947,-0.022870092,0.0,0.9996198,0.024874447,-0.0035640907,-0.011349464,0.67682976,-1.0,1,0,0,0,0,0,0
1432543651,0.050390907,-0.0068094535,-0.022870092,0.0,0.99961245,0.025152074,-0.0036914893,-0.011345332,0.6738144,-1.0,1,0,0,0,0,0,0
1432644598,0.041954916,-0.007609337,-0.022870092,0.0,0.9997083,0.020930901,-0.0040434273,-0.0113523975,0.6767715,-1.0,1,0,0,0,0,0,0
1432748314,0.04284005,-0.00666875,-0.022870092,0.0,0.9997005,0.021378746,-0.0035783,-0.011360698,0.6796459,-1.0,1,0,0,0,0,0,0
1432847643,0.036559273,-0.0036987797,-0.022870092,0.0,0.99976623,0.018256249,-0.002057971,-0.011399065,0.67321897,-1.0,1,0,0,0,0,0,0
1432947909,0.032715607,-0.0065429676,-0.022870092,0.0,0.9997961,0.016318517,-0.0034578654,-0.011379697,0.67302763,-1.0,1,0,0,0,0,0,0
1433053115,0.027126156,-0.006559353,-0.022870092,0.0,0.9998378,0.0135242045,-0.0034342401,-0.011389205,0.6759077,-1.0,1,0,0,0,0,0,0
1433156729,0.025506744,-0.007155615,-0.022870092,0.0,0.9998474,0.012711202,-0.0037231026,-0.011388169,0.67184305,-1.0,1,0,0,0,0,0,0
1433256089,0.02425309,-0.0045708776,-0.022870092,0.0,0.9998588,0.012099293,-0.0024237803,-0.011406215,0.6755926,-1.0,1,0,0,0,0,0,0
1433360434,0.025733747,0.00047102803,-0.022870092,0.0,0.9998518,0.01286837,8.835309e-05,-0.011436879,0.67438734,-1.0,1,0,0,0,0,0,0
1433461180,0.026138278,0.0013836678,-0.022870092,0.0,0.9998489,0.013075821,0.0005422909,-0.011442858,0.6754348,-1.0,1,0,0,0,0,0,0
1433561203,0.017111758,-0.016970562,-0.022870092,0.0,0.99986285,0.008457885,-0.008582145,-0.011361375,0.68683076,-1.0,1,0,0,0,0,0,0
1433661681,0.020345723,-0.007590651,-0.022870092,0.0,0.9998761,0.010128552,-0.003911194,-0.011395517,0.6812544,-1.0,1,0,0,0,0,0,0
1433765514,0.004366259,-0.0015914162,-0.022870092,0.0,0.999932,0.0021738855,-0.0008206177,-0.0114330305,0.6862282,-1.0,1,0,0,0,0,0,0
1433866690,0.010329532,-0.0055055744,-0.022870092,0.0,0.9999176,0.005132909,-0.0028116244,-0.011420384,0.68695074,-1.0,1,0,0,0,0,0,0
1433966057,0.010602115,-0.002939973,-0.022870092,0.0,0.9999196,0.005283872,-0.0015304855,-0.011426833,0.6782016,-1.0,1,0,0,0,0,0,0
1434069659,0.013874316,-0.0017403319,-0.022870092,0.0,0.99991024,0.0069266967,-0.00094941235,-0.011428482,0.6762644,-1.0,1,0,0,0,0,0,0
1434170376,0.01704915,0.0044512614,-0.022870092,0.0,0.9998956,0.008549342,0.0021279268,-0.011453323,0.6785134,-1.0,1,0,0,0,0,0,0
1434274390,0.019356383,0.007071908,-0.022870092,0.0,0.99988115,0.009717777,0.0034248838,-0.011468408,0.67830807,-1.0,1,0,0,0,0,0,0
1434374884,0.024191491,0.007045359,-0.022870092,0.0,0.9998548,0.012134862,0.0033838758,-0.011476495,0.6792725,-1.0,1,0,0,0,0,0,0
1434475584,0.025861109,0.0051388703,-0.022870092,0.0,0.99984735,0.012958685,0.002421196,-0.011467025,0.67535776,-1.0,1,0,0,0,0,0,0
1434574807,0.025258143,0.0061162803,-0.022870092,0.0,0.99984974,0.012662817,0.0029132853,-0.01147245,0.6819897,-1.0,1,0,0,0,0,0,0
1434679651,0.021298202,0.0051670955,-0.022870092,0.0,0.9998743,0.010677708,0.002461462,-0.011461621,0.6862968,-1.0,1,0,0,0,0,0,0
1434779948,0.019363679,0.0009977459,-0.022870092,0.0,0.9998876,0.009686758,0.0003881088,-0.01143909,0.68005764,-1.0,1,0,0,0,0,0,0
1434879647,0.017390665,0.0012942194,-0.022870092,0.0,0.9998965,0.008702052,0.0005476148,-0.011439987,0.67891,-1.0,1,0,0,0,0,0,0
1434983321,0.000752923,-0.007211238,-0.022870092,0.0,0.99992806,0.000335205,-0.00360968,-0.011433365,0.6845874,-1.0,1,0,0,0,0,0,0
1435083609,0.013510602,-0.0016507605,-0.022870092,0.0,0.99991155,0.0067453673,-0.0009025522,-0.011428957,0.67610806,-1.0,1,0,0,0,0,0,0
1435184437,0.012215293,-0.0057872687,-0.022870092,0.0,0.999912,0.0060740956,-0.0029632263,-0.011416864,0.6806815,-1.0,1,0,0,0,0,0,0
1435288452,0.036538783,-0.0025400952,-0.022870092,0.0,0.99976724,0.018252647,-0.0014786472,-0.011409678,0.678917,-1.0,1,0,0,0,0,0,0
1435488446,0.013404254,-0.0071813543,-0.022870092,0.0,0.999906,0.006660538,-0.0036669902,-0.011410402,0.67316353,-1.0,1,0,0,0,0,0,0
1435593260,0.013921216,-0.007317325,-0.022870092,0.0,0.999904,0.0069182157,-0.0037379186,-0.01140898,0.6775023,-1.0,1,0,0,0,0,0,0
1435693330,0.011150621,-0.0042399717,-0.022870092,0.0,0.999917,0.005550663,-0.0021835647,-0.011422776,0.67558366,-1.0,1,0,0,0,0,0,0
1435793252,0.010829238,-0.0042842696,-0.022870092,0.0,0.9999178,0.0053897323,-0.0022038764,-0.011423006,0.6738131,-1.0,1,0,0,0,0,0,0
1435897245,0.009134636,-0.0028591105,-0.022870092,0.0,0.9999232,0.0045506526,-0.0014816725,-0.011428138,0.67577636,-1.0,1,0,0,0,0,0,0
1435997984,0.008939112,-0.0022875976,-0.022870092,0.0,0.99992406,0.004456167,-0.0011948205,-0.011429563,0.6773606,-1.0,1,0,0,0,0,0,0
1436097695,0.0081723565,-0.0023973892,-0.022870092,0.0,0.9999256,0.0040721893,-0.0012453303,-0.011429796,0.6792099,-1.0,1,0,0,0,0,0,0
1436202043,0.004809902,-0.0035893049,-0.022870092,0.0,0.9999302,0.0023842661,-0.001822029,-0.01143043,0.67243165,-1.0,1,0,0,0,0,0,0
1436302583,0.0040205284,-0.0032443176,-0.022870092,0.0,0.99993134,0.0019915795,-0.0016450356,-0.011431499,0.674999,-1.0,1,0,0,0,0,0,0
1436402806,0.0058307187,-0.0040381723,-0.022870092,0.0,0.9999284,0.0028920714,-0.0020522806,-0.0114288395,0.6759022,-1.0,1,0,0,0,0,0,0
1436506502,0.0065514324,-0.0037356238,-0.022870092,0.0,0.9999276,0.0032541326,-0.0019051358,-0.011428597,0.6775794,-1.0,1,0,0,0,0,0,0
1436607177,0.007559664,-0.003213205,-0.022870092,0.0,0.99992627,0.0037611998,-0.0016497067,-0.011428629,0.67640483,-1.0,1,0,0,0,0,0,0
1436706829,0.0073363953,-0.000693752,-0.022870092,0.0,0.9999279,0.003663983,-0.00038879595,-0.011433448,0.68020225,-1.0,1,0,0,0,0,0,0
1436807618,0.0089592775,-0.0028336833,-0.022870092,0.0,0.9999237,0.0044631246,-0.0014679579,-0.011428324,0.6767916,-1.0,1,0,0,0,0,0,0
1436911512,0.009614889,-0.005053905,-0.022870092,0.0,0.99992,0.004778201,-0.002581727,-0.011422482,0.67390823,-1.0,1,0,0,0,0,0,0
1437011653,0.012044552,-0.005320275,-0.022870092,0.0,0.99991316,0.0059914067,-0.0027287751,-0.011418532,0.67309916,-1.0,1,0,0,0,0,0,0
1437115847,0.012751139,-0.0053694174,-0.022870092,0.0,0.9999109,0.006344388,-0.0027573784,-0.0114174085,0.67962235,-1.0,1,0,0,0,0,0,0
1437216604,0.020436754,-0.0041463366,-0.022870092,0.0,0.9998805,0.010193807,-0.002189766,-0.011412992,0.6860891,-1.0,1,0,0,0,0,0,0
1437316364,0.018899476,-0.004057285,-0.022870092,0.0,0.9998881,0.009425765,-0.002136472,-0.011415094,0.6805472,-1.0,1,0,0,0,0,0,0
1437420357,0.017717866,-0.005176712,-0.022870092,0.0,0.9998923,0.008828611,-0.002689381,-0.011411383,0.6779176,-1.0,1,0,0,0,0,0,0
1437520341,0.017557772,-0.0025962724,-0.022870092,0.0,0.9998954,0.008763348,-0.0013983842,-0.011422952,0.677626,-1.0,1,0,0,0,0,0,0
1437620759,0.016455654,-0.0006367592,-0.022870092,0.0,0.99990076,0.008223557,-0.00041243047,-0.01143179,0.67939603,-1.0,1,0,0,0,0,0,0
1437721248,0.016187571,-0.000121592675,-0.022870092,0.0,0.9999019,0.008092471,-0.00015334014,-0.01143393,0.68189776,-1.0,1,0,0,0,0,0,0
1437824896,0.015616616,0.0024131858,-0.022870092,0.0,0.99990326,0.00782151,0.0011171916,-0.011443862,0.68128556,-1.0,1,0,0,0,0,0,0
1437925151,0.015973508,0.00048458658,-0.022870092,0.0,0.99990267,0.007988918,0.00015094379,-0.011436368,0.67876345,-1.0,1,0,0,0,0,0,0
1438029559,0.015628353,-0.00038953588,-0.022870092,0.0,0.9999041,0.0078113596,-0.0002841019,-0.011432926,0.67840606,-1.0,1,0,0,0,0,0,0
1438130041,0.014578035,0.0018524824,-0.022870092,0.0,0.99990755,0.007299065,0.00084280834,-0.01144124,0.67975676,-1.0,1,0,0,0,0,0,0
1438333706,0.01414075,0.0011293417,-0.022870092,0.0,0.9999094,0.0070763086,0.00048377214,-0.011438503,0.6780425,-1.0,1,0,0,0,0,0,0
1438434412,0.013529418,-0.00021390017,-0.022870092,0.0,0.9999117,0.0067629926,-0.00018429314,-0.011433812,0.67777824,-1.0,1,0,0,0,0,0,0
1438534484,0.013367059,0.00037132468,-0.022870092,0.0,0.99991226,0.006685165,0.00010922182,-0.011435783,0.67735696,-1.0,1,0,0,0,0,0,0
1438635141,0.019622395,0.002186067,-0.022870092,0.0,0.9998858,0.00982289,0.000980722,-0.011444963,0.6774565,-1.0,1,0,0,0,0,0,0
1438739670,0.015750535,0.004263597,-0.022870092,0.0,0.9999012,0.007899028,0.0020415403,-0.011451202,0.6829271,-1.0,1,0,0,0,0,0,0
1438838739,0.0147292055,0.0036853873,-0.022870092,0.0,0.99990565,0.007385113,0.0017583105,-0.011448038,0.68105584,-1.0,1,0,0,0,0,0,0
1438940088,0.009993557,0.0036195528,-0.022870092,0.0,0.99992037,0.0050171167,0.0017524977,-0.011443676,0.68160325,-1.0,1,0,0,0,0,0,0
1439044126,0.012615866,0.002414171,-0.022870092,0.0,0.9999139,0.006321277,0.0011348529,-0.011442175,0.67906094,-1.0,1,0,0,0,0,0,0
1439143304,0.014172448,0.0025875154,-0.022870092,0.0,0.99990857,0.007100489,0.0012126114,-0.011443668,0.67516,-1.0,1,0,0,0,0,0,0
1439349101,0.015553708,0.004453107,-0.022870092,0.0,0.99990165,0.007801708,0.002137413,-0.011451735,0.6807827,-1.0,1,0,0,0,0,0,0
1439448469,0.013114992,0.004257051,-0.022870092,0.0,0.9999107,0.006581344,0.0020533556,-0.011448482,0.6805967,-1.0,1,0,0,0,0,0,0
1439548698,0.01480209,0.0025755952,-0.022870092,0.0,0.9999063,0.0074152127,0.0012030491,-0.011444005,0.678035,-1.0,1,0,0,0,0,0,0
1439652769,0.015665961,0.0036800893,-0.022870092,0.0,0.99990207,0.007853415,0.0017502994,-0.01144884,0.6828716,-1.0,1,0,0,0,0,0,0
1439753270,0.017021637,0.0040954696,-0.022870092,0.0,0.9998961,0.008533556,0.0019502073,-0.011451786,0.67939675,-1.0,1,0,0,0,0,0,0
1439853539,0.01743334,0.005263575,-0.022870092,0.0,0.9998929,0.008746052,0.002531841,-0.011457262,0.6812557,-1.0,1,0,0,0,0,0,0
1439957514,0.01702569,0.003940098,-0.022870092,0.0,0.9998963,0.008534694,0.0018725062,-0.011451128,0.6757509,-1.0,1,0,0,0,0,0,0
1440057414,0.017107166,0.0052967616,-0.022870092,0.0,0.9998943,0.008583172,0.0025503007,-0.01145699,0.68294317,-1.0,1,0,0,0,0,0,0
1440158095,0.018720135,0.0044375123,-0.022870092,0.0,0.9998881,0.009384666,0.0021114836,-0.011455036,0.68451613,-1.0,1,0,0,0,0,0,0
1440262019,0.01659134,0.0056864335,-0.022870092,0.0,0.9998959,0.00832751,0.0027480717,-0.011457942,0.6805631,-1.0,1,0,0,0,0,0,0
1440362832,0.0164454,0.0049334206,-0.022870092,0.0,0.99989754,0.00825025,0.0023724397,-0.011454656,0.6817792,-1.0,1,0,0,0,0,0,0
1440462052,0.017126122,0.0033688291,-0.022870092,0.0,0.9998964,0.008581645,0.0015863263,-0.011448783,0.6814159,-1.0,1,0,0,0,0,0,0
1440566896,0.0148093235,0.0040938784,-0.022870092,0.0,0.99990493,0.0074275006,0.001962078,-0.0114496155,0.68298185,-1.0,1,0,0,0,0,0,0
1440667149,0.016469399,0.00394024,-0.022870092,0.0,0.9998986,0.00825658,0.0018757622,-0.011450608,0.6835205,-1.0,1,0,0,0,0,0,0
1440766869,0.01616574,0.0059913583,-0.022870092,0.0,0.9998972,0.008116471,0.0029029564,-0.011458585,0.68206924,-1.0,1,0,0,0,0,0,0
1440871627,0.018855881,0.007120892,-0.022870092,0.0,0.9998835,0.009467836,0.0034522433,-0.01146778,0.67744905,-1.0,1,0,0,0,0,0,0
1440971843,0.017181538,0.009034182,-0.022870092,0.0,0.9998871,0.008641663,0.004418382,-0.011473062,0.6757715,-1.0,1,0,0,0,0,0,0
1441071674,0.016573817,0.013005015,-0.022870092,0.0,0.9998785,0.008360449,0.0064070574,-0.011488043,0.67788714,-1.0,1,0,0,0,0,0,0
1441175291,0.014134361,0.010190243,-0.022870092,0.0,0.9998962,0.0071248286,0.0050138296,-0.011470367,0.6759318,-1.0,1,0,0,0,0,0,0
1441275945,0.014964596,0.010756721,-0.022870092,0.0,0.9998917,0.0075431294,0.0052922755,-0.011474552,0.67414486,-1.0,1,0,0,0,0,0,0
1441376321,0.017161293,0.01100646,-0.022870092,0.0,0.9998821,0.008642776,0.005404524,-0.01148142,0.67739373,-1.0,1,0,0,0,0,0,0
1441480518,0.01268873,0.0025249256,-0.022870092,0.0,0.99991363,0.006358338,0.0011898085,-0.011442568,0.68154746,-1.0,1,0,0,0,0,0,0
1441580892,0.013533148,0.00071078015,-0.022870092,0.0,0.9999116,0.0067701433,0.00027798492,-0.011436939,0.67486286,-1.0,1,0,0,0,0,0,0
1441680391,0.016209561,-0.001192808,-0.022870092,0.0,0.99990165,0.008097342,-0.00068902096,-0.011429585,0.6769917,-1.0,1,0,0,0,0,0,0
1441780585,0.016562942,0.0007422765,-0.022870092,0.0,0.9999002,0.008285079,0.00027640542,-0.011437478,0.6766837,-1.0,1,0,0,0,0,0,0
1441885162,0.015877549,0.0004738533,-0.022870092,0.0,0.999903,0.00794088,0.00014612639,-0.011436317,0.6743,-1.0,1,0,0,0,0,0,0
1441985269,0.018122662,0.0030845806,-0.022870092,0.0,0.99989223,0.009078238,0.0014385125,-0.011448287,0.6772456,-1.0,1,0,0,0,0,0,0
1442089247,0.020062376,0.004850714,-0.022870092,0.0,0.9998811,0.010058067,0.0023103717,-0.011458516,0.67930657,-1.0,1,0,0,0,0,0,0
1442190772,0.014404099,-0.0007530967,-0.022870092,0.0,0.9999087,0.0071972106,-0.00045886723,-0.011431788,0.68020886,-1.0,1,0,0,0,0,0,0
1442290024,0.015975466,0.0004154271,-0.022870092,0.0,0.99990267,0.007989501,0.00011635622,-0.011436092,0.6761546,-1.0,1,0,0,0,0,0,0
1442394048,0.016351901,0.0033395158,-0.022870092,0.0,0.9998996,0.0081944065,0.0015761029,-0.01144805,0.6767217,-1.0,1,0,0,0,0,0,0
1442494812,0.015724825,0.0056097386,-0.022870092,0.0,0.9998995,0.0078938585,0.002714692,-0.011456448,0.6784676,-1.0,1,0,0,0,0,0,0
1442594007,0.015570296,0.0038746782,-0.022870092,0.0,0.99990225,0.0078066983,0.0018481321,-0.01144951,0.6796604,-1.0,1,0,0,0,0,0,0
1442694909,0.015386617,0.0029649327,-0.022870092,0.0,0.9999038,0.007709672,0.0013943545,-0.01144585,0.6821425,-1.0,1,0,0,0,0,0,0
1442798463,0.014263356,5.1395023e-06,-0.022870092,0.0,0.99990916,0.007131181,-7.897908e-05,-0.011434525,0.6761152,-1.0,1,0,0,0,0,0,0
1442899106,0.012306757,0.0011553643,-0.022870092,0.0,0.9999155,0.006159542,0.0005072713,-0.011438133,0.67830575,-1.0,1,0,0,0,0,0,0
1442999655,0.009349617,-0.0020497958,-0.022870092,0.0,0.9999232,0.004662764,-0.0010782747,-0.011429876,0.6768193,-1.0,1,0,0,0,0,0,0
1443103622,0.010785846,-0.0004085232,-0.022870092,0.0,0.99992007,0.005390209,-0.00026591198,-0.01143353,0.68270594,-1.0,1,0,0,0,0,0,0
1443203672,0.00995242,-0.001999015,-0.022870092,0.0,0.9999218,0.0049644327,-0.0010563312,-0.011429677,0.6780618,-1.0,1,0,0,0,0,0,0
1443307698,0.011297991,-0.0029875194,-0.022870092,0.0,0.9999177,0.0056315083,-0.0015582321,-0.011426165,0.6765818,-1.0,1,0,0,0,0,0,0
1443407292,0.00948246,-0.0041567753,-0.022870092,0.0,0.9999213,0.004717126,-0.0021324416,-0.01142479,0.67791796,-1.0,1,0,0,0,0,0,0
1443508509,0.011607666,0.004271513,-0.022870092,0.0,0.99991536,0.0058278283,0.002069214,-0.011446972,0.6756743,-1.0,1,0,0,0,0,0,0
1443608134,0.0074220467,-0.0028528275,-0.022870092,0.0,0.9999268,0.0036944575,-0.0014687447,-0.011429413,0.68217665,-1.0,1,0,0,0,0,0,0
1443712622,0.009000057,-0.007561693,-0.022870092,0.0,0.99991757,0.0044564544,-0.0038320082,-0.011417587,0.67653996,-1.0,1,0,0,0,0,0,0
1443812677,0.009417306,-0.008230126,-0.022870092,0.0,0.9999153,0.004661233,-0.004168579,-0.011415199,0.67680013,-1.0,1,0,0,0,0,0,0
1443913202,-0.00462198,-0.0076497192,-0.022870092,0.0,0.99992454,-0.0023545562,-0.0037981647,-0.011443521,0.6826001,-1.0,1,0,0,0,0,0,0
1444117162,-0.05388987,-0.0071025277,-0.022870092,0.0,0.99956423,-0.026980337,-0.0032416645,-0.011526245,0.67996365,-1.0,1,0,0,0,0,0,0
1444217273,-0.050260197,-0.0056473436,-0.022870092,0.0,0.9996141,-0.025157988,-0.0025352656,-0.011502086,0.69366986,-1.0,1,0,0,0,0,0,0
1444322336,-0.06433525,-0.008118671,-0.022870092,0.0,0.9994076,-0.0322061,-0.0036891953,-0.011559334,0.680914,-1.0,1,0,0,0,0,0,0
1444421713,-0.061533257,-0.010588105,-0.022870092,0.0,0.99944556,-0.030819843,-0.004939427,-0.01159207,0.6786967,-1.0,1,0,0,0,0,0,0
1444626408,-0.048855066,-0.01704148,-0.022870092,0.0,0.9995976,-0.024520027,-0.008238252,-0.0116390735,0.6774232,-1.0,1,0,0,0,0,0,0
1444726512,-0.038393687,-0.01767138,-0.022870092,0.0,0.9997094,-0.019294672,-0.008613878,-0.011601836,0.67565566,-1.0,1,0,0,0,0,0,0
1444827032,0.06587345,0.018674985,-0.022870092,0.0,0.9993452,0.033033896,0.008955142,-0.011735564,0.6723554,-1.0,1,0,0,0,0,0,0
1444931186,0.028492702,0.0028173018,-0.022870092,0.0,0.9998319,0.01426103,0.0012455168,-0.011453691,0.7012679,-1.0,1,0,0,0,0,0,0
1445030857,0.026930802,-0.0019887644,-0.022870092,0.0,0.99984366,0.013452737,-0.0011481962,-0.011420367,0.707956,-1.0,1,0,0,0,0,0,0
1445131831,0.012221272,-0.009245755,-0.022870092,0.0,0.99990565,0.0060572727,-0.0046923454,-0.011406215,0.703127,-1.0,1,0,0,0,0,0,0
1445235571,-0.004811238,-0.016363522,-0.022870092,0.0,0.999898,-0.0024989345,-0.008153604,-0.011454062,0.695626,-1.0,1,0,0,0,0,0,0
1445335677,-0.016564056,-0.016011557,-0.022870092,0.0,0.9998675,-0.008372666,-0.007910196,-0.011500338,0.69364333,-1.0,1,0,0,0,0,0,0
1445435582,-0.022327855,-0.021118125,-0.022870092,0.0,0.9998152,-0.0112830745,-0.010429869,-0.011551316,0.702599,-1.0,1,0,0,0,0,0,0
1445540745,-0.022174425,-0.022137873,-0.022870092,0.0,0.9998105,-0.011212142,-0.010940537,-0.011556104,0.7050154,-1.0,1,0,0,0,0,0,0
1445640624,-0.021669788,-0.019516522,-0.022870092,0.0,0.9998271,-0.010945034,-0.00963301,-0.0115393,0.6992839,-1.0,1,0,0,0,0,0,0
1445741188,-0.020353397,-0.01991991,-0.022870092,0.0,0.9998321,-0.010289236,-0.009842264,-0.011534986,0.6979258,-1.0,1,0,0,0,0,0,0
1445845692,-0.022608938,-0.020262025,-0.022870092,0.0,0.9998181,-0.011418745,-0.0100002745,-0.011547993,0.69141644,-1.0,1,0,0,0,0,0,0
1445950570,-0.02284174,-0.016153136,-0.022870092,0.0,0.9998357,-0.011511849,-0.007944838,-0.011525911,0.6904292,-1.0,1,0,0,0,0,0,0
1446053346,-0.022748102,-0.016682612,-0.022870092,0.0,0.99983406,-0.011468039,-0.008210072,-0.011528524,0.69554,-1.0,1,0,0,0,0,0,0
1446152879,-0.021877574,-0.013333206,-0.022870092,0.0,0.99985176,-0.011013837,-0.0065406417,-0.011506777,0.7071306,-1.0,1,0,0,0,0,0,0
1446257227,-0.019128935,-0.01595138,-0.022870092,0.0,0.9998562,-0.009654588,-0.007865357,-0.011510187,0.7082989,-1.0,1,0,0,0,0,0,0
1446358731,-0.019589905,-0.014711962,-0.022870092,0.0,0.9998588,-0.009878,-0.0072430824,-0.011505985,0.7044115,-1.0,1,0,0,0,0,0,0
1446458035,-0.02606259,-0.017712485,-0.022870092,0.0,0.9998092,-0.013130821,-0.008705797,-0.011548773,0.6960866,-1.0,1,0,0,0,0,0,0
1446561989,-0.02937298,-0.018308366,-0.022870092,0.0,0.9997834,-0.0147890495,-0.008984544,-0.0115675125,0.6926017,-1.0,1,0,0,0,0,0,0
1446662139,-0.032479055,-0.017060943,-0.022870092,0.0,0.9997648,-0.01633469,-0.008343005,-0.011571386,0.6966409,-1.0,1,0,0,0,0,0,0
1446762773,0.023046385,0.006473365,-0.022870092,0.0,0.99986255,0.011559132,0.0031044884,-0.0114712715,0.699082,-1.0,1,0,0,0,0,0,0
1446867180,0.017741099,0.003944425,-0.022870092,0.0,0.9998932,0.008892386,0.001870573,-0.011451817,0.70697826,-1.0,1,0,0,0,0,0,0
1446966496,0.013254487,0.0013578868,-0.022870092,0.0,0.9999124,0.006634524,0.0006031034,-0.011439043,0.7088872,-1.0,1,0,0,0,0,0,0
1447067861,0.00863393,-0.0060473443,-0.022870092,0.0,0.9999209,0.004282075,-0.003072805,-0.011421587,0.70345837,-1.0,1,0,0,0,0,0,0
1447167655,-0.0023866573,-0.006419116,-0.022870092,0.0,0.9999287,-0.0012299448,-0.0031956949,-0.011438559,0.69032353,-1.0,1,0,0,0,0,0,0
1447271320,-0.002501278,-0.0059521305,-0.022870092,0.0,0.99992937,-0.0012845818,-0.0029615632,-0.011438461,0.69566506,-1.0,1,0,0,0,0,0,0
1447372321,-0.0016203352,-0.0029207217,-0.022870092,0.0,0.99993324,-0.0008268126,-0.0014510002,-0.011435965,0.704191,-1.0,1,0,0,0,0,0,0
1447475822,0.0028211183,0.0022141016,-0.022870092,0.0,0.999933,0.0014231243,0.0010908475,-0.011436341,0.7084822,-1.0,1,0,0,0,0,0,0
1447576101,0.0051806555,0.0016550693,-0.022870092,0.0,0.9999309,0.0025996175,0.0007978579,-0.011436899,0.7023486,-1.0,1,0,0,0,0,0,0
1447676530,0.0017341699,0.0020970968,-0.022870092,0.0,0.9999337,0.0008790177,0.0010385643,-0.011435695,0.69775766,-1.0,1,0,0,0,0,0,0
1447781106,0.0023065913,0.0018733761,-0.022870092,0.0,0.99993354,0.0011639304,0.0009234384,-0.011435865,0.69235736,-1.0,1,0,0,0,0,0,0
1447884712,-0.0058990964,0.035702564,-0.022870092,0.0,0.99977154,-0.0027447669,0.017882813,-0.0113802785,0.6948835,-1.0,1,0,0,0,0,0,0
1447985281,-0.001570846,0.048082948,-0.022870092,0.0,0.99964553,-0.0005102618,0.024046557,-0.01141261,0.70249516,-1.0,1,0,0,0,0,0,0
1448086260,0.0032661597,0.042336658,-0.022870092,0.0,0.9997089,0.0018746435,0.021146664,-0.011466785,0.70109004,-1.0,1,0,0,0,0,0,0
1448189549,0.0056472737,0.032040864,-0.022870092,0.0,0.9998018,0.003006268,0.015986351,-0.011478515,0.7041525,-1.0,1,0,0,0,0,0,0
1448288860,0.0056209485,0.028965587,-0.022870092,0.0,0.99982536,0.0029755933,0.014449148,-0.011474252,0.6991755,-1.0,1,0,0,0,0,0,0
1448390043,0.0026687705,0.025408411,-0.022870092,0.0,0.99985284,0.0014794559,0.012687764,-0.011450816,0.6911755,-1.0,1,0,0,0,0,0,0
1448494016,0.0029062666,0.024524901,-0.022870092,0.0,0.9998582,0.0015931436,0.0122447135,-0.011451744,0.6976526,-1.0,1,0,0,0,0,0,0
1448593960,0.005883863,0.023311138,-0.022870092,0.0,0.999862,0.0030748106,0.011620854,-0.01146826,0.7045176,-1.0,1,0,0,0,0,0,0
1448694088,0.008742491,0.024369758,-0.022870092,0.0,0.9998502,0.004509948,0.012133684,-0.0114870975,0.70777166,-1.0,1,0,0,0,0,0,0
1448898960,0.020662678,0.018850163,-0.022870092,0.0,0.9998357,0.010437788,0.009305694,-0.011531044,0.70531917,-1.0,1,0,0,0,0,0,0
1448998841,0.024541326,0.023734467,-0.022870092,0.0,0.9997873,0.012404375,0.011724988,-0.011578732,0.6977306,-1.0,1,0,0,0,0,0,0
1449102873,0.02949835,0.02295562,-0.022870092,0.0,0.99975806,0.014877934,0.011306923,-0.011602068,0.70060194,-1.0,1,0,0,0,0,0,0
1449204357,0.03143564,0.01885369,-0.022870092,0.0,0.999765,0.015823226,0.00924521,-0.011581028,0.7124615,-1.0,1,0,0,0,0,0,0
1449303282,0.031301778,0.017557686,-0.022870092,0.0,0.9997721,0.015748994,0.00859813,-0.011570335,0.7084102,-1.0,1,0,0,0,0,0,0
1449407665,0.030503375,0.019679211,-0.022870092,0.0,0.99976826,0.01536186,0.0096632745,-0.011582966,0.70461047,-1.0,1,0,0,0,0,0,0
1449507957,0.028381499,0.01589947,-0.022870092,0.0,0.9998011,0.014279791,0.0077860733,-0.011546085,0.7005306,-1.0,1,0,0,0,0,0,0
1449608303,0.021122327,0.015194317,-0.022870092,0.0,0.9998491,0.010646838,0.0074754055,-0.0115140565,0.6964253,-1.0,1,0,0,0,0,0,0
1449712645,0.022405438,0.01323009,-0.022870092,0.0,0.99984914,0.011277144,0.0064860545,-0.011507929,0.70477545,-1.0,1,0,0,0,0,0,0
1449812962,0.023428196,0.013502676,-0.022870092,0.0,0.99984235,0.011789992,0.00661644,-0.011512829,0.71494174,-1.0,1,0,0,0,0,0,0
1449912405,0.022649664,0.010366731,-0.022870092,0.0,0.9998564,0.011382964,0.005053179,-0.011492606,0.7113937,-1.0,1,0,0,0,0,0,0
1450013417,0.022623945,0.008850769,-0.022870092,0.0,0.99986035,0.011361481,0.0042954516,-0.011484009,0.7065185,-1.0,1,0,0,0,0,0,0
1450117559,0.01885355,0.007995091,-0.022870092,0.0,0.99988174,0.009471654,0.0038893057,-0.011471877,0.70555234,-1.0,1,0,0,0,0,0,0
1450216925,0.010567484,0.009667228,-0.022870092,0.0,0.9999087,0.005338581,0.0047727935,-0.011460043,0.702931,-1.0,1,0,0,0,0,0,0
1450422004,0.013197143,0.008772957,-0.022870092,0.0,0.9999029,0.0066481857,0.00431063,-0.011463381,0.7086854,-1.0,1,0,0,0,0,0,0
1450522076,0.008398287,0.009606437,-0.022870092,0.0,0.99991405,0.004253731,0.0047548274,-0.011454732,0.7077727,-1.0,1,0,0,0,0,0,0
1450623483,0.0012872218,0.0058558476,-0.022870092,0.0,0.99993014,0.00067704613,0.0029203678,-0.01143663,0.70573515,-1.0,1,0,0,0,0,0,0
1450726909,-0.006192611,0.0056070103,-0.022870092,0.0,0.999926,-0.0030640285,0.0028387103,-0.011426017,0.6977983,-1.0,1,0,0,0,0,0,0
1450826836,-0.0036299254,0.007243769,-0.022870092,0.0,0.9999265,-0.0017734158,0.0036423875,-0.011428131,0.6968724,-1.0,1,0,0,0,0,0,0
1450928300,0.0013452714,0.001958571,-0.022870092,0.0,0.9999339,0.0006837893,0.00097152963,-0.011435449,0.7033209,-1.0,1,0,0,0,0,0,0
1451031906,0.004776003,0.0022517168,-0.022870092,0.0,0.9999311,0.0024007154,0.001098475,-0.011437446,0.7102814,-1.0,1,0,0,0,0,0,0
1451130462,0.005651784,-0.0052287388,-0.022870092,0.0,0.9999273,0.002795799,-0.0026464984,-0.011427324,0.70360875,-1.0,1,0,0,0,0,0,0
1451232112,0.0021422082,-0.005577719,-0.022870092,0.0,0.9999302,0.0010391399,-0.0028009198,-0.011431759,0.6973524,-1.0,1,0,0,0,0,0,0
1451335927,0.0011798652,-0.004291523,-0.022870092,0.0,0.9999321,0.00056535634,-0.002152365,-0.011433504,0.6904746,-1.0,1,0,0,0,0,0,0
1451435642,0.0034326392,-0.0022343986,-0.022870092,0.0,0.9999325,0.0017034304,-0.0011367501,-0.011432856,0.6950884,-1.0,1,0,0,0,0,0,0
1451539611,0.004306252,0.0027519534,-0.022870092,0.0,0.99993134,0.0021687155,0.0013512626,-0.0114377225,0.7019141,-1.0,1,0,0,0,0,0,0
1451640766,0.00715539,0.008917131,-0.022870092,0.0,0.9999181,0.0036284,0.004417321,-0.01145056,0.70849293,-1.0,1,0,0,0,0,0,0
1451740303,0.008116612,0.008426803,-0.022870092,0.0,0.9999173,0.0041061724,0.004166674,-0.0114517,0.7052417,-1.0,1,0,0,0,0,0,0
1451840899,0.0055286367,0.008674603,-0.022870092,0.0,0.99992126,0.0028137038,0.0043053785,-0.011446635,0.701415,-1.0,1,0,0,0,0,0,0
1451944444,0.00072492426,0.014187106,-0.022870092,0.0,0.9999094,0.00044354194,0.0070888842,-0.011437079,0.7021704,-1.0,1,0,0,0,0,0,0
1452044878,0.0008501123,0.01346133,-0.022870092,0.0,0.99991184,0.000501982,0.006725313,-0.011437397,0.7017955,-1.0,1,0,0,0,0,0,0
1452146019,0.0025511922,0.012477391,-0.022870092,0.0,0.9999142,0.0013468253,0.0062236562,-0.011442523,0.70910645,-1.0,1,0,0,0,0,0,0
1452249135,0.00036319025,0.011306356,-0.022870092,0.0,0.99991864,0.00024622295,0.0056507015,-0.011435642,0.70697963,-1.0,1,0,0,0,0,0,0
1452350092,0.0040945928,0.011520516,-0.022870092,0.0,0.99991584,0.002112994,0.005736427,-0.0114463745,0.7012567,-1.0,1,0,0,0,0,0,0
1452450718,0.0020203083,0.013425,-0.022870092,0.0,0.99991155,0.0010868206,0.0067004566,-0.011441315,0.70388395,-1.0,1,0,0,0,0,0,0
1452553994,-0.0024354325,0.012265669,-0.022870092,0.0,0.9999151,-0.0011474863,0.0061463146,-0.011427106,0.6960119,-1.0,1,0,0,0,0,0,0
1452653954,-0.0053203027,0.01435137,-0.022870092,0.0,0.9999056,-0.0025778546,0.0072055464,-0.011415375,0.6981568,-1.0,1,0,0,0,0,0,0
1452754822,-0.0005271639,0.01457647,-0.022870092,0.0,0.99990803,-0.00018021898,0.0072907074,-0.011432574,0.7089594,-1.0,1,0,0,0,0,0,0
1452858968,0.0021033047,0.012878072,-0.022870092,0.0,0.9999132,0.0011251902,0.006426542,-0.011441325,0.7056126,-1.0,1,0,0,0,0,0,0
1452958806,0.0011963596,0.014472003,-0.022870092,0.0,0.9999082,0.0006808665,0.0072286245,-0.011438823,0.70305747,-1.0,1,0,0,0,0,0,0
1453059191,-0.00021122015,0.013734969,-0.022870092,0.0,0.99991107,-2.7073002e-05,0.0068681887,-0.011433803,0.70157576,-1.0,1,0,0,0,0,0,0
1453163927,0.00031500016,0.013796214,-0.022870092,0.0,0.99991083,0.00023636382,0.006895799,-0.011435611,0.70019066,-1.0,1,0,0,0,0,0,0
1453263317,-0.002787881,0.016950635,-0.022870092,0.0,0.99989784,-0.0012968867,0.008490593,-0.011422562,0.6961289,-1.0,1,0,0,0,0,0,0
1453363899,-0.0017312099,0.013946716,-0.022870092,0.0,0.99991,-0.0007857889,0.006982741,-0.011428479,0.701253,-1.0,1,0,0,0,0,0,0
1453467699,-0.001765221,0.014016965,-0.022870092,0.0,0.99990976,-0.0008023911,0.0070180558,-0.011428325,0.70902234,-1.0,1,0,0,0,0,0,0
1453567477,-0.0010473656,0.009812697,-0.022870092,0.0,0.99992245,-0.00046753933,0.004911996,-0.011432088,0.7013726,-1.0,1,0,0,0,0,0,0
1453668362,-0.002340853,0.009055004,-0.022870092,0.0,0.9999237,-0.0011185667,0.004540571,-0.011429373,0.706673,-1.0,1,0,0,0,0,0,0
1453772428,-0.0048920955,0.008308261,-0.022870092,0.0,0.9999231,-0.0023983628,0.004181804,-0.011424503,0.6980088,-1.0,1,0,0,0,0,0,0
1453872694,-0.008271877,0.008175089,-0.022870092,0.0,0.9999179,-0.004088882,0.004134524,-0.011417699,0.6906248,-1.0,1,0,0,0,0,0,0
1453972097,-0.009463589,0.0061797984,-0.022870092,0.0,0.9999188,-0.0046961126,0.0031437643,-0.011419995,0.696471,-1.0,1,0,0,0,0,0,0
1454073264,-0.00606898,-0.0012984849,-0.022870092,0.0,0.9999298,-0.00304171,-0.0006144982,-0.011436713,0.70478183,-1.0,1,0,0,0,0,0,0
1454177306,-0.0033012219,-0.025346024,-0.022870092,0.0,0.9998527,-0.0017952791,-0.012652954,-0.01145478,0.7079907,-1.0,1,0,0,0,0,0,0
1454277439,-0.0019550696,-0.076939635,-0.022870092,0.0,0.9991939,-0.0014165333,-0.038446624,-0.011463925,0.71038264,-1.0,1,0,0,0,0,0,0
1454381294,-0.00087231444,-0.07910256,-0.022870092,0.0,0.99915236,-0.0008879305,-0.0395334,-0.011443099,0.7037819,-1.0,1,0,0,0,0,0,0
1454482001,-0.0028401858,-0.07762275,-0.022870092,0.0,0.99917996,-0.0018626185,-0.038782835,-0.011481274,0.69702905,-1.0,1,0,0,0,0,0,0
1454581678,0.00414127,-0.038409833,-0.022870092,0.0,0.9997485,0.001850526,-0.019226111,-0.0113929035,0.6955754,-1.0,1,0,0,0,0,0,0
1454686123,-0.00792306,-0.03824275,-0.022870092,0.0,0.9997431,-0.0041791704,-0.019073518,-0.011508358,0.70770615,-1.0,1,0,0,0,0,0,0
1454786100,0.004484018,-0.0334831,-0.022870092,0.0,0.99979246,0.0020501192,-0.016765263,-0.011395634,0.7088778,-1.0,1,0,0,0,0,0,0
1454886495,0.006463888,-0.031165453,-0.032485485,-0.36274174,0.9997524,0.0029880188,-0.015630541,-0.015551174,0.7074619,-1.0,1,0,0,0,0,0,0
1454987102,0.01584838,-0.027717477,-0.12507288,-1.4479054,0.9981127,0.00708598,-0.014304145,-0.059298024,0.70286155,-1.0,1,0,0,0,0,0,0
1455091851,0.01983447,-0.019071328,-0.2993103,-1.6759709,0.98940414,0.0084331725,-0.010869138,-0.14453454,0.6987068,-1.0,1,0,0,0,0,0,0
1455190750,0.01577287,-0.010620299,-0.37535575,-0.14357194,0.98245287,0.0067588077,-0.0066863284,-0.18626861,0.7042896,-1.0,1,0,0,0,0,0,0
1455291913,0.010899122,-0.009886391,-0.37421682,0.1681606,0.98245734,0.004432722,-0.0058721313,-0.1863423,0.7152463,-1.0,1,0,0,0,0,0,0
1455395837,0.0029028715,-0.007446276,-0.32480028,0.7909772,0.98654264,0.0008233134,-0.003910301,-0.16345535,0.7062582,-1.0,1,0,0,0,0,0,0
1455495630,-0.0052322787,-0.0058098026,-0.18956548,1.5927559,0.9952146,-0.0028872276,-0.002635602,-0.09763534,0.6959716,-1.0,1,0,0,0,0,0,0
1455599616,-0.014501933,-0.0036829056,-0.03233349,0.96804523,0.999815,-0.0072823656,-0.0017126986,-0.017723188,0.6855724,-1.0,1,0,0,0,0,0,0
1455700664,-0.017371465,-0.0061519537,0.002351677,-0.037525367,0.9999568,-0.00868171,-0.0030867686,0.0012298605,0.68658084,-1.0,1,0,0,0,0,0,0
1455800639,-0.011223246,0.010172961,0.001893934,-0.00032230746,0.99997085,-0.005616339,0.0050810594,0.0009761539,0.683953,-1.0,1,0,0,0,0,0,0
1455901200,-0.015222414,0.010752019,0.0018821728,2.718693e-05,0.9999561,-0.007616079,0.0053686635,0.0009818939,0.6811318,-1.0,1,0,0,0,0,0,0
1456004748,-0.018452425,0.00568196,0.0018821545,4.6297257e-07,0.9999529,-0.009228714,0.0028321717,0.00096724334,0.6785706,-1.0,1,0,0,0,0,0,0
1456104870,-0.01760432,0.0017557594,0.0018821602,5.2899742e-09,0.9999604,-0.008802865,0.00086956174,0.00094877015,0.6761573,-1.0,1,0,0,0,0,0,0
1456205494,-0.018431347,0.0055674287,0.0018821602,-2.6754107e-10,0.99995315,-0.009218125,0.0027749187,0.0009666897,0.6747893,-1.0,1,0,0,0,0,0,0
1456309493,-0.010187358,7.0830456e-06,0.0018821602,-5.323409e-12,0.9999866,-0.005093658,-1.2520629e-06,0.00094108586,0.6744231,-1.0,1,0,0,0,0,0,0
1456409238,-0.016002169,0.0036053539,0.0018821602,3.7476336e-14,0.9999659,-0.008002679,0.0017950879,0.00095547154,0.67852646,-1.0,1,0,0,0,0,0,0
1456510798,-0.02402653,0.004869087,0.0018821602,2.4058074e-15,0.9999244,-0.012015225,0.0024230592,0.00097025535,0.6742007,-1.0,1,0,0,0,0,0,0
1456614363,-0.020644102,0.0082734255,0.0018821602,5.737243e-17,0.99993765,-0.010325669,0.0041267658,0.0009837203,0.68038845,-1.0,1,0,0,0,0,0,0
1456714084,-0.019190362,0.0068186373,0.0018821602,1.5410212e-19,0.99994767,-0.009598182,0.0034001241,0.0009737435,0.67527026,-1.0,1,0,0,0,0,0,0
1456814353,-0.027166897,0.008935909,0.0018821602,-1.8822584e-20,0.99989724,-0.013587094,0.0044547427,0.0010016719,0.6772278,-1.0,1,0,0,0,0,0,0
1456919197,-0.031275284,0.0062142033,0.0018821602,-5.776504e-22,0.99987245,-0.015639843,0.0030919998,0.0009895461,0.6762937,-1.0,1,0,0,0,0,0,0
1457018818,-0.02803369,0.0034926285,0.0018821602,-7.86093e-24,0.99989974,-0.014018001,0.0017329506,0.00096546306,0.6771342,-1.0,1,0,0,0,0,0,0
1457119158,-0.027415628,0.0012388097,0.0018821602,1.0916859e-25,0.99990535,-0.013707959,0.0006064466,0.0009494818,0.6802706,-1.0,1,0,0,0,0,0,0
1457223705,-0.027954744,0.0025937178,0.0018821602,1.4826293e-26,0.999901,-0.013978122,0.001283578,0.00095911336,0.67959243,-1.0,1,0,0,0,0,0,0
1457323271,-0.02458536,0.0031567595,0.0018821602,1.4925267e-28,0.99992275,-0.012293836,0.0015666911,0.00096040964,0.6824918,-1.0,1,0,0,0,0,0,0
1457424406,-0.020575715,0.0006630368,0.0018821602,-9.6093274e-30,0.99994653,-0.010287983,0.0003218192,0.0009444406,0.6806464,-1.0,1,0,0,0,0,0,0
1457527677,-0.02705745,0.0007268585,0.0018821602,-1.7643956e-31,0.999908,-0.013528647,0.00035066463,0.0009459103,0.6804332,-1.0,1,0,0,0,0,0,0
1457628502,-0.025624866,0.0030689202,0.0018821602,-2.2324166e-33,0.99991626,-0.012813507,0.0015222759,0.0009606613,0.6786096,-1.0,1,0,0,0,0,0,0
1457728523,-0.02344511,0.00379414,0.0018821602,9.077692e-35,0.999929,-0.0117240455,0.0018859062,0.0009632517,0.68181825,-1.0,1,0,0,0,0,0,0
1457832930,-0.023558905,0.0025153256,0.0018821602,1.9647435e-36,0.99992937,-0.01178035,0.0012464896,0.0009558282,0.67631674,-1.0,1,0,0,0,0,0,0
1457936752,-0.021519156,0.004304469,0.0018821602,2.953103e-38,0.9999393,-0.010761366,0.0021419819,0.00096418,0.6808835,-1.0,1,0,0,0,0,0,0
1458036388,-0.020842124,0.00451283,0.0018821602,-7.69407e-40,0.99994266,-0.010422968,0.002246483,0.0009645403,0.67721915,-1.0,1,0,0,0,0,0,0
1458137721,-0.022358073,0.0031585896,0.0018821602,-2.0495e-41,0.9999358,-0.0111802695,0.0015686746,0.0009586747,0.67980033,-1.0,1,0,0,0,0,0,0
1458341208,-0.02357317,0.0036936614,0.0018821602,1e-44,0.99992836,-0.011788025,0.0018356089,0.00096278026,0.6772341,-1.0,1,0,0,0,0,0,0
1458441727,-0.025553077,0.0027939447,0.0018821602,0.0,0.9999169,-0.012777489,0.0013848338,0.0009588502,0.6781552,-1.0,1,0,0,0,0,0,0
1458546021,-0.025675049,0.0021142443,0.0018821602,0.0,0.99991655,-0.012838154,0.0010449536,0.00095457234,0.67761356,-1.0,1,0,0,0,0,0,0
1458646824,-0.02338816,0.004238602,0.0018821602,0.0,0.9999289,-0.011695778,0.0021081488,0.00096579624,0.6736424,-1.0,1,0,0,0,0,0,0
1458746097,-0.02357338,0.0040040254,0.0018821602,0.0,0.99992806,-0.011788273,0.0019907798,0.00096460927,0.6774819,-1.0,1,0,0,0,0,0,0
1458951189,-0.013753309,0.0065674577,0.0018821602,0.0,0.9999705,-0.0068796505,0.0032771726,0.0009636336,0.6776128,-1.0,1,0,0,0,0,0,0
1459050955,-0.015138462,0.0060355146,0.0018821602,0.0,0.9999663,-0.007571962,0.003010542,0.00096389063,0.6769878,-1.0,1,0,0,0,0,0,0
1459155001,-0.015839983,0.0027614767,0.0018821602,0.0,0.9999672,-0.007921197,0.0013732408,0.00095198484,0.6761398,-1.0,1,0,0,0,0,0,0
1459355266,-0.014148329,0.0007956685,0.0018821602,0.0,0.9999745,-0.007074476,0.0003911668,0.0009438707,0.6738715,-1.0,1,0,0,0,0,0,0
1459559721,-0.011137085,0.045456473,0.0018821602,0.0,0.99972564,-0.00558846,0.022720676,0.0010673738,0.68211883,-1.0,1,0,0,0,0,0,0
1459660428,-0.011753573,0.011725525,0.0018821602,0.0,0.9999651,-0.005882166,0.0058570947,0.0009755013,0.6882691,-1.0,1,0,0,0,0,0,0
1459764431,-0.010166355,0.013488339,0.0018821602,0.0,0.9999639,-0.005089385,0.0067392453,0.00097532774,0.6819576,-1.0,1,0,0,0,0,0,0
1459864738,-0.008869924,0.011878018,0.0018821602,0.0,0.99997205,-0.004440456,0.00593474,0.0009673933,0.67778957,-1.0,1,0,0,0,0,0,0
1459964604,-0.010391101,0.010465715,0.0018821602,0.0,0.99997234,-0.005200378,0.0052278712,0.0009682417,0.68075925,-1.0,1,0,0,0,0,0,0
1460065562,-0.012182024,0.008619836,0.0018821602,0.0,0.9999717,-0.006094971,0.0043040905,0.0009673054,0.6846824,-1.0,1,0,0,0,0,0,0
1460169419,-0.008395248,0.0057785986,0.0018821602,0.0,0.9999865,-0.0042003114,0.0028853184,0.0009531959,0.67968225,-1.0,1,0,0,0,0,0,0
1460269190,-0.010070848,0.0045384797,0.0018821602,0.0,0.9999843,-0.005037524,0.0022644696,0.0009524922,0.681545,-1.0,1,0,0,0,0,0,0
1460373245,-0.026114888,0.03327285,0.0018821602,0.0,0.99977577,-0.013070913,0.016621945,0.0011580823,0.6801067,-1.0,1,0,0,0,0,0,0
1460475148,-0.010711225,0.0024655056,0.0018821602,0.0,0.99998444,-0.005356741,0.0012276944,0.000947668,0.6823035,-1.0,1,0,0,0,0,0,0
1460574032,-0.0039653205,0.0021997008,0.0018821602,0.0,0.99999696,-0.0019836924,0.0010979817,0.00094325823,0.6833129,-1.0,1,0,0,0,0,0,0
1460678280,-0.0014451378,0.0010523596,0.0018821602,0.0,0.99999917,-0.0007230636,0.0005254994,0.00094145973,0.67834926,-1.0,1,0,0,0,0,0,0
1460782085,-0.0010545905,0.002130954,0.0018821602,0.0,0.99999887,-0.0005282974,0.00106498,0.0009416412,0.68022764,-1.0,1,0,0,0,0,0,0
1460883127,-0.000112645794,0.00031195677,0.0018821602,0.0,0.9999996,-5.6469664e-05,0.00015592531,0.0009410888,0.6761853,-1.0,1,0,0,0,0,0,0
1460982496,-0.0037621523,-0.0014815719,0.0018821602,0.0,0.9999975,-0.0018803766,-0.00074255455,0.00093968457,0.673398,-1.0,1,0,0,0,0,0,0
1461086818,-0.009085729,0.0011725735,0.0018821602,0.0,0.9999891,-0.004543398,0.00058200536,0.0009437336,0.6790613,-1.0,1,0,0,0,0,0,0
1461186982,-0.018878285,-0.0014180648,0.0018821602,0.0,0.99995476,-0.009438329,-0.0007178834,0.0009343453,0.6781539,-1.0,1,0,0,0,0,0,0
1461287928,-0.021663222,-0.0029030023,0.0018821602,0.0,0.9999398,-0.010830019,-0.0014616082,0.000925302,0.6781103,-1.0,1,0,0,0,0,0,0
1461391779,-0.026159452,-0.0014663597,0.0018821602,0.0,0.99991375,-0.013078654,-0.0007454255,0.0009314097,0.6839745,-1.0,1,0,0,0,0,0,0
1461491619,-0.027800374,-0.004093714,0.0018821602,0.0,0.9999009,-0.013897779,-0.002059738,0.00091253646,0.6821936,-1.0,1,0,0,0,0,0,0
1461591873,-0.025736013,-0.004093306,0.0018821602,0.0,0.9999147,-0.012865695,-0.002058591,0.00091466453,0.6832042,-1.0,1,0,0,0,0,0,0
1461696496,-0.025309775,-0.002283632,0.0018821602,0.0,0.9999188,-0.012653463,-0.0011536328,0.0009265548,0.68571275,-1.0,1,0,0,0,0,0,0
1461796091,-0.026099078,-0.0029251585,0.0018821602,0.0,0.99991333,-0.013047773,-0.0014747339,0.0009219133,0.6829595,-1.0,1,0,0,0,0,0,0
1461896912,-0.025863167,-0.002792286,0.0018821602,0.0,0.99991494,-0.012929892,-0.0014081945,0.00092294655,0.68030375,-1.0,1,0,0,0,0,0,0
1462001176,-0.022148313,-0.0011368576,0.0018821602,0.0,0.9999381,-0.011073389,-0.0005788151,0.00093472743,0.6823554,-1.0,1,0,0,0,0,0,0
1462101153,-0.023180233,-0.0023929582,0.0018821602,0.0,0.9999317,-0.011588719,-0.0012073049,0.0009271491,0.6845102,-1.0,1,0,0,0,0,0,0
1462201215,-0.013265429,-0.0032473372,0.0018821602,0.0,0.9999763,-0.0066311266,-0.0016298732,0.00093028875,0.67928374,-1.0,1,0,0,0,0,0,0
1462305254,-0.010197204,-0.0015106696,0.0018821602,0.0,0.9999863,-0.005097865,-0.0007601227,0.0009372163,0.68390864,-1.0,1,0,0,0,0,0,0
1462506017,-0.010409352,0.0006165549,0.0018821602,0.0,0.999986,-0.0052049397,0.00030337516,0.00094267173,0.6779432,-1.0,1,0,0,0,0,0,0
1462610052,-0.00282992,-0.0038195641,0.0018821602,0.0,0.9999967,-0.0014131592,-0.0019111099,0.00093837513,0.67890245,-1.0,1,0,0,0,0,0,0
1462710293,-0.0033581543,0.00040878664,0.0018821602,0.0,0.99999815,-0.001679268,0.00020281282,0.0009414219,0.68326306,-1.0,1,0,0,0,0,0,0
1462810021,-0.0005324041,0.0050130114,0.0018821602,0.0,0.9999964,-0.00026855993,0.002506251,0.0009417443,0.6798224,-1.0,1,0,0,0,0,0,0
1462911820,-0.00047169253,0.0006924227,0.0018821602,0.0,0.99999946,-0.00023617197,0.00034598922,0.00094116165,0.6836849,-1.0,1,0,0,0,0,0,0
1463014991,-0.0016723532,-0.0024908981,0.0018821602,0.0,0.9999984,-0.0008350035,-0.0012462349,0.0009400376,0.68392986,-1.0,1,0,0,0,0,0,0
1463114832,0.0012940714,-0.005919364,0.0018821602,0.0,0.999995,0.00064981775,-0.0029590665,0.0009429907,0.6859736,-1.0,1,0,0,0,0,0,0
1463218897,-0.003113386,-0.008078314,0.0018821602,0.0,0.99999017,-0.001552878,-0.0040406054,0.00093478354,0.6785124,-1.0,1,0,0,0,0,0,0
1463319327,-0.004920985,-0.011457193,0.0018821602,0.0,0.99998015,-0.0024550576,-0.0057308604,0.00092696666,0.6817049,-1.0,1,0,0,0,0,0,0
1463419962,-0.005773596,-0.01543694,0.0018821602,0.0,0.99996567,-0.002879443,-0.007721074,0.0009187667,0.6796094,-1.0,1,0,0,0,0,0,0
1463523924,-0.0058841994,-0.010302943,0.0018821602,0.0,0.99998194,-0.0029372075,-0.005154193,0.0009259074,0.6820903,-1.0,1,0,0,0,0,0,0
1463623608,-0.011436889,-0.010347197,0.0018821602,0.0,0.99996984,-0.005713465,-0.00517887,0.00091146736,0.6790195,-1.0,1,0,0,0,0,0,0
1463724769,-0.0232229,-0.005074627,0.0018821602,0.0,0.99992895,-0.01160876,-0.0025480657,0.0009115523,0.68249965,-1.0,1,0,0,0,0,0,0
1463824329,-0.03100234,-0.002026828,0.0018821602,0.0,0.99987894,-0.015499582,-0.001027879,0.000925258,0.6811109,-1.0,1,0,0,0,0,0,0
1464028764,-0.029860066,-0.00040888632,0.0018821602,0.0,0.99988806,-0.01492928,-0.00021847012,0.0009379228,0.6842055,-1.0,1,0,0,0,0,0,0
1464129494,-0.011539261,0.0010358233,0.0018821602,0.0,0.9999828,-0.0057700826,0.0005124731,0.00094405236,0.6805144,-1.0,1,0,0,0,0,0,0
1464233495,-0.010000151,0.0033015278,0.0018821602,0.0,0.9999857,-0.005001599,0.0016460363,0.00094932085,0.6816154,-1.0,1,0,0,0,0,0,0
1464333210,-0.019741772,0.0031390837,0.0018821602,0.0,0.9999496,-0.009872185,0.0015601749,0.0009565255,0.6869271,-1.0,1,0,0,0,0,0,0
1464434836,-0.016499791,-0.0019256021,0.0018821602,0.0,0.9999651,-0.008248887,-0.0009705314,0.00093310454,0.6776158,-1.0,1,0,0,0,0,0,0
1464538373,0.013594352,-0.0010128306,0.0018821602,0.0,0.99997634,0.0067975963,-0.00050000683,0.0009445004,0.68054146,-1.0,1,0,0,0,0,0,0
1464638076,0.027536208,-0.00270396,0.0018821602,0.0,0.99990386,0.013768924,-0.0013388945,0.00095960347,0.68553776,-1.0,1,0,0,0,0,0,0
1464738734,0.024008328,-0.005498755,0.0018821602,0.0,0.9999237,0.012006411,-0.0027378777,0.0009740118,0.6826633,-1.0,1,0,0,0,0,0,0
1464843604,0.02233244,-0.00687845,0.0018821602,0.0,0.9999313,0.011169153,-0.0034284943,0.0009794182,0.6829285,-1.0,1,0,0,0,0,0,0
1464947126,0.018234959,-0.009686565,0.0018821602,0.0,0.9999462,0.009121802,-0.00483448,0.0009851875,0.6768656,-1.0,1,0,0,0,0,0,0
1465046844,0.01703499,-0.014240965,0.0018821602,0.0,0.99993783,0.008523875,-0.0071121464,0.0010016694,0.6705335,-1.0,1,0,0,0,0,0,0
1465150880,0.014615328,-0.018579544,0.0018821602,0.0,0.9999296,0.0073160226,-0.009282511,0.0010088993,0.67194813,-1.0,1,0,0,0,0,0,0
1465252875,0.013641116,-0.020603077,0.0018821602,0.0,0.99992317,0.006829835,-0.010294694,0.0010112687,0.65829384,-1.0,1,0,0,0,0,0,0
1465356677,0.009553417,-0.021082161,0.0018821602,0.0,0.9999326,0.0047863424,-0.010536266,0.0009913676,0.65116274,-1.0,1,0,0,0,0,0,0
1465455647,0.0051412922,-0.019725977,0.0018821602,0.0,0.9999476,0.0025797987,-0.009860371,0.000966385,0.6730708,-1.0,1,0,0,0,0,0,0
1465559616,0.0037761626,-0.014906423,0.0018821602,0.0,0.99997,0.0018950409,-0.0074513494,0.0009551244,0.67858684,-1.0,1,0,0,0,0,0,0
1465660407,0.0026279422,-0.01183713,0.0018821602,0.0,0.99998116,0.0013195169,-0.005917286,0.0009488395,0.6731356,-1.0,1,0,0,0,0,0,0
1465760422,-0.024470022,-0.00055723585,0.0018821602,0.0,0.99992466,-0.012234438,-0.0002901108,0.0009376007,0.68033594,-1.0,1,0,0,0,0,0,0
1465864488,-0.023319326,0.008656578,0.0018821602,0.0,0.99992216,-0.011663358,0.004317007,0.0009914724,0.67250055,-1.0,1,0,0,0,0,0,0
1465964982,-0.029086662,0.010434754,0.0018821602,0.0,0.99988014,-0.014547522,0.005203114,0.0010168427,0.67165613,-1.0,1,0,0,0,0,0,0
1466064993,-0.019375134,0.006723156,0.0018821602,0.0,0.99994695,-0.009690519,0.003352296,0.00097359536,0.6729316,-1.0,1,0,0,0,0,0,0
1466169260,-0.007983636,0.010381663,0.0018821602,0.0,0.9999781,-0.0039966367,0.0051870085,0.0009617805,0.6758379,-1.0,1,0,0,0,0,0,0
1466269384,-0.007845823,0.01468559,0.0018821602,0.0,0.9999649,-0.003929704,0.0073389774,0.0009698522,0.675868,-1.0,1,0,0,0,0,0,0
1466369235,-0.011726388,0.014134933,0.0018821602,0.0,0.9999574,-0.005869662,0.007061765,0.0009824777,0.67925406,-1.0,1,0,0,0,0,0,0
1466473986,-0.015729148,0.00900602,0.0018821602,0.0,0.99995846,-0.007868647,0.0044954526,0.00097645517,0.679076,-1.0,1,0,0,0,0,0,0
1466573756,-0.01519677,0.006642031,0.0018821602,0.0,0.99996513,-0.007601392,0.0033137617,0.0009662817,0.6781967,-1.0,1,0,0,0,0,0,0
1466674766,-0.019098185,0.019840373,0.0018821602,0.0,0.9999047,-0.009557811,0.009910582,0.0010357166,0.68165475,-1.0,1,0,0,0,0,0,0
1466774022,-0.018244784,0.011597109,0.0018821602,0.0,0.99994105,-0.009127566,0.0057896944,0.0009939207,0.6865659,-1.0,1,0,0,0,0,0,0
1466878811,-0.01225668,0.0076606767,0.0018821602,0.0,0.9999734,-0.0061318576,0.003824488,0.00096452876,0.67998886,-1.0,1,0,0,0,0,0,0
1466979494,-0.011706016,0.006427724,0.0018821602,0.0,0.99997723,-0.005855966,0.0032082922,0.00095986953,0.67930907,-1.0,1,0,0,0,0,0,0
1467083118,-0.010899047,0.002664125,0.0018821602,0.0,0.99998385,-0.0054507423,0.0013269134,0.0009483243,0.6787597,-1.0,1,0,0,0,0,0,0
1467183824,-0.012206575,-0.00017977759,0.0018821602,0.0,0.9999809,-0.0061031617,-9.5630734e-05,0.00094051374,0.67635214,-1.0,1,0,0,0,0,0,0
1467283900,-0.011707988,-0.0033154453,0.0018821602,0.0,0.99998105,-0.005852389,-0.0016632018,0.00093135826,0.6777759,-1.0,1,0,0,0,0,0,0
1467383800,-0.011864185,-0.0043516294,0.0018821602,0.0,0.9999796,-0.0059299935,-0.0021813565,0.0009281543,0.67913723,-1.0,1,0,0,0,0,0,0
1467487340,-0.015024121,-0.0047801062,0.0018821602,0.0,0.9999685,-0.007509716,-0.0023970515,0.0009230967,0.683454,-1.0,1,0,0,0,0,0,0
1467588816,-0.017510723,-0.0041502295,0.0018821602,0.0,0.9999591,-0.008753274,-0.002083272,0.00092287373,0.68153155,-1.0,1,0,0,0,0,0,0
1467688441,-0.018681174,-0.002851992,0.0018821602,0.0,0.9999549,-0.009339097,-0.0014347229,0.0009277186,0.6799432,-1.0,1,0,0,0,0,0,0
1467792463,-0.016330656,-0.002441724,0.0018821602,0.0,0.9999655,-0.008164079,-0.0012285047,0.0009310793,0.6785802,-1.0,1,0,0,0,0,0,0
1467892542,-0.017589321,-0.00351075,0.0018821602,0.0,0.99995935,-0.008792879,-0.0017635819,0.00092560437,0.6790713,-1.0,1,0,0,0,0,0,0
1467994074,-0.021506248,-0.0041675163,0.0018821602,0.0,0.99993956,-0.010750929,-0.0020937545,0.000918617,0.68102217,-1.0,1,0,0,0,0,0,0
1468097528,-0.019741552,-0.0031862555,0.0018821602,0.0,0.9999495,-0.0098691005,-0.001602338,0.0009253078,0.6802086,-1.0,1,0,0,0,0,0,0
1468197163,-0.021182045,-0.0013900633,0.0018821602,0.0,0.9999432,-0.010590165,-0.0007049592,0.00093366596,0.68331504,-1.0,1,0,0,0,0,0,0
1468301426,-0.020454459,-0.0022773258,0.0018821602,0.0,0.9999466,-0.010225968,-0.0011482273,0.000929385,0.6803394,-1.0,1,0,0,0,0,0,0
1468402684,-0.0178781,0.00020091265,0.0018821602,0.0,0.9999596,-0.008939022,9.204001e-05,0.00094194035,0.67872953,-1.0,1,0,0,0,0,0,0
1468502016,-0.018028976,0.0008027293,0.0018821602,0.0,0.9999589,-0.009014739,0.0003928649,0.00094465964,0.6792505,-1.0,1,0,0,0,0,0,0
1468601962,-0.019141609,0.000342324,0.0018821602,0.0,0.9999537,-0.009570816,0.00016214735,0.00094267505,0.6793794,-1.0,1,0,0,0,0,0,0
1468707136,-0.019253438,0.0013547563,0.0018821602,0.0,0.999953,-0.009627202,0.0006682871,0.000947557,0.6767393,-1.0,1,0,0,0,0,0,0
1468811523,-0.020373154,4.1871035e-06,0.0018821602,0.0,0.99994767,-0.010186398,-7.4927766e-06,0.00094105245,0.67557544,-1.0,1,0,0,0,0,0,0
1468910818,-0.023385981,0.021209706,0.0018821602,0.0,0.99987483,-0.011702041,0.010592922,0.00106496,0.6769685,-1.0,1,0,0,0,0,0,0
1469014535,-0.019706115,0.0028104186,0.0018821602,0.0,0.99995,-0.009854209,0.0013958677,0.00095487875,0.6840645,-1.0,1,0,0,0,0,0,0
1469115235,-0.015889991,0.003934649,0.0018821602,0.0,0.9999661,-0.007946745,0.0019597833,0.00095667876,0.6785081,-1.0,1,0,0,0,0,0,0
1469215685,-0.015060627,0.0019759175,0.0018821602,0.0,0.9999707,-0.007531165,0.0009808434,0.00094849244,0.6799556,-1.0,1,0,0,0,0,0,0
1469316642,-0.012968416,0.0031130477,0.0018821602,0.0,0.9999773,-0.0064856173,0.0015503877,0.00095115183,0.67900574,-1.0,1,0,0,0,0,0,0
1469420450,-0.010960563,-0.000570728,0.0018821602,0.0,0.9999845,-0.005479982,-0.0002905169,0.000939502,0.67886245,-1.0,1,0,0,0,0,0,0
1469519640,-0.008898013,0.0027931945,0.0018821602,0.0,0.9999887,-0.0044503,0.0013923954,0.00094728323,0.6806345,-1.0,1,0,0,0,0,0,0
1469621161,-0.007574959,0.0024664986,0.0018821602,0.0,0.9999916,-0.0037886268,0.0012296754,0.0009457434,0.68144447,-1.0,1,0,0,0,0,0,0
1469726080,-0.0075404784,0.0047090566,0.0018821602,0.0,0.9999897,-0.003772434,0.0023509606,0.0009499479,0.6810929,-1.0,1,0,0,0,0,0,0
1469829132,-0.0068317964,0.0034196316,0.0018821602,0.0,0.99999225,-0.0034174942,0.0017065897,0.0009469136,0.6796517,-1.0,1,0,0,0,0,0,0
1469928101,-0.0022725803,0.008257086,0.0018821602,0.0,0.9999904,-0.001140165,0.0041274577,0.00094576256,0.68353945,-1.0,1,0,0,0,0,0,0
1470033212,6.521783e-05,0.011398606,0.0018821602,0.0,0.9999833,2.7244896e-05,0.0056993,0.0009408789,0.6824098,-1.0,1,0,0,0,0,0,0
1470133162,-0.0022502597,0.0103748245,0.0018821602,0.0,0.99998546,-0.0011299957,0.0051863245,0.0009469032,0.6816345,-1.0,1,0,0,0,0,0,0
1470233532,-0.0048111514,0.012911093,0.0018821602,0.0,0.9999758,-0.0024115972,0.0064532165,0.0009565869,0.6843747,-1.0,1,0,0,0,0,0,0
1470337700,-0.0055867424,0.012314447,0.0018821602,0.0,0.9999767,-0.002799108,0.00615453,0.0009582579,0.6841087,-1.0,1,0,0,0,0,0,0
1470438020,-0.002554714,0.012505667,0.0018821602,0.0,0.9999792,-0.0012832156,0.006251583,0.0009490479,0.6818679,-1.0,1,0,0,0,0,0,0
1470537998,-0.0038737638,0.012348203,0.0018821602,0.0,0.9999786,-0.0019426534,0.0061722253,0.0009530187,0.6815109,-1.0,1,0,0,0,0,0,0
1470642007,-0.0024866704,0.0049375063,0.0018821602,0.0,0.9999957,-0.001245654,0.0024675776,0.00094414584,0.68201643,-1.0,1,0,0,0,0,0,0
1470742816,0.00015822439,-0.00013405636,0.0018821602,0.0,0.9999995,7.917523e-05,-6.69537e-05,0.0009410853,0.68204194,-1.0,1,0,0,0,0,0,0
1470843206,2.6366632e-05,-0.016002608,0.0018821602,0.0,0.9999675,2.0712674e-05,-0.008001203,0.00094115536,0.68361694,-1.0,1,0,0,0,0,0,0
1470947117,0.00058966357,-0.015659772,0.0018821602,0.0,0.9999689,0.00030219107,-0.007829525,0.00094335957,0.6810395,-1.0,1,0,0,0,0,0,0
1471046829,0.00030583586,-0.012768715,0.0018821602,0.0,0.9999792,0.00015892289,-0.006384167,0.0009420372,0.6840374,-1.0,1,0,0,0,0,0,0
1471147945,0.00021159172,-0.017329473,0.0018821602,0.0,0.999962,0.000113945964,-0.008664525,0.00094196136,0.6838146,-1.0,1,0,0,0,0,0,0
1471252401,0.00051278394,-0.01985063,0.0018821602,0.0,0.99995023,0.00026571957,-0.009924906,0.0009435784,0.68400604,-1.0,1,0,0,0,0,0,0
1471356288,-0.00037561092,-0.021084148,0.0018821602,0.0,0.999944,-0.0001778742,-0.01054205,0.0009390479,0.6817086,-1.0,1,0,0,0,0,0,0
1471455284,-0.003435535,-0.005943321,0.0018821602,0.0,0.9999937,-0.0017149617,-0.002973267,0.00093596976,0.6767651,-1.0,1,0,0,0,0,0,0
1471556382,-0.0054280623,-0.0070814467,0.0018821602,0.0,0.9999896,-0.0027106775,-0.0035432554,0.000931461,0.67364603,-1.0,1,0,0,0,0,0,0
1471660933,-0.008792901,-0.01279409,0.0018821602,0.0,0.9999695,-0.0043903245,-0.0064010737,0.00091292756,0.67962587,-1.0,1,0,0,0,0,0,0
1471760090,-0.009822715,-0.011701875,0.0018821602,0.0,0.99997044,-0.004905745,-0.0058554527,0.00091231667,0.6788982,-1.0,1,0,0,0,0,0,0
1471860689,-0.010568265,-0.009675158,0.0018821602,0.0,0.99997395,-0.0052794907,-0.0048424634,0.00091549376,0.6746648,-1.0,1,0,0,0,0,0,0
1471965294,-0.014662992,-0.010706702,0.0018821602,0.0,0.9999584,-0.0073262844,-0.0053600785,0.00090179365,0.6758746,-1.0,1,0,0,0,0,0,0
1472065473,-0.010085214,-0.009451621,0.0018821602,0.0,0.9999757,-0.0050380793,-0.004730476,0.00091722724,0.67260283,-1.0,1,0,0,0,0,0,0
1472164905,-0.010690399,-0.016591365,0.0018821602,0.0,0.99995095,-0.0053371815,-0.008300495,0.0008966929,0.6731278,-1.0,1,0,0,0,0,0,0
1472269285,-0.012513375,-0.017065434,0.0018821602,0.0,0.9999436,-0.0062483866,-0.008538331,0.0008876418,0.675115,-1.0,1,0,0,0,0,0,0
1472370562,-0.012958237,-0.018607633,0.0018821602,0.0,0.9999353,-0.0064700344,-0.0093095815,0.0008807403,0.66520655,-1.0,1,0,0,0,0,0,0
1472469695,-0.007104851,-0.0018148419,0.0018821602,0.0,0.99999285,-0.0035515612,-0.00091075775,0.00093785004,0.66228557,-1.0,1,0,0,0,0,0,0
1472574080,-0.007654201,0.0031635982,0.0018821602,0.0,0.999991,-0.003828573,0.0015781844,0.00094712566,0.664745,-1.0,1,0,0,0,0,0,0
1472675125,-0.009608687,0.0032069322,0.0018821602,0.0,0.9999867,-0.0048058266,0.001598925,0.00094877154,0.6627388,-1.0,1,0,0,0,0,0,0
1472774855,-0.012050953,-0.007922491,0.0018821602,0.0,0.9999736,-0.0060216617,-0.0039668316,0.00091718737,0.65338695,-1.0,1,0,0,0,0,0,0
1472878834,-0.015339167,-0.010319918,0.0018821602,0.0,0.9999569,-0.0076645473,-0.0051669995,0.00090146565,0.6529901,-1.0,1,0,0,0,0,0,0
1472978755,-0.017404664,-0.010713376,0.0018821602,0.0,0.99994737,-0.008697053,-0.0053646467,0.000894416,0.64874107,-1.0,1,0,0,0,0,0,0
1473079326,-0.021110192,-0.0064865416,0.0018821602,0.0,0.9999386,-0.010551789,-0.0032530162,0.0009067902,0.649806,-1.0,1,0,0,0,0,0,0
1473183645,-0.020284075,-0.0047542253,0.0018821602,0.0,0.99994534,-0.010139595,-0.0023865316,0.00091692066,0.6398306,-1.0,1,0,0,0,0,0,0
1473284929,-0.01938849,-0.0043825163,0.0018821602,0.0,0.9999502,-0.009692005,-0.0022002754,0.0009197911,0.64445275,-1.0,1,0,0,0,0,0,0
1473383514,-0.015970532,-0.0030678934,0.0018821602,0.0,0.9999665,-0.007983725,-0.0015414113,0.0009288,0.64994305,-1.0,1,0,0,0,0,0,0
1473485387,-0.013476215,-0.0028017636,0.0018821602,0.0,0.99997586,-0.0067367293,-0.0014071901,0.00093161856,0.64652103,-1.0,1,0,0,0,0,0,0
1473588880,-0.0064877826,-0.00026290226,0.0018821602,0.0,0.9999943,-0.0032437604,-0.00013450313,0.00094064866,0.62842786,-1.0,1,0,0,0,0,0,0
1473688052,-0.0014500819,0.002664954,0.0018821602,0.0,0.9999984,-0.000726294,0.0013317933,0.00094204507,0.64507014,-1.0,1,0,0,0,0,0,0
1473792440,0.0037447521,0.0065537593,0.0018821602,0.0,0.99999243,0.0018692804,0.0032786285,0.0009349378,0.6388468,-1.0,1,0,0,0,0,0,0
1473893565,0.0149398185,0.0073230932,0.0018821602,0.0,0.99996495,0.007466341,0.0036684643,0.00091369625,0.6400836,-1.0,1,0,0,0,0,0,0
1473993190,0.012731286,0.008568295,0.0018821602,0.0,0.99997014,0.0063615083,0.0042900364,0.0009137813,0.634312,-1.0,1,0,0,0,0,0,0
1474093547,0.004098146,0.008914587,0.0018821602,0.0,0.99998754,0.0020448558,0.004459196,0.00093193544,0.62798864,-1.0,1,0,0,0,0,0,0
1474197324,-0.009460639,0.009963369,0.0018821602,0.0,0.9999759,-0.004734929,0.004977154,0.00096462265,0.6247483,-1.0,1,0,0,0,0,0,0
1474297713,-0.00999814,0.01904881,0.0018821602,0.0,0.9999417,-0.005007783,0.009519434,0.0009886378,0.6194368,-1.0,1,0,0,0,0,0,0
1474398335,0.0003751737,0.0041706483,0.0018821602,0.0,0.9999974,0.00018562387,0.0020854978,0.0009406867,0.6286408,-1.0,1,0,0,0,0,0,0
1474502171,0.004337028,-0.0039651734,0.0018821602,0.0,0.99999523,0.0021703728,-0.0019805392,0.00094537524,0.6242432,-1.0,1,0,0,0,0,0,0
1474602024,-0.0065066083,-0.006382951,0.0018821602,0.0,0.99998915,-0.003250277,-0.0031945135,0.00093068735,0.61267203,-1.0,1,0,0,0,0,0,0
1474702834,-0.011356694,-0.0053245416,0.0018821602,0.0,0.9999799,-0.0056757885,-0.0026675675,0.0009259444,0.61039215,-1.0,1,0,0,0,0,0,0
1474806776,-0.0061698505,-0.013632803,0.0018821602,0.0,0.99997157,-0.0030784325,-0.0068192165,0.0009200258,0.60576886,-1.0,1,0,0,0,0,0,0
1474907642,-0.0028005259,-0.01900673,0.0018821602,0.0,0.99995345,-0.0013912552,-0.009504527,0.0009277297,0.6024954,-1.0,1,0,0,0,0,0,0
1475007615,-0.0064935656,-0.015835555,0.0018821602,0.0,0.999963,-0.003239223,-0.007920706,0.0009153386,0.59692866,-1.0,1,0,0,0,0,0,0
1475111689,-0.009520506,-0.0145324,0.0018821602,0.0,0.99996185,-0.0047532693,-0.007270531,0.00090645597,0.59105635,-1.0,1,0,0,0,0,0,0
1475211909,-0.009885508,-0.014989812,0.0018821602,0.0,0.9999593,-0.00493554,-0.0074993926,0.00090399716,0.58044714,-1.0,1,0,0,0,0,0,0
1475311390,-0.0159586,-0.009482516,0.0018821602,0.0,0.99995655,-0.007974661,-0.0047485963,0.0009032081,0.31671062,-1.0,1,0,0,0,0,0,0
1475416448,-0.0010898884,-0.13619207,0.0011873876,-0.030634707,0.99768203,-0.00050010637,-0.068043746,0.0006018323,0.16869023,-1.0,1,0,0,0,0,0,0
1475516982,-0.043655187,0.021748314,-0.06640715,-1.1283807,0.99924034,-0.021481141,0.011535101,-0.030400611,0.1,-1.0,1,0,0,0,0,0,0
1475616480,-0.0047225417,-0.11512112,-0.20753002,-1.6891203,0.9932837,-0.00812092,-0.05700131,-0.10036163,0.100073,-1.0,1,0,0,0,0,0,0
1475720092,0.023282168,-0.11626607,-0.45578355,-3.0183437,0.97366214,-0.00151832,-0.059227806,-0.22016308,0.10007042,-1.0,1,0,0,0,0,0,0
1475821247,0.0,-0.0,-0.7959843,-3.4906585,0.9245768,0.0,-0.0,-0.38099566,0.1,-1.0,1,0,0,0,0,0,0
1475921426,0.0,-0.0,-0.90763307,-3.4906287,0.89878047,0.0,-0.0,-0.438399,0.1,-1.0,1,0,0,0,0,0,0
1476025543,0.0,-0.0,-0.90763307,-3.4906528,0.89878047,0.0,-0.0,-0.438399,0.1,-1.0,1,0,0,0,0,0,0
1476125222,0.0,-0.0,-0.90763307,-3.4906585,0.89878047,0.0,-0.0,-0.438399,0.1,-1.0,1,0,0,0,0,0,0
1476226109,0.0,-0.0,-0.90763307,-3.4906585,0.89878047,0.0,-0.0,-0.438399,0.1,-1.0,1,0,0,0,0,0,0
1476330380,0.0,-0.0,-0.90763307,-3.4906585,0.89878047,0.0,-0.0,-0.438399,0.1,-1.0,1,0,0,0,0,0,0
1476429728,-0.0,-0.0,-0.042313505,-3.4906585,0.99977505,-0.0,0.0,-0.021211477,0.1,-1.0,1,0,0,0,0,0,0
1476530695,-0.0,-0.0,-0.042219825,-3.4906585,0.99977833,-0.0,0.0,-0.021056222,0.1,-1.0,1,0,0,0,0,0,0
1476630818,-0.0,-0.0,-0.042498123,-3.4906585,0.9997738,-0.0,0.0,-0.021268629,0.1,-1.0,1,0,0,0,0,0,0
1476734499,-0.0,-0.0,-0.042757384,-3.4906585,0.9997735,-0.0,0.0,-0.021285439,0.1,-1.0,1,0,0,0,0,0,0
1476835155,-0.0,-0.0,-0.042785276,-3.4906585,0.99977016,-0.0,0.0,-0.021440238,0.1,-1.0,1,0,0,0,0,0,0
1476935619,-0.0,-0.0,-0.04301627,-3.4906585,0.9997691,-0.0,0.0,-0.02149107,0.1,-1.0,1,0,0,0,0,0,0
1477039678,-0.0,-0.0,-0.043195207,-3.4906585,0.9997674,-0.0,0.0,-0.02156777,0.1,-1.0,1,0,0,0,0,0,0
1477139853,-0.0,-0.0,-0.043429893,-3.4906585,0.99976397,-0.0,0.0,-0.021726346,0.1,-1.0,1,0,0,0,0,0,0
1477239889,-0.0,-0.0,-0.04354796,-3.4906585,0.99976325,-0.0,0.0,-0.021759678,0.1,-1.0,1,0,0,0,0,0,0
1477344331,-0.0,-0.0,-0.043578226,-3.4906585,0.9997625,-0.0,0.0,-0.021796212,0.1,-1.0,1,0,0,0,0,0,0
1477444670,-0.0,-0.0,-0.043753706,-3.4906585,0.999761,-0.0,0.0,-0.02186344,0.1,-1.0,1,0,0,0,0,0,0
