timestamp,timestamp_sample,control[0],control[1],control[2],control[3],control[4],control[5],control[6],control[7]
1398989227,1398989039,0.002833034,-0.029842585,0.035523035,0.6834507,0.0,0.0,0.0,-1.0
1399093230,1399093039,0.010217006,-0.039950218,0.03387074,0.6778786,0.0,0.0,0.0,-1.0
1402174933,1402174639,-0.000721324,-0.042981595,0.027363775,0.67940223,0.0,0.0,0.0,-1.0
1402278827,1402278638,0.00023998457,-0.029993447,0.023568869,0.6774213,0.0,0.0,0.0,-1.0
1402378976,1402378639,-0.0014222472,-0.048243552,0.025804428,0.6734689,0.0,0.0,0.0,-1.0
1402478825,1402478639,-0.00035287163,-0.024816051,0.027469102,0.6799924,0.0,0.0,0.0,-1.0
1402583623,1402583440,0.00063478516,-0.04621711,0.022773841,0.67311525,0.0,0.0,0.0,-1.0
1402683629,1402683441,-0.0030568207,-0.016188264,0.021872874,0.6802155,0.0,0.0,0.0,-1.0
1402887627,1402887438,-0.0043849265,-0.027761538,0.02418101,0.67920065,0.0,0.0,0.0,-1.0
1403088381,1403088238,-0.0018979611,-0.032069188,0.023517294,0.6797919,0.0,0.0,0.0,-1.0
1403292382,1403292238,-0.0016421586,-0.024586616,0.025431497,0.6821247,0.0,0.0,0.0,-1.0
1403392487,1403392239,0.001952705,-0.030489571,0.024017377,0.6800185,0.0,0.0,0.0,-1.0
1403497224,1403497038,-0.0057822224,-0.023447152,0.027370544,0.680073,0.0,0.0,0.0,-1.0
1403597227,1403597038,-0.004969492,-0.030840944,0.025414301,0.6811899,0.0,0.0,0.0,-1.0
1403697261,1403697058,0.0037073167,-0.03881402,0.027376551,0.6761564,0.0,0.0,0.0,-1.0
1403801231,1403801038,-0.0036417658,-0.034518257,0.031169953,0.6793026,0.0,0.0,0.0,-1.0
1404002021,1404001838,0.005522239,-0.013672485,0.029206423,0.67725927,0.0,0.0,0.0,-1.0
1404105982,1404105838,0.0049631307,-0.032337528,0.03361674,0.67831427,0.0,0.0,0.0,-1.0
1404206031,1404205841,0.0040098433,-0.013882972,0.032269813,0.6817789,0.0,0.0,0.0,-1.0
1404306821,1404306639,0.002612317,-0.03681298,0.030467482,0.6805232,0.0,0.0,0.0,-1.0
1404410820,1404410638,0.0017060845,-0.021736734,0.033976406,0.6816475,0.0,0.0,0.0,-1.0
1404510830,1404510638,0.0044045853,-0.03208836,0.035940044,0.67986333,0.0,0.0,0.0,-1.0
1404610829,1404610638,0.0022648321,-0.025076265,0.03666126,0.68379384,0.0,0.0,0.0,-1.0
1404714828,1404714639,0.0061978074,-0.025510207,0.035458677,0.6776714,0.0,0.0,0.0,-1.0
1404815628,1404815440,0.002413454,-0.023840168,0.035311554,0.68201965,0.0,0.0,0.0,-1.0
1404915623,1404915440,0.0025190208,-0.03935267,0.035614006,0.67790276,0.0,0.0,0.0,-1.0
1405119620,1405119438,0.0044775545,-0.027165955,0.032434415,0.6799795,0.0,0.0,0.0,-1.0
1405324431,1405324238,0.003896594,-0.015526752,0.03589971,0.6816504,0.0,0.0,0.0,-1.0
1405424425,1405424238,0.008347025,-0.020311391,0.032261778,0.6794843,0.0,0.0,0.0,-1.0
1405524423,1405524239,0.0038813422,-0.03675964,0.031642966,0.6775972,0.0,0.0,0.0,-1.0
1405628624,1405628241,0.0039231665,-0.027371384,0.029334497,0.68051064,0.0,0.0,0.0,-1.0
1405729307,1405729038,0.0046661757,-0.020778216,0.030611476,0.6822552,0.0,0.0,0.0,-1.0
1405829246,1405829039,0.006816681,-0.034720503,0.027011244,0.67945904,0.0,0.0,0.0,-1.0
1405933182,1405933038,0.0054667066,-0.025309723,0.026423188,0.6810371,0.0,0.0,0.0,-1.0
1406033231,1406033038,0.00019450655,-0.040026385,0.027397407,0.68077624,0.0,0.0,0.0,-1.0
1406133976,1406133838,0.0046454854,-0.04252941,0.02758684,0.67892337,0.0,0.0,0.0,-1.0
1406238048,1406237839,0.0022594344,-0.04362252,0.025000531,0.68034106,0.0,0.0,0.0,-1.0
1406337976,1406337838,0.0017800144,-0.041644152,0.03115647,0.6803504,0.0,0.0,0.0,-1.0
1406438027,1406437838,0.004326887,-0.012925267,0.029127542,0.6815109,0.0,0.0,0.0,-1.0
1406538833,1406538639,0.0037516002,-0.028323954,0.0247315,0.67972916,0.0,0.0,0.0,-1.0
1406742823,1406742640,0.0050063725,-0.023975722,0.026763987,0.68171185,0.0,0.0,0.0,-1.0
1406846836,1406846644,0.0013432151,-0.020312604,0.028111642,0.6811169,0.0,0.0,0.0,-1.0
1406946984,1406946641,0.0030143987,-0.030128388,0.02852637,0.6803273,0.0,0.0,0.0,-1.0
1407047623,1407047441,0.0070372685,-0.024973206,0.030402586,0.681923,0.0,0.0,0.0,-1.0
1407151633,1407151438,0.0020687648,-0.024463942,0.025299175,0.6790432,0.0,0.0,0.0,-1.0
1407251621,1407251438,0.0039055587,-0.033098005,0.027717998,0.67853636,0.0,0.0,0.0,-1.0
1407351582,1407351438,0.004498373,-0.037938777,0.027698036,0.67988086,0.0,0.0,0.0,-1.0
1407452426,1407452238,0.004273565,-0.038277823,0.026639216,0.67941135,0.0,0.0,0.0,-1.0
1407556388,1407556242,0.0066826516,-0.038178187,0.025308829,0.6785434,0.0,0.0,0.0,-1.0
1407656425,1407656238,0.002499037,-0.034585014,0.028452221,0.6789546,0.0,0.0,0.0,-1.0
1407760432,1407760238,0.0028672714,-0.035736665,0.023951285,0.67704785,0.0,0.0,0.0,-1.0
1407860434,1407860238,0.0023454097,-0.028837457,0.025298454,0.6771104,0.0,0.0,0.0,-1.0
1407961187,1407961038,0.02052569,-0.020426543,0.027693873,0.6859131,0.0,0.0,0.0,-1.0
1408061231,1408061038,0.007203741,-0.02976212,0.027273085,0.68250644,0.0,0.0,0.0,-1.0
1408165225,1408165082,0.0052300342,-0.021866651,0.027633581,0.68082553,0.0,0.0,0.0,-1.0
1408265231,1408265038,0.0051347134,-0.03807429,0.028409392,0.67924994,0.0,0.0,0.0,-1.0
1408366039,1408365841,0.00457667,-0.039447837,0.031449016,0.67837054,0.0,0.0,0.0,-1.0
1408470028,1408469838,0.0046263468,-0.037653863,0.027506556,0.67915654,0.0,0.0,0.0,-1.0
1408569982,1408569838,-0.0032019299,-0.040900204,0.030007975,0.67881775,0.0,0.0,0.0,-1.0
1408674049,1408673838,0.0060672965,-0.041592162,0.027216356,0.6806261,0.0,0.0,0.0,-1.0
1408774777,1408774638,0.0044228323,-0.03859013,0.027548462,0.67563486,0.0,0.0,0.0,-1.0
1408874915,1408874638,0.0029754536,-0.022549743,0.026210237,0.67895734,0.0,0.0,0.0,-1.0
1408974778,1408974638,0.0030301376,-0.024308372,0.026382733,0.6777347,0.0,0.0,0.0,-1.0
1409078833,1409078647,0.007288332,-0.010182107,0.02210069,0.67850435,0.0,0.0,0.0,-1.0
1409178831,1409178638,0.0031301943,-0.033075728,0.024101425,0.6743796,0.0,0.0,0.0,-1.0
1409279646,1409279438,0.0024815658,-0.04686992,0.027079802,0.6768757,0.0,0.0,0.0,-1.0
1409383639,1409383440,0.0055149235,-0.03532542,0.027433902,0.67699057,0.0,0.0,0.0,-1.0
1409483647,1409483446,0.011160438,-0.01744997,0.033839762,0.67758954,0.0,0.0,0.0,-1.0
1409587645,1409587438,0.010332277,-0.035017498,0.039574847,0.6847802,0.0,0.0,0.0,-1.0
1409692424,1409692238,0.0008147344,-0.030686067,0.03946116,0.6753036,0.0,0.0,0.0,-1.0
1409792433,1409792238,0.0033771207,-0.0141795715,0.043749694,0.6813703,0.0,0.0,0.0,-1.0
1409892423,1409892238,-0.00074842747,-0.028340107,0.040721197,0.6781679,0.0,0.0,0.0,-1.0
1409996454,1409996238,0.0073107705,-0.028798083,0.045348905,0.68096524,0.0,0.0,0.0,-1.0
1410096426,1410096238,0.0034675081,-0.03248854,0.050495222,0.6788357,0.0,0.0,0.0,-1.0
1410197228,1410197038,0.005680107,-0.027484978,0.047272347,0.679765,0.0,0.0,0.0,-1.0
1410301250,1410301041,0.00088088674,-0.028317861,0.045197308,0.6785261,0.0,0.0,0.0,-1.0
1410401231,1410401039,-0.005754526,-0.057184666,0.051930323,0.68572,0.0,0.0,0.0,-1.0
1410502029,1410501841,0.0015474956,-0.043043714,0.047578413,0.68556905,0.0,0.0,0.0,-1.0
1410606037,1410605838,0.0013851491,-0.0057875873,0.0453118,0.69058275,0.0,0.0,0.0,-1.0
1410706026,1410705838,0.006700633,-0.03473753,0.045030206,0.67967093,0.0,0.0,0.0,-1.0
1410806027,1410805838,0.0051837876,-0.025823107,0.041758902,0.6829615,0.0,0.0,0.0,-1.0
1410906020,1410905838,-0.0061049326,-0.030666498,0.044420637,0.6827798,0.0,0.0,0.0,-1.0
1411010828,1411010642,-0.002861719,-0.03968084,0.042567827,0.68096393,0.0,0.0,0.0,-1.0
1411110823,1411110641,-0.0009904364,-0.042629674,0.044761803,0.68160594,0.0,0.0,0.0,-1.0
1411214821,1411214638,0.0029744124,-0.042572096,0.044976983,0.68271124,0.0,0.0,0.0,-1.0
1411314818,1411314640,0.002252787,-0.038323894,0.047730505,0.68279546,0.0,0.0,0.0,-1.0
1411414829,1411414638,0.0034837625,-0.022753041,0.05155536,0.6805117,0.0,0.0,0.0,-1.0
1411619584,1411619439,-0.0020417315,-0.042632192,0.057332695,0.6768996,0.0,0.0,0.0,-1.0
1411719674,1411719439,-0.00052438537,-0.046550136,0.058547005,0.6795713,0.0,0.0,0.0,-1.0
1411823627,1411823438,0.007876505,-0.017601026,0.06110712,0.6805023,0.0,0.0,0.0,-1.0
1411924425,1411924238,-0.00025867508,-0.02043543,0.06546028,0.6838968,0.0,0.0,0.0,-1.0
1412024432,1412024239,-0.003940396,-0.03786226,0.064349405,0.6758854,0.0,0.0,0.0,-1.0
1412128429,1412128238,0.0045426004,-0.026449978,0.068421945,0.678407,0.0,0.0,0.0,-1.0
1412228382,1412228241,-0.0074871527,-0.0322127,0.06472067,0.6768077,0.0,0.0,0.0,-1.0
1412329231,1412329038,0.0009655665,-0.035966866,0.066793546,0.67683274,0.0,0.0,0.0,-1.0
1412429233,1412429040,-0.0016464717,-0.029159566,0.06985328,0.6800026,0.0,0.0,0.0,-1.0
1412533279,1412533081,0.0027748186,-0.018329417,0.06575921,0.67790025,0.0,0.0,0.0,-1.0
1412633231,1412633038,0.006734628,-0.010124309,0.06916592,0.6809638,0.0,0.0,0.0,-1.0
1412737231,1412737039,0.0017942535,-0.028826617,0.06626901,0.6825042,0.0,0.0,0.0,-1.0
1412837976,1412837838,0.006034669,-0.010337589,0.06755087,0.6805465,0.0,0.0,0.0,-1.0
1412938020,1412937838,0.0016740091,-0.03185444,0.066620484,0.68162715,0.0,0.0,0.0,-1.0
1413042038,1413041841,-0.0050770063,-0.032295592,0.06569907,0.6857714,0.0,0.0,0.0,-1.0
1413146218,1413145838,-0.0032860187,-0.023282891,0.064383,0.68400955,0.0,0.0,0.0,-1.0
1413246827,1413246638,-0.0011212428,-0.043961424,0.060777325,0.6788037,0.0,0.0,0.0,-1.0
1413346983,1413346638,-0.0021720831,-0.039566923,0.05953381,0.682496,0.0,0.0,0.0,-1.0
1413450822,1413450640,0.0017737905,-0.03277365,0.05682481,0.68001974,0.0,0.0,0.0,-1.0
1413550847,1413550639,0.0077414825,-0.019052092,0.055821996,0.68261236,0.0,0.0,0.0,-1.0
1413651626,1413651438,-0.0013770873,-0.045268584,0.06093488,0.67930895,0.0,0.0,0.0,-1.0
1413755640,1413755439,-0.008077046,-0.023011046,0.05888658,0.68322355,0.0,0.0,0.0,-1.0
1413855627,1413855438,-0.0040342226,-0.035299458,0.054149084,0.6756305,0.0,0.0,0.0,-1.0
1413955634,1413955439,-0.003048846,-0.018413577,0.053139158,0.68038994,0.0,0.0,0.0,-1.0
1414059639,1414059438,0.0019777478,-0.030874753,0.051802665,0.67791134,0.0,0.0,0.0,-1.0
1414160423,1414160238,-0.0033573366,-0.0377103,0.052120425,0.6758498,0.0,0.0,0.0,-1.0
1414260387,1414260238,0.0063055595,-0.040787604,0.050803665,0.6783604,0.0,0.0,0.0,-1.0
1414364425,1414364238,0.0005738695,-0.03454565,0.052468996,0.68043226,0.0,0.0,0.0,-1.0
1414464385,1414464238,-0.0042901947,-0.033274267,0.05223038,0.6785615,0.0,0.0,0.0,-1.0
1414565231,1414565038,0.0005436697,-0.022085873,0.05337145,0.68174374,0.0,0.0,0.0,-1.0
1414669181,1414669038,0.00049832347,-0.023071893,0.054147493,0.6823694,0.0,0.0,0.0,-1.0
1414769233,1414769040,0.0007014582,-0.04018406,0.0509304,0.6758572,0.0,0.0,0.0,-1.0
1414869210,1414869058,-0.0056999265,-0.021974912,0.049295746,0.6807578,0.0,0.0,0.0,-1.0
1414973988,1414973838,-0.005894891,-0.027070234,0.046497528,0.68171513,0.0,0.0,0.0,-1.0
1415073976,1415073838,-0.0022635937,-0.042922825,0.04627735,0.6776642,0.0,0.0,0.0,-1.0
1415174021,1415173838,-0.0015528521,-0.02869923,0.047199644,0.67941475,0.0,0.0,0.0,-1.0
1415278022,1415277840,0.000586869,-0.020901594,0.045112733,0.6786843,0.0,0.0,0.0,-1.0
1415378823,1415378638,-0.00737513,-0.028681738,0.04657367,0.68009293,0.0,0.0,0.0,-1.0
1415478829,1415478638,0.00032772962,-0.03508583,0.047286596,0.6768989,0.0,0.0,0.0,-1.0
1415582845,1415582638,-0.0012402607,-0.023971627,0.0475574,0.6797569,0.0,0.0,0.0,-1.0
1415682831,1415682640,-0.0006487854,-0.043971837,0.048296537,0.67990994,0.0,0.0,0.0,-1.0
1415783585,1415783439,-0.0034945223,-0.031663116,0.047859404,0.67832494,0.0,0.0,0.0,-1.0
1415887636,1415887438,0.00245027,-0.032945067,0.047311533,0.679214,0.0,0.0,0.0,-1.0
1415987629,1415987438,0.00026670063,-0.03892393,0.049673792,0.67451954,0.0,0.0,0.0,-1.0
1416087627,1416087438,-0.00023040781,-0.030162936,0.04755329,0.67975366,0.0,0.0,0.0,-1.0
1416191576,1416191438,0.0004521641,-0.025471361,0.04297492,0.67892927,0.0,0.0,0.0,-1.0
1416292387,1416292238,-0.00011225464,-0.046994798,0.045654073,0.67517024,0.0,0.0,0.0,-1.0
1416392429,1416392238,-0.00866471,-0.032062415,0.044106405,0.6761215,0.0,0.0,0.0,-1.0
1416496430,1416496238,8.513884e-05,-0.01646518,0.047428317,0.68173313,0.0,0.0,0.0,-1.0
1416596385,1416596238,-0.0011821616,-0.03613114,0.04917609,0.6787533,0.0,0.0,0.0,-1.0
1416696381,1416696238,-0.00033186912,-0.020621702,0.0478511,0.67940754,0.0,0.0,0.0,-1.0
1416797228,1416797038,-0.0017013694,-0.035207786,0.05030406,0.6750477,0.0,0.0,0.0,-1.0
1416901223,1416901077,0.0005763123,-0.037801195,0.04985007,0.6773581,0.0,0.0,0.0,-1.0
1417001228,1417001038,-0.0013429357,-0.022929203,0.048011925,0.6817851,0.0,0.0,0.0,-1.0
1417102040,1417101839,0.0045091435,-0.038724635,0.049894445,0.67872155,0.0,0.0,0.0,-1.0
1417205976,1417205838,-0.0029663048,-0.044202074,0.047793813,0.6771252,0.0,0.0,0.0,-1.0
1417306027,1417305838,-0.0007713054,-0.030496765,0.04543397,0.678421,0.0,0.0,0.0,-1.0
1417410049,1417409840,0.002843234,-0.015554655,0.04977415,0.68037707,0.0,0.0,0.0,-1.0
1417509978,1417509838,-0.000982686,-0.03348372,0.04991967,0.67982316,0.0,0.0,0.0,-1.0
1417610918,1417610640,0.001202476,-0.026406448,0.048037168,0.6796379,0.0,0.0,0.0,-1.0
1417710829,1417710638,0.013869679,-0.0284528,0.049965873,0.6823312,0.0,0.0,0.0,-1.0
1417814830,1417814638,-0.0010772226,-0.03184663,0.049415287,0.68592846,0.0,0.0,0.0,-1.0
1417914822,1417914639,-0.013565936,-0.018610047,0.04818051,0.6875359,0.0,0.0,0.0,-1.0
1418015634,1418015439,-0.0052624783,-0.029766086,0.048905306,0.6799668,0.0,0.0,0.0,-1.0
1418119636,1418119438,0.0024285726,-0.044145986,0.04772822,0.67920655,0.0,0.0,0.0,-1.0
1418219586,1418219439,0.0019938964,-0.042236894,0.042705324,0.6770272,0.0,0.0,0.0,-1.0
1418323639,1418323438,0.0056268317,-0.02059279,0.04471244,0.67993253,0.0,0.0,0.0,-1.0
1418427584,1418427439,0.009393713,-0.027717423,0.04393482,0.6755498,0.0,0.0,0.0,-1.0
1418528425,1418528238,0.0071309414,-0.038548198,0.045841277,0.6751042,0.0,0.0,0.0,-1.0
1418628438,1418628238,0.0049144127,-0.017484186,0.04507279,0.679022,0.0,0.0,0.0,-1.0
1418732383,1418732238,0.0054709464,-0.036906086,0.04683189,0.67948383,0.0,0.0,0.0,-1.0
1418832432,1418832239,0.0031427983,-0.052523497,0.046719994,0.67559063,0.0,0.0,0.0,-1.0
1418933224,1418933038,0.0011661395,-0.032911543,0.047104966,0.6808475,0.0,0.0,0.0,-1.0
1419037185,1419037038,0.004692866,-0.022227705,0.049112886,0.6812451,0.0,0.0,0.0,-1.0
1419137186,1419137038,0.005495585,-0.03014559,0.04588359,0.6793957,0.0,0.0,0.0,-1.0
1419237266,1419237060,0.0066735605,-0.029016418,0.04626131,0.681721,0.0,0.0,0.0,-1.0
1419342040,1419341838,0.004191429,-0.04822573,0.037913263,0.6801113,0.0,0.0,0.0,-1.0
1419442021,1419441838,0.0068684104,-0.033431508,0.03678176,0.67941415,0.0,0.0,0.0,-1.0
1419541982,1419541838,0.007704452,-0.04226185,0.034262095,0.6765891,0.0,0.0,0.0,-1.0
1419645985,1419645840,0.008760119,-0.03369571,0.03558825,0.68341315,0.0,0.0,0.0,-1.0
1419746829,1419746639,0.011192932,-0.037186313,0.03605081,0.6822838,0.0,0.0,0.0,-1.0
1419846813,1419846639,0.008229149,-0.038430087,0.03500784,0.6797683,0.0,0.0,0.0,-1.0
1419950827,1419950638,0.00739983,-0.031685583,0.03418856,0.6758823,0.0,0.0,0.0,-1.0
1420050792,1420050639,0.005929552,-0.028720712,0.03527221,0.6799048,0.0,0.0,0.0,-1.0
1420150835,1420150638,0.012161147,-0.04476424,0.035662547,0.67864347,0.0,0.0,0.0,-1.0
1420255584,1420255439,0.005130026,-0.02480261,0.038468823,0.6785252,0.0,0.0,0.0,-1.0
1420355627,1420355438,0.009124911,-0.023456614,0.040388945,0.68206465,0.0,0.0,0.0,-1.0
1420455628,1420455439,0.008570321,-0.024529407,0.041511986,0.68184936,0.0,0.0,0.0,-1.0
1420555626,1420555438,0.011542112,-0.033264846,0.04390879,0.67857677,0.0,0.0,0.0,-1.0
1420660429,1420660238,0.013040444,-0.025565,0.04220899,0.6723274,0.0,0.0,0.0,-1.0
1420760384,1420760238,0.009826937,-0.0100687975,0.043062594,0.6780581,0.0,0.0,0.0,-1.0
1420864432,1420864241,0.0051176157,-0.029589633,0.047929585,0.6774884,0.0,0.0,0.0,-1.0
1420964426,1420964238,0.0077239,-0.025449287,0.044836447,0.6751306,0.0,0.0,0.0,-1.0
1421065243,1421065039,0.0040009175,-0.032471336,0.047885314,0.6783273,0.0,0.0,0.0,-1.0
1421165223,1421165039,0.009905478,-0.030688165,0.047111407,0.67605126,0.0,0.0,0.0,-1.0
1421269274,1421269073,0.0008661809,-0.042679552,0.047170952,0.6800515,0.0,0.0,0.0,-1.0
1421369234,1421369038,-0.00046464778,-0.03432812,0.050147884,0.67705315,0.0,0.0,0.0,-1.0
1421473234,1421473038,0.0059017027,-0.014915947,0.051322155,0.6798603,0.0,0.0,0.0,-1.0
1421574113,1421573838,0.0038105203,-0.028509956,0.050992724,0.6787797,0.0,0.0,0.0,-1.0
1421674030,1421673841,-0.0010586171,-0.019338688,0.05003775,0.67973804,0.0,0.0,0.0,-1.0
1421778042,1421777841,-0.00048060334,-0.022845063,0.05160962,0.6792621,0.0,0.0,0.0,-1.0
1421877976,1421877838,0.012014879,-0.038173568,0.052431714,0.67795664,0.0,0.0,0.0,-1.0
1421978821,1421978639,-0.005163949,-0.0234721,0.050223146,0.68055767,0.0,0.0,0.0,-1.0
1422078784,1422078638,0.0002527684,-0.03066914,0.052521493,0.67603743,0.0,0.0,0.0,-1.0
1422182882,1422182689,0.0031305186,-0.036741294,0.04761812,0.6754216,0.0,0.0,0.0,-1.0
1422282827,1422282638,0.00054592395,-0.02915024,0.04537315,0.67906123,0.0,0.0,0.0,-1.0
1422383644,1422383440,0.000121813384,-0.040334143,0.047237158,0.67423666,0.0,0.0,0.0,-1.0
1422487644,1422487440,0.0025146757,-0.0387757,0.042711932,0.67378265,0.0,0.0,0.0,-1.0
1422587583,1422587438,0.001134177,-0.028973076,0.041770045,0.6792042,0.0,0.0,0.0,-1.0
1422691587,1422691438,0.032219153,-0.010323428,0.040842503,0.6777669,0.0,0.0,0.0,-1.0
1422792403,1422792238,0.009837019,-0.03906199,0.040282648,0.6836388,0.0,0.0,0.0,-1.0
1422892422,1422892241,0.002283562,-0.036438223,0.04098388,0.6802935,0.0,0.0,0.0,-1.0
1422992373,1422992240,0.0058774943,-0.02785061,0.03992435,0.68027633,0.0,0.0,0.0,-1.0
1423096445,1423096245,0.009390688,-0.032135457,0.040065892,0.6777128,0.0,0.0,0.0,-1.0
1423196391,1423196238,0.012155367,-0.026089203,0.040245455,0.6785951,0.0,0.0,0.0,-1.0
1423297201,1423297058,0.009871005,-0.033644978,0.039381787,0.6766058,0.0,0.0,0.0,-1.0
1423401185,1423401038,0.005563883,-0.04636307,0.039465383,0.67847085,0.0,0.0,0.0,-1.0
1423501231,1423501039,0.005580055,-0.053789284,0.04065798,0.6712688,0.0,0.0,0.0,-1.0
1423605352,1423605059,0.0112691205,-0.037171885,0.04096136,0.6776843,0.0,0.0,0.0,-1.0
1423706021,1423705838,0.0038983892,-0.029258944,0.042342056,0.6770152,0.0,0.0,0.0,-1.0
1423805984,1423805839,0.007279544,-0.03450794,0.038226258,0.67776155,0.0,0.0,0.0,-1.0
1423905988,1423905838,0.0028407704,-0.04980788,0.041329566,0.6730844,0.0,0.0,0.0,-1.0
1424010026,1424009839,0.003894439,-0.037788477,0.036861423,0.6731118,0.0,0.0,0.0,-1.0
1424110828,1424110638,0.0054223854,-0.037242282,0.036181938,0.6747173,0.0,0.0,0.0,-1.0
1424211041,1424210639,0.0040623145,-0.039876465,0.037491713,0.67495626,0.0,0.0,0.0,-1.0
1424314829,1424314638,0.0034716236,-0.036074363,0.037273288,0.6743502,0.0,0.0,0.0,-1.0
1424414822,1424414638,0.011669217,-0.021667292,0.03492024,0.6746955,0.0,0.0,0.0,-1.0
1424515629,1424515439,0.005130217,-0.037536416,0.031269893,0.67602843,0.0,0.0,0.0,-1.0
1424619627,1424619441,0.0029169063,-0.02665013,0.0346044,0.6763548,0.0,0.0,0.0,-1.0
1424719622,1424719438,0.0065677487,-0.033462234,0.03509387,0.6787118,0.0,0.0,0.0,-1.0
1424819645,1424819438,0.0061299936,-0.037774228,0.034196995,0.6792358,0.0,0.0,0.0,-1.0
1424924427,1424924239,0.0037037376,-0.02900033,0.031956792,0.677506,0.0,0.0,0.0,-1.0
1425024434,1425024238,-0.0012586367,-0.04018322,0.033677194,0.6770834,0.0,0.0,0.0,-1.0
1425124428,1425124238,0.0016298755,-0.037602443,0.036852047,0.6775699,0.0,0.0,0.0,-1.0
1425228436,1425228238,-0.009634312,-0.04430947,0.031409472,0.6725033,0.0,0.0,0.0,-1.0
1425328384,1425328238,0.0024405718,-0.03165397,0.032259148,0.67874575,0.0,0.0,0.0,-1.0
1425429230,1425429038,0.011063973,-0.02998847,0.035187524,0.6799373,0.0,0.0,0.0,-1.0
1425533240,1425533038,0.0077265874,-0.04877519,0.034109954,0.67419577,0.0,0.0,0.0,-1.0
1425633228,1425633038,0.005149165,-0.035770006,0.035130218,0.6755352,0.0,0.0,0.0,-1.0
1425733979,1425733839,0.005819915,-0.03781738,0.034224927,0.6778595,0.0,0.0,0.0,-1.0
1425838037,1425837838,0.004559862,-0.035070457,0.031791996,0.6778233,0.0,0.0,0.0,-1.0
1425938029,1425937840,0.013923533,-0.04475028,0.031171,0.6800045,0.0,0.0,0.0,-1.0
1426038030,1426037841,0.014819603,-0.04220359,0.03115767,0.6738144,0.0,0.0,0.0,-1.0
1426142030,1426141838,0.0026596515,-0.05027883,0.032734245,0.67677283,0.0,0.0,0.0,-1.0
1426246822,1426246639,0.00292828,-0.03358031,0.029484432,0.67587024,0.0,0.0,0.0,-1.0
1426346827,1426346638,-0.0015386513,-0.03277444,0.028445747,0.67974937,0.0,0.0,0.0,-1.0
1426446824,1426446638,0.007383611,-0.04773545,0.02969727,0.67901725,0.0,0.0,0.0,-1.0
1426550778,1426550638,0.005764988,-0.030321077,0.026132151,0.67899233,0.0,0.0,0.0,-1.0
1426651632,1426651439,0.0028656917,-0.048055302,0.026147496,0.68379676,0.0,0.0,0.0,-1.0
1426751639,1426751438,0.012706221,-0.04798269,0.026479762,0.67708105,0.0,0.0,0.0,-1.0
1426855621,1426855438,0.02400238,-0.034054115,0.022558104,0.6786532,0.0,0.0,0.0,-1.0
1426955627,1426955438,0.010609454,-0.044431027,0.025454003,0.6851599,0.0,0.0,0.0,-1.0
1427059643,1427059439,0.0051597557,-0.039633445,0.022932867,0.67565036,0.0,0.0,0.0,-1.0
1427160426,1427160238,-0.00075066113,-0.036395885,0.025053447,0.6834913,0.0,0.0,0.0,-1.0
1427260433,1427260238,-0.0017823228,-0.049132448,0.023066308,0.68206865,0.0,0.0,0.0,-1.0
1427360380,1427360238,0.0026600547,-0.0525508,0.024831295,0.67508477,0.0,0.0,0.0,-1.0
1427464436,1427464241,-0.0012532987,-0.043821525,0.026608264,0.68074775,0.0,0.0,0.0,-1.0
1427565180,1427565038,-0.002346228,-0.041925054,0.026655333,0.6756667,0.0,0.0,0.0,-1.0
1427665201,1427665058,-0.00024608226,-0.053559918,0.031411234,0.6814202,0.0,0.0,0.0,-1.0
1427769230,1427769039,0.001366451,-0.053154185,0.029858164,0.6796093,0.0,0.0,0.0,-1.0
1427869977,1427869839,0.004609135,-0.0421287,0.03248102,0.6832961,0.0,0.0,0.0,-1.0
1427969982,1427969838,-0.017456481,-0.011222931,0.038190905,0.69032174,0.0,0.0,0.0,-1.0
1428074176,1428073838,-0.0021369257,-0.04439048,0.034249023,0.679242,0.0,0.0,0.0,-1.0
1428174027,1428173838,0.00015717669,-0.047450807,0.035772033,0.6803072,0.0,0.0,0.0,-1.0
1428274133,1428273840,-0.00274867,-0.05010762,0.034790333,0.6805669,0.0,0.0,0.0,-1.0
1428378829,1428378639,0.0025268546,-0.04005075,0.029999876,0.67777747,0.0,0.0,0.0,-1.0
1428478776,1428478638,0.001854602,-0.054655172,0.031513307,0.678115,0.0,0.0,0.0,-1.0
1428578823,1428578638,-0.0031551416,-0.050010145,0.031478785,0.68249303,0.0,0.0,0.0,-1.0
1428682820,1428682638,0.0004226471,-0.04235321,0.030169599,0.6820928,0.0,0.0,0.0,-1.0
1428783610,1428783441,0.006093843,-0.031866685,0.027039912,0.6804518,0.0,0.0,0.0,-1.0
1428883579,1428883438,0.0029699209,-0.04730456,0.027058959,0.6773167,0.0,0.0,0.0,-1.0
1428987621,1428987438,0.0028791896,-0.043191276,0.028858291,0.6802781,0.0,0.0,0.0,-1.0
1429087583,1429087438,0.001019232,-0.0378929,0.02687087,0.6786534,0.0,0.0,0.0,-1.0
1429188426,1429188238,-0.0045318236,-0.03527554,0.028641354,0.6800998,0.0,0.0,0.0,-1.0
1429292431,1429292238,0.005314803,-0.02817967,0.027579807,0.67583585,0.0,0.0,0.0,-1.0
1429392399,1429392242,0.00895901,-0.038311202,0.027647356,0.6748977,0.0,0.0,0.0,-1.0
1429492424,1429492238,0.0048512965,-0.04917541,0.030187348,0.6773394,0.0,0.0,0.0,-1.0
1429596402,1429596254,0.0037502367,-0.028441072,0.030586315,0.6779625,0.0,0.0,0.0,-1.0
1429697232,1429697039,0.0037923795,-0.026357947,0.027578034,0.67616296,0.0,0.0,0.0,-1.0
1429797300,1429797040,-0.001160373,-0.051291432,0.028254762,0.67216635,0.0,0.0,0.0,-1.0
1429901224,1429901038,0.003291923,-0.042357918,0.026382789,0.67973995,0.0,0.0,0.0,-1.0
1430005254,1430005038,0.0055475077,-0.035118718,0.03057497,0.6825704,0.0,0.0,0.0,-1.0
1430106021,1430105838,0.0036241163,-0.03087264,0.03150615,0.6807802,0.0,0.0,0.0,-1.0
1430205988,1430205838,0.005810342,-0.041753575,0.0287443,0.6817411,0.0,0.0,0.0,-1.0
1430410043,1430409840,0.0014264828,-0.026261436,0.030614523,0.681438,0.0,0.0,0.0,-1.0
1430510824,1430510640,0.0045151003,-0.033659782,0.031147832,0.6776484,0.0,0.0,0.0,-1.0
1430614827,1430614638,0.0009829083,-0.03709631,0.033057395,0.67789716,0.0,0.0,0.0,-1.0
1430714821,1430714638,-0.01632941,-0.07746844,0.032615162,0.671725,0.0,0.0,0.0,-1.0
1430814822,1430814641,0.016726023,-0.030360827,0.032133568,0.6977974,0.0,0.0,0.0,-1.0
1431019576,1431019438,0.004877369,-0.020235693,0.028377637,0.681363,0.0,0.0,0.0,-1.0
1431119824,1431119438,0.0058806515,-0.039723013,0.02661661,0.6799858,0.0,0.0,0.0,-1.0
1431223654,1431223438,0.0058753313,-0.023076251,0.02532148,0.6805448,0.0,0.0,0.0,-1.0
1431323626,1431323438,0.023384644,-0.034686726,0.019546928,0.676713,0.0,0.0,0.0,-1.0
1431424433,1431424238,0.0072642257,-0.041325904,0.024951497,0.6901664,0.0,0.0,0.0,-1.0
1431528433,1431528238,0.00033841937,-0.036290262,0.022449497,0.68072385,0.0,0.0,0.0,-1.0
1431628495,1431628248,0.0015359147,-0.044644557,0.02707953,0.67791414,0.0,0.0,0.0,-1.0
1431833224,1431833038,0.0007314518,-0.051967263,0.030324638,0.6796059,0.0,0.0,0.0,-1.0
1431933224,1431933038,6.390491e-05,-0.039838184,0.03328167,0.674974,0.0,0.0,0.0,-1.0
1432033267,1432033064,-0.00035380688,-0.013897155,0.030735407,0.6784286,0.0,0.0,0.0,-1.0
1432137228,1432137041,-0.004320049,-0.035958078,0.026337627,0.67268926,0.0,0.0,0.0,-1.0
1432238031,1432237838,0.00028732046,-0.032148354,0.02947914,0.6730455,0.0,0.0,0.0,-1.0
1432338021,1432337838,-0.0018190311,-0.042298064,0.025075383,0.6804027,0.0,0.0,0.0,-1.0
1432442027,1432441838,-0.011489017,-0.04983939,0.022735503,0.6755252,0.0,0.0,0.0,-1.0
1432542829,1432542640,-0.0006757134,-0.043534618,0.019049473,0.6763504,0.0,0.0,0.0,-1.0
1432643018,1432642640,0.0017914489,-0.038805537,0.01649534,0.67024165,0.0,0.0,0.0,-1.0
1432746821,1432746638,0.018571474,-0.03781532,0.012993647,0.6823964,0.0,0.0,0.0,-1.0
1432846820,1432846638,0.00834447,-0.04726639,0.0075080376,0.6691807,0.0,0.0,0.0,-1.0
1432946829,1432946638,0.004006571,-0.044917032,0.011345715,0.67095923,0.0,0.0,0.0,-1.0
1433051626,1433051438,0.0027469427,-0.03724495,0.008573504,0.66667646,0.0,0.0,0.0,-1.0
1433155621,1433155438,0.011019823,-0.033167303,0.0049551595,0.67218137,0.0,0.0,0.0,-1.0
1433255576,1433255438,0.003358791,-0.03490258,0.0050166734,0.6750037,0.0,0.0,0.0,-1.0
1433359633,1433359438,0.010492518,-0.048398275,0.004098464,0.67400044,0.0,0.0,0.0,-1.0
1433460382,1433460238,0.008183257,-0.04118942,0.009560769,0.676751,0.0,0.0,0.0,-1.0
1433560431,1433560238,-0.011367269,-0.018130481,0.0034250263,0.692725,0.0,0.0,0.0,-1.0
1433660425,1433660238,-0.003982581,-0.04474307,0.004521597,0.67943174,0.0,0.0,0.0,-1.0
1433764431,1433764238,0.014401241,-0.04668024,0.009692787,0.6822933,0.0,0.0,0.0,-1.0
1433865234,1433865039,-0.0014325527,-0.030763503,0.011483118,0.6856561,0.0,0.0,0.0,-1.0
1433965257,1433965058,0.008270387,-0.03728283,0.006992623,0.67884976,0.0,0.0,0.0,-1.0
1434069180,1434069038,0.014535228,-0.02782659,0.0055832667,0.6822641,0.0,0.0,0.0,-1.0
1434169230,1434169038,0.011929152,-0.041984823,0.004091357,0.67847085,0.0,0.0,0.0,-1.0
1434269182,1434269038,0.0028592816,-0.033157635,0.007022851,0.67968345,0.0,0.0,0.0,-1.0
1434374022,1434373839,0.0035210955,-0.054009657,0.010384638,0.6765415,0.0,0.0,0.0,-1.0
1434474039,1434473840,0.007621847,-0.033917442,0.0078747105,0.680896,0.0,0.0,0.0,-1.0
1434574037,1434573838,0.004160412,-0.04349678,0.006775844,0.67925364,0.0,0.0,0.0,-1.0
1434678831,1434678639,0.0034535285,-0.037907586,0.0042392258,0.68102926,0.0,0.0,0.0,-1.0
1434778820,1434778638,0.0053293165,-0.03734527,0.007166542,0.681305,0.0,0.0,0.0,-1.0
1434878823,1434878638,0.0033106697,-0.038836375,0.00553998,0.6745848,0.0,0.0,0.0,-1.0
1434982798,1434982638,0.027784817,-0.017066248,0.010634575,0.687424,0.0,0.0,0.0,-1.0
1435082776,1435082638,0.008205221,-0.034777038,0.012663386,0.6752327,0.0,0.0,0.0,-1.0
1435183630,1435183438,0.00388004,-0.034524526,0.01843781,0.68113506,0.0,0.0,0.0,-1.0
1435287621,1435287438,-0.025096871,-0.043014355,0.016520267,0.67486787,0.0,0.0,0.0,-1.0
1435387632,1435387439,-0.006446711,-0.02599494,0.022922413,0.6806587,0.0,0.0,0.0,-1.0
1435487628,1435487439,0.0014437023,-0.030526567,0.027166659,0.6771024,0.0,0.0,0.0,-1.0
1435592442,1435592240,0.0026802602,-0.032120913,0.02729671,0.6737309,0.0,0.0,0.0,-1.0
1435692387,1435692238,0.007121842,-0.037612885,0.032366,0.6756064,0.0,0.0,0.0,-1.0
1435792425,1435792238,-0.00043226493,-0.04070904,0.035074815,0.67652524,0.0,0.0,0.0,-1.0
1435896424,1435896239,0.0044364557,-0.034895774,0.033254724,0.6752956,0.0,0.0,0.0,-1.0
1435997187,1435997038,0.005018664,-0.041623253,0.034291223,0.6738456,0.0,0.0,0.0,-1.0
1436097190,1436097038,0.002558568,-0.053170376,0.03875351,0.67289966,0.0,0.0,0.0,-1.0
1436201230,1436201040,0.002600293,-0.04118101,0.04162837,0.6775997,0.0,0.0,0.0,-1.0
1436301231,1436301038,0.0015252029,-0.040116623,0.04001191,0.67577994,0.0,0.0,0.0,-1.0
1436402021,1436401838,0.007318878,-0.039283548,0.04007689,0.67528737,0.0,0.0,0.0,-1.0
1436505991,1436505838,0.0096454015,-0.028232945,0.0407456,0.67692643,0.0,0.0,0.0,-1.0
1436606021,1436605838,0.0033468986,-0.035015333,0.038529526,0.6785003,0.0,0.0,0.0,-1.0
1436706021,1436705838,0.006046817,-0.047004703,0.040464766,0.67415655,0.0,0.0,0.0,-1.0
1436806827,1436806638,0.007644071,-0.042403612,0.042365685,0.6766232,0.0,0.0,0.0,-1.0
1436910819,1436910637,0.010629271,-0.01558891,0.043615155,0.6797711,0.0,0.0,0.0,-1.0
1437010827,1437010638,0.0105122095,-0.029415356,0.041245528,0.6783183,0.0,0.0,0.0,-1.0
1437114821,1437114638,0.0070466744,-0.037266202,0.0404681,0.6778387,0.0,0.0,0.0,-1.0
1437215643,1437215438,0.006989741,-0.05966342,0.043511957,0.681064,0.0,0.0,0.0,-1.0
1437315578,1437315439,0.014979273,-0.03878749,0.04404258,0.67940325,0.0,0.0,0.0,-1.0
1437419584,1437419438,0.00927651,-0.02141769,0.04751312,0.6816802,0.0,0.0,0.0,-1.0
1437519578,1437519438,0.005806772,-0.032378912,0.050219215,0.67877805,0.0,0.0,0.0,-1.0
1437619621,1437619438,0.0077348035,-0.025773617,0.0524398,0.6817644,0.0,0.0,0.0,-1.0
1437720430,1437720238,0.010717321,-0.03852534,0.05489269,0.6798908,0.0,0.0,0.0,-1.0
1437824387,1437824241,0.0071945,-0.042929593,0.05868972,0.68067116,0.0,0.0,0.0,-1.0
1437924383,1437924238,0.0068452773,-0.029559828,0.058887407,0.68304586,0.0,0.0,0.0,-1.0
1438028422,1438028238,0.012932135,-0.02412979,0.061026283,0.6816694,0.0,0.0,0.0,-1.0
1438129210,1438129038,0.010386959,-0.04177006,0.06493062,0.681419,0.0,0.0,0.0,-1.0
1438229224,1438229038,0.013394878,-0.041113876,0.06097562,0.6817921,0.0,0.0,0.0,-1.0
1438329248,1438329041,0.0083446,-0.02267251,0.062400147,0.68022275,0.0,0.0,0.0,-1.0
1438433265,1438433072,0.0056420653,-0.037020903,0.0606557,0.67888594,0.0,0.0,0.0,-1.0
1438533976,1438533838,0.005661727,-0.03925126,0.062358577,0.6771855,0.0,0.0,0.0,-1.0
1438634049,1438633847,-0.006389049,-0.033931825,0.052477024,0.676428,0.0,0.0,0.0,-1.0
1438738021,1438737838,0.007976009,-0.046341807,0.05322336,0.6815879,0.0,0.0,0.0,-1.0
1438838029,1438837838,0.0073762056,-0.044365697,0.050152473,0.67928207,0.0,0.0,0.0,-1.0
1438938784,1438938644,0.022246655,-0.044849504,0.046749603,0.6803822,0.0,0.0,0.0,-1.0
1439042829,1439042641,0.011219707,-0.02776823,0.041925512,0.6819144,0.0,0.0,0.0,-1.0
1439142776,1439142638,0.009021263,-0.032650277,0.036716692,0.6794022,0.0,0.0,0.0,-1.0
1439242990,1439242638,0.0056523746,-0.024246745,0.033099405,0.6777397,0.0,0.0,0.0,-1.0
1439347621,1439347438,0.008006174,-0.0536026,0.029114839,0.67669266,0.0,0.0,0.0,-1.0
1439447621,1439447438,0.009330058,-0.03949207,0.02880251,0.6795153,0.0,0.0,0.0,-1.0
1439547633,1439547438,0.00952907,-0.018986514,0.021711605,0.68207574,0.0,0.0,0.0,-1.0
1439651629,1439651440,0.0098507255,-0.038991775,0.020958893,0.6777306,0.0,0.0,0.0,-1.0
1439752431,1439752239,0.0052822493,-0.022911673,0.01794277,0.6799314,0.0,0.0,0.0,-1.0
1439852427,1439852238,0.009627577,-0.026225902,0.0147215165,0.67873573,0.0,0.0,0.0,-1.0
1439956432,1439956240,0.008207248,-0.027451808,0.016202139,0.67993516,0.0,0.0,0.0,-1.0
1440056435,1440056240,0.010525707,-0.04234586,0.01500009,0.67921036,0.0,0.0,0.0,-1.0
1440157232,1440157038,0.007896449,-0.027826238,0.017870832,0.68057823,0.0,0.0,0.0,-1.0
1440261224,1440261039,0.010945355,-0.03865167,0.015186312,0.679863,0.0,0.0,0.0,-1.0
1440361321,1440361038,0.0069705537,-0.03182912,0.021389961,0.6776855,0.0,0.0,0.0,-1.0
1440461261,1440461061,0.011400813,-0.014773722,0.02026764,0.6825364,0.0,0.0,0.0,-1.0
1440566037,1440565838,0.007231209,-0.03353006,0.021297824,0.6777233,0.0,0.0,0.0,-1.0
1440666028,1440665838,0.01756731,-0.016129674,0.019240003,0.67827743,0.0,0.0,0.0,-1.0
1440766051,1440765841,0.013884439,-0.026452543,0.021782197,0.67933244,0.0,0.0,0.0,-1.0
1440866032,1440865839,0.012696063,-0.044278406,0.023245648,0.6784424,0.0,0.0,0.0,-1.0
1440970779,1440970638,0.016981557,-0.017042382,0.02110399,0.6771917,0.0,0.0,0.0,-1.0
1441070821,1441070638,0.010608794,-0.03535382,0.022492168,0.67390937,0.0,0.0,0.0,-1.0
1441174776,1441174638,0.01581061,-0.02020079,0.02586,0.68099314,0.0,0.0,0.0,-1.0
1441274821,1441274638,0.008842773,-0.03270839,0.021716826,0.6781309,0.0,0.0,0.0,-1.0
1441375586,1441375439,0.014456979,-0.04005046,0.019831903,0.67232937,0.0,0.0,0.0,-1.0
1441479659,1441479438,0.012062294,-0.024371024,0.021718174,0.6830651,0.0,0.0,0.0,-1.0
1441579645,1441579438,0.012919268,-0.026100269,0.020749167,0.67986304,0.0,0.0,0.0,-1.0
1441679621,1441679438,0.016886463,-0.011785029,0.015795577,0.6819152,0.0,0.0,0.0,-1.0
1441779578,1441779439,0.0149808405,-0.03134951,0.012904242,0.67592186,0.0,0.0,0.0,-1.0
1441884402,1441884246,0.016668843,-0.018212305,0.016391918,0.679412,0.0,0.0,0.0,-1.0
1441984448,1441984238,0.01815765,-0.03105235,0.013807486,0.67989904,0.0,0.0,0.0,-1.0
1442088425,1442088238,0.015035075,-0.039673,0.011791862,0.676927,0.0,0.0,0.0,-1.0
1442189228,1442189039,0.017958252,-0.017863082,0.011205824,0.6833643,0.0,0.0,0.0,-1.0
1442289234,1442289038,0.018876769,-0.018081693,0.009628164,0.6780169,0.0,0.0,0.0,-1.0
1442389249,1442389038,0.016850982,-0.030525854,0.010152575,0.67724806,0.0,0.0,0.0,-1.0
1442493286,1442493084,0.014089128,-0.03733492,0.011335266,0.68052095,0.0,0.0,0.0,-1.0
1442593228,1442593038,0.01721187,-0.034732085,0.010242466,0.67619973,0.0,0.0,0.0,-1.0
1442694037,1442693838,0.013487511,-0.02524452,0.009597068,0.6777616,0.0,0.0,0.0,-1.0
1442797976,1442797838,0.018850181,-0.010333361,0.0073486585,0.67776674,0.0,0.0,0.0,-1.0
1442898021,1442897838,0.008101583,-0.03160912,0.009562467,0.67822903,0.0,0.0,0.0,-1.0
1442998830,1442998639,0.010983275,-0.033993144,0.013596067,0.68014354,0.0,0.0,0.0,-1.0
1443102827,1443102638,0.009742866,-0.03992368,0.012593451,0.67371875,0.0,0.0,0.0,-1.0
1443202916,1443202638,0.012552531,-0.023777535,0.015678953,0.6764131,0.0,0.0,0.0,-1.0
1443302827,1443302638,0.010745434,-0.033061367,0.015990049,0.6782645,0.0,0.0,0.0,-1.0
1443406778,1443406638,0.010557126,-0.03520176,0.015386401,0.6794817,0.0,0.0,0.0,-1.0
1443507583,1443507439,-0.0019001521,-0.04683424,0.018688368,0.6792678,0.0,0.0,0.0,-1.0
1443607585,1443607438,0.0042051217,-0.029561784,0.017542321,0.6823343,0.0,0.0,0.0,-1.0
1443711636,1443711438,0.010986813,-0.036268882,0.024022713,0.6809473,0.0,0.0,0.0,-1.0
1443811584,1443811438,0.011133595,-0.024776215,0.021440852,0.682862,0.0,0.0,0.0,-1.0
1443912434,1443912239,0.00785943,-0.02755942,0.021564625,0.68065935,0.0,0.0,0.0,-1.0
1444016424,1444016238,-0.005077881,-0.03293893,0.02418087,0.6812123,0.0,0.0,0.0,-1.0
1444116383,1444116238,-0.00057642325,-0.04408491,0.022094369,0.67813784,0.0,0.0,0.0,-1.0
1444216422,1444216238,0.020134374,-0.036526114,0.021912236,0.68928903,0.0,0.0,0.0,-1.0
1444321233,1444321038,-0.0012644022,-0.04123286,0.02461094,0.6827209,0.0,0.0,0.0,-1.0
1444421217,1444421038,0.002461926,-0.030341476,0.024793118,0.67559826,0.0,0.0,0.0,-1.0
1444521440,1444521058,0.00047837768,-0.027992532,0.026047451,0.67509985,0.0,0.0,0.0,-1.0
1444625331,1444625038,0.004958841,-0.033032127,0.026648292,0.6755436,0.0,0.0,0.0,-1.0
1444725976,1444725838,-0.003034443,-0.02827584,0.023789216,0.67317206,0.0,0.0,0.0,-1.0
1444826028,1444825838,0.0615985,-0.001731738,0.02444594,0.6756984,0.0,0.0,0.0,-1.0
1444930027,1444929838,0.063160986,-0.025870983,0.026872579,0.7090088,0.0,0.0,0.0,-1.0
1445030027,1445029838,0.095954984,-0.038919613,0.01975096,0.7023844,0.0,0.0,0.0,-1.0
1445130822,1445130638,-0.0059374534,-0.03955684,0.022661764,0.70034117,0.0,0.0,0.0,-1.0
1445234779,1445234638,-0.08379072,-0.03418099,0.015142804,0.6920688,0.0,0.0,0.0,-1.0
1445334840,1445334638,-0.094330475,-0.044808228,0.014200565,0.6995579,0.0,0.0,0.0,-1.0
1445434778,1445434638,0.03533391,-0.024647798,0.014529475,0.7070027,0.0,0.0,0.0,-1.0
1445539626,1445539438,0.08129977,-0.0060053384,0.008352962,0.70780873,0.0,0.0,0.0,-1.0
1445639645,1445639438,0.10445042,-0.033563476,0.009884687,0.705634,0.0,0.0,0.0,-1.0
1445739627,1445739438,0.0009771343,-0.04199241,0.002039604,0.69602025,0.0,0.0,0.0,-1.0
1445843633,1445843438,-0.087150894,-0.047459986,0.0018045958,0.69478846,0.0,0.0,0.0,-1.0
1445948424,1445948238,-0.11431196,-0.04187712,-0.0006431155,0.6956477,0.0,0.0,0.0,-1.0
1446052435,1446052238,-0.089295685,-0.041629996,0.0022806386,0.6984143,0.0,0.0,0.0,-1.0
1446152382,1446152238,0.034180917,-0.032767907,-0.002071526,0.70423335,0.0,0.0,0.0,-1.0
1446256434,1446256238,0.09914823,-0.010029944,0.007573967,0.7113323,0.0,0.0,0.0,-1.0
1446357233,1446357040,0.07902458,-0.035050765,0.0056918077,0.70375574,0.0,0.0,0.0,-1.0
1446457223,1446457038,-0.06926772,-0.05239115,0.007540716,0.69567984,0.0,0.0,0.0,-1.0
1446561224,1446561038,-0.12962607,-0.047740728,0.008992743,0.6937789,0.0,0.0,0.0,-1.0
1446661223,1446661038,-0.06887551,-0.052849438,0.016126283,0.70208204,0.0,0.0,0.0,-1.0
1446761978,1446761838,0.005040318,-0.05469699,0.020282205,0.70378345,0.0,0.0,0.0,-1.0
1446866040,1446865838,0.077564456,-0.029088866,0.018444268,0.70685184,0.0,0.0,0.0,-1.0
1446965978,1446965838,0.10162866,-0.04707494,0.02507608,0.7053632,0.0,0.0,0.0,-1.0
1447066829,1447066639,-0.030001044,-0.07028821,0.01867603,0.6981671,0.0,0.0,0.0,-1.0
1447166821,1447166638,-0.11921245,-0.04348122,0.016689274,0.69727707,0.0,0.0,0.0,-1.0
1447270813,1447270675,-0.073508576,-0.027047519,0.020758308,0.702494,0.0,0.0,0.0,-1.0
1447370829,1447370640,0.044394467,-0.011811088,0.015972747,0.71121186,0.0,0.0,0.0,-1.0
1447474776,1447474638,0.10690154,-0.030677244,0.021925498,0.70423144,0.0,0.0,0.0,-1.0
1447575578,1447575439,0.07369809,-0.056564357,0.021873504,0.704376,0.0,0.0,0.0,-1.0
1447675586,1447675439,-0.101917,-0.038889065,0.010539383,0.69579726,0.0,0.0,0.0,-1.0
1447779626,1447779438,-0.1120915,-0.042753473,0.013940836,0.69852185,0.0,0.0,0.0,-1.0
1447883621,1447883438,-0.07749026,-0.020484267,0.013173587,0.6993148,0.0,0.0,0.0,-1.0
1447984426,1447984238,0.04914447,-0.022988288,0.014022388,0.7034101,0.0,0.0,0.0,-1.0
1448084438,1448084238,0.112937704,-0.035818327,0.015271717,0.70312274,0.0,0.0,0.0,-1.0
1448188424,1448188238,0.097780645,-0.020661917,0.014355034,0.70472515,0.0,0.0,0.0,-1.0
1448288386,1448288238,-0.062691756,-0.05836329,0.011488726,0.6934642,0.0,0.0,0.0,-1.0
1448389226,1448389038,-0.12319903,-0.02631626,0.0067180507,0.69284564,0.0,0.0,0.0,-1.0
1448493234,1448493038,-0.07428302,-0.044903196,0.00785695,0.7004449,0.0,0.0,0.0,-1.0
1448593187,1448593038,0.02358851,-0.029118113,0.0064289654,0.7018669,0.0,0.0,0.0,-1.0
1448693265,1448693060,0.120007366,-0.009880418,0.009743989,0.7071041,0.0,0.0,0.0,-1.0
1448798037,1448797838,0.10820302,-0.030292735,0.008103053,0.7037602,0.0,0.0,0.0,-1.0
1448897991,1448897838,-0.04112102,-0.02944389,0.0061866716,0.6969827,0.0,0.0,0.0,-1.0
1448998027,1448997838,-0.114927515,-0.036372464,0.0068348898,0.69731456,0.0,0.0,0.0,-1.0
1449102021,1449101838,-0.060498826,-0.03432586,0.008937829,0.70330554,0.0,0.0,0.0,-1.0
1449202871,1449202681,0.06984768,0.0013659904,0.008824159,0.71344376,0.0,0.0,0.0,-1.0
1449302776,1449302638,0.11928575,-0.018159263,0.019175392,0.7098619,0.0,0.0,0.0,-1.0
1449406836,1449406638,0.09797388,-0.032628357,0.012269858,0.70008564,0.0,0.0,0.0,-1.0
1449506827,1449506638,-0.03937431,-0.044468205,0.012538122,0.6938752,0.0,0.0,0.0,-1.0
1449607672,1449607438,-0.10568309,-0.038700413,0.014381085,0.69615877,0.0,0.0,0.0,-1.0
1449711643,1449711440,-0.06569314,-0.037263665,0.017303556,0.7039767,0.0,0.0,0.0,-1.0
1449811644,1449811438,0.060362328,-0.04161191,0.018856222,0.70787036,0.0,0.0,0.0,-1.0
1449911627,1449911438,0.12389223,-0.016689511,0.029764688,0.70847243,0.0,0.0,0.0,-1.0
1450012436,1450012238,0.03267317,-0.026560057,0.024495993,0.7059486,0.0,0.0,0.0,-1.0
1450116446,1450116254,-0.070711926,-0.03978368,0.024093451,0.6964754,0.0,0.0,0.0,-1.0
1450216427,1450216238,-0.08618479,-0.027985029,0.026441827,0.7059003,0.0,0.0,0.0,-1.0
1450320440,1450320244,-0.02836519,-0.025128424,0.026780143,0.70731515,0.0,0.0,0.0,-1.0
1450421199,1450421038,0.10078475,-0.021913137,0.027467526,0.70753706,0.0,0.0,0.0,-1.0
1450521224,1450521039,0.108035535,-0.06356613,0.034424193,0.70363075,0.0,0.0,0.0,-1.0
1450621239,1450621039,-0.023901388,-0.048995227,0.033368185,0.69815326,0.0,0.0,0.0,-1.0
1450725232,1450725038,-0.10289852,-0.05105986,0.031069588,0.7001203,0.0,0.0,0.0,-1.0
1450826030,1450825838,-0.06728216,-0.043110084,0.031815153,0.70275235,0.0,0.0,0.0,-1.0
1450926049,1450925840,0.06680403,-0.023780182,0.033716287,0.71030307,0.0,0.0,0.0,-1.0
1451030026,1451029838,0.11542933,-0.030536348,0.037166037,0.70192325,0.0,0.0,0.0,-1.0
1451129976,1451129838,0.06724118,-0.02768658,0.030458204,0.7017222,0.0,0.0,0.0,-1.0
1451230822,1451230638,-0.07031323,-0.041135386,0.031173777,0.6996739,0.0,0.0,0.0,-1.0
1451334827,1451334638,-0.10330337,-0.023525206,0.027467793,0.69322085,0.0,0.0,0.0,-1.0
1451434820,1451434638,-0.057810985,-0.032615848,0.031931452,0.7001636,0.0,0.0,0.0,-1.0
1451535003,1451534638,0.07090938,-0.029966626,0.036501475,0.7035125,0.0,0.0,0.0,-1.0
1451639628,1451639438,0.11075461,-0.01916425,0.038378295,0.70480216,0.0,0.0,0.0,-1.0
1451739631,1451739441,0.107233554,-0.04454507,0.041555747,0.69830126,0.0,0.0,0.0,-1.0
1451839647,1451839440,-0.011100058,-0.04381499,0.044276122,0.6971142,0.0,0.0,0.0,-1.0
1451943629,1451943438,-0.10322818,-0.04662079,0.04186116,0.70035094,0.0,0.0,0.0,-1.0
1452044386,1452044238,-0.070975415,-0.04433535,0.041794267,0.7054519,0.0,0.0,0.0,-1.0
1452144441,1452144238,0.041025314,-0.036488064,0.04730066,0.7073805,0.0,0.0,0.0,-1.0
1452248380,1452248238,0.09977015,-0.016409028,0.052117735,0.706173,0.0,0.0,0.0,-1.0
1452349235,1452349040,0.12719107,-0.032169934,0.048702803,0.7038049,0.0,0.0,0.0,-1.0
1452449231,1452449038,0.026732415,-0.056059457,0.04518453,0.6994306,0.0,0.0,0.0,-1.0
1452553186,1452553038,-0.076390475,-0.034582686,0.046404883,0.698672,0.0,0.0,0.0,-1.0
1452653234,1452653038,-0.08158223,-0.031518523,0.04129489,0.7035173,0.0,0.0,0.0,-1.0
1452753274,1452753062,0.018469544,-0.052355416,0.05160675,0.70831645,0.0,0.0,0.0,-1.0
1452857988,1452857838,0.09523631,-0.023560911,0.046482533,0.7053036,0.0,0.0,0.0,-1.0
1452958026,1452957838,0.10220965,-0.02086767,0.057359032,0.70388424,0.0,0.0,0.0,-1.0
1453058021,1453057838,-0.016459683,-0.038918488,0.050813437,0.7029064,0.0,0.0,0.0,-1.0
1453158031,1453157838,-0.096281394,-0.04589699,0.053164646,0.6970261,0.0,0.0,0.0,-1.0
1453262778,1453262640,-0.098149225,-0.01910963,0.056701273,0.69734645,0.0,0.0,0.0,-1.0
1453362829,1453362640,-0.030640502,-0.02316855,0.053753346,0.7062365,0.0,0.0,0.0,-1.0
1453466841,1453466642,0.04681214,-0.031210091,0.0553127,0.70723915,0.0,0.0,0.0,-1.0
1453566917,1453566638,0.098243594,-0.026654473,0.06328015,0.70480126,0.0,0.0,0.0,-1.0
1453667619,1453667441,0.06580188,-0.039912503,0.06020254,0.7039853,0.0,0.0,0.0,-1.0
1453771648,1453771438,-0.0064971955,-0.02841712,0.055886004,0.69903433,0.0,0.0,0.0,-1.0
1453871625,1453871441,-0.099313,-0.0384905,0.053091325,0.6940004,0.0,0.0,0.0,-1.0
1453971579,1453971438,-0.08455753,-0.0477309,0.052720547,0.69743073,0.0,0.0,0.0,-1.0
1454072428,1454072238,0.02066173,-0.035281446,0.054505438,0.70641625,0.0,0.0,0.0,-1.0
1454176422,1454176238,0.08225311,-0.033055387,0.047765173,0.70457935,0.0,0.0,0.0,-1.0
1454276442,1454276241,0.10023704,-0.044480104,0.04772747,0.7073003,0.0,0.0,0.0,-1.0
1454380386,1454380251,0.030900456,-0.042682327,0.04850274,0.7016644,0.0,0.0,0.0,-1.0
1454481189,1454481038,-0.089496195,-0.022751814,0.044966407,0.6982049,0.0,0.0,0.0,-1.0
1454581180,1454581038,-0.09543374,-0.009116887,0.03999398,0.6958424,0.0,0.0,0.0,-1.0
1454681239,1454681038,0.04865613,-0.035440374,0.042104587,0.70684,0.0,0.0,0.0,-1.0
1454785279,1454785081,0.12320683,-0.027094398,0.04989465,0.7124662,0.0,0.0,0.0,-1.0
1454885975,1454885838,0.071902305,-0.04743257,0.026108297,0.70900077,0.0,0.0,0.0,-1.0
1454985988,1454985838,-0.047893547,-0.044892564,-0.04261526,0.69465727,0.0,0.0,0.0,-1.0
1455090053,1455089871,-0.10906183,-0.058010425,-0.062387496,0.69184184,0.0,0.0,0.0,-1.0
1455190035,1455189838,-0.05632437,-0.043067954,0.005102858,0.7004939,0.0,0.0,0.0,-1.0
1455290829,1455290638,0.083021566,-0.030094955,0.045020565,0.7102028,0.0,0.0,0.0,-1.0
1455394983,1455394638,0.122273065,-0.043280292,0.102991715,0.7062184,0.0,0.0,0.0,-1.0
1455494821,1455494638,0.019684453,-0.04878878,0.16554365,0.6923772,0.0,0.0,0.0,-1.0
1455594820,1455594638,-0.06196724,-0.019141443,0.17577304,0.6867359,0.0,0.0,0.0,-1.0
1455699621,1455699438,-0.02929663,-0.00447883,0.099172324,0.69140893,0.0,0.0,0.0,-1.0
1455799636,1455799438,0.0014080419,-0.028022654,0.0809062,0.6877346,0.0,0.0,0.0,-1.0
1455899642,1455899441,0.000533532,-0.051403407,0.059451643,0.6791714,0.0,0.0,0.0,-1.0
1456003621,1456003438,0.0051911213,-0.02469886,0.043197624,0.6806577,0.0,0.0,0.0,-1.0
1456104389,1456104238,0.003338811,-0.013734081,0.0308104,0.6774185,0.0,0.0,0.0,-1.0
1456204429,1456204239,0.0030549127,-0.03867882,0.02814112,0.671133,0.0,0.0,0.0,-1.0
1456308431,1456308238,-0.008243322,-0.023433419,0.028703807,0.6748255,0.0,0.0,0.0,-1.0
1456408426,1456408240,0.0067160316,-0.043599352,0.03128127,0.67908126,0.0,0.0,0.0,-1.0
1456509234,1456509039,0.0022116506,-0.027166331,0.03462917,0.6776101,0.0,0.0,0.0,-1.0
1456613231,1456613038,0.010985515,-0.043786697,0.03439567,0.67488617,0.0,0.0,0.0,-1.0
1456713229,1456713038,0.0020391964,-0.024552986,0.038630508,0.67339915,0.0,0.0,0.0,-1.0
1456813280,1456813060,-0.0051209526,-0.030224193,0.039773334,0.67384297,0.0,0.0,0.0,-1.0
1456918040,1456917838,0.0018283266,-0.042798765,0.043414485,0.6755302,0.0,0.0,0.0,-1.0
1457018027,1457017838,-0.003012363,-0.034089804,0.047009055,0.67986476,0.0,0.0,0.0,-1.0
1457118032,1457117838,0.002269643,-0.018709548,0.044032313,0.68272054,0.0,0.0,0.0,-1.0
1457217976,1457217838,0.002445633,-0.024518793,0.047095265,0.68078846,0.0,0.0,0.0,-1.0
1457322778,1457322640,-0.001304387,-0.042006873,0.045783475,0.67697453,0.0,0.0,0.0,-1.0
1457422828,1457422645,-0.0023992476,-0.034040462,0.045843046,0.67713386,0.0,0.0,0.0,-1.0
1457526819,1457526638,-0.0039971224,-0.029361475,0.04665117,0.68225586,0.0,0.0,0.0,-1.0
1457627621,1457627439,0.0019639693,-0.024048666,0.049445126,0.67953265,0.0,0.0,0.0,-1.0
1457727595,1457727439,-0.004807721,-0.041313376,0.04924459,0.678936,0.0,0.0,0.0,-1.0
1457831627,1457831438,0.0017589128,-0.015068233,0.049559478,0.68094194,0.0,0.0,0.0,-1.0
1457935621,1457935438,-0.0043206,-0.022239404,0.045779463,0.6787785,0.0,0.0,0.0,-1.0
1458035622,1458035438,-0.0042795436,-0.017884497,0.04309437,0.6764677,0.0,0.0,0.0,-1.0
1458136434,1458136238,0.00035776006,-0.012395096,0.042161558,0.6811339,0.0,0.0,0.0,-1.0
1458240431,1458240238,-0.0045709005,-0.025880633,0.04610973,0.67940545,0.0,0.0,0.0,-1.0
1458340431,1458340238,-0.005041024,-0.025742454,0.04059532,0.6771524,0.0,0.0,0.0,-1.0
1458440426,1458440238,-0.003734397,-0.0220737,0.042626657,0.6795836,0.0,0.0,0.0,-1.0
1458545231,1458545038,0.0019210773,-0.012181417,0.03891072,0.67906326,0.0,0.0,0.0,-1.0
1458645225,1458645041,0.0004097264,-0.024170842,0.039173216,0.67684424,0.0,0.0,0.0,-1.0
1458745260,1458745060,-0.0023672055,-0.020861568,0.040970296,0.68308705,0.0,0.0,0.0,-1.0
1458950025,1458949838,-0.0095618535,-0.032844845,0.041249175,0.67507136,0.0,0.0,0.0,-1.0
1459050043,1459049848,-0.0033468101,-0.028823491,0.042472,0.6780034,0.0,0.0,0.0,-1.0
1459154030,1459153838,-0.0038298883,-0.010805839,0.045510318,0.68001044,0.0,0.0,0.0,-1.0
1459254855,1459254661,-0.0056989416,-0.026299324,0.04452168,0.6785062,0.0,0.0,0.0,-1.0
1459354776,1459354638,-0.012788809,-0.02479026,0.045222532,0.68172634,0.0,0.0,0.0,-1.0
1459558915,1459558638,-0.0043884814,0.00297576,0.047425117,0.6766883,0.0,0.0,0.0,-1.0
1459659620,1459659438,-0.008900112,-0.03821101,0.05047019,0.68891925,0.0,0.0,0.0,-1.0
1459763626,1459763438,-0.013822717,-0.037657645,0.060820572,0.68376416,0.0,0.0,0.0,-1.0
1459863620,1459863438,-0.017803257,-0.03194128,0.06919871,0.6808505,0.0,0.0,0.0,-1.0
1459963640,1459963440,-0.015981076,-0.053496588,0.07336902,0.6773567,0.0,0.0,0.0,-1.0
1460064429,1460064238,-0.0048840316,-0.04900392,0.075630985,0.67880213,0.0,0.0,0.0,-1.0
1460168393,1460168251,-0.0018621143,-0.03945662,0.08274369,0.6805323,0.0,0.0,0.0,-1.0
1460268426,1460268238,0.0036814634,-0.050728872,0.08396029,0.67693126,0.0,0.0,0.0,-1.0
1460372433,1460372238,-0.028854016,-0.009681201,0.08677668,0.6771585,0.0,0.0,0.0,-1.0
1460473233,1460473038,-0.015868047,-0.0267652,0.09134292,0.685951,0.0,0.0,0.0,-1.0
1460573231,1460573038,-0.0092398105,-0.03915157,0.097048804,0.6836265,0.0,0.0,0.0,-1.0
1460673236,1460673038,-0.008609445,-0.036018964,0.09704756,0.67819405,0.0,0.0,0.0,-1.0
1460777273,1460777081,-0.004202353,-0.045725938,0.09512636,0.68034047,0.0,0.0,0.0,-1.0
1460878027,1460877838,-0.015816836,-0.021659281,0.09830764,0.6762309,0.0,0.0,0.0,-1.0
1460978037,1460977838,-0.017019648,-0.038567968,0.09646247,0.6741849,0.0,0.0,0.0,-1.0
1461082038,1461081839,-0.021062702,-0.019306779,0.09228255,0.67906195,0.0,0.0,0.0,-1.0
1461181976,1461181838,-0.024086732,-0.024142155,0.09391928,0.67833644,0.0,0.0,0.0,-1.0
1461282823,1461282638,-0.023053296,-0.036696717,0.0890946,0.6813194,0.0,0.0,0.0,-1.0
1461386779,1461386638,-0.028896442,-0.03262703,0.08436237,0.68131256,0.0,0.0,0.0,-1.0
1461486821,1461486638,-0.025832705,-0.03869623,0.077325955,0.6799561,0.0,0.0,0.0,-1.0
1461586828,1461586638,-0.017431071,-0.036238015,0.070517614,0.6812191,0.0,0.0,0.0,-1.0
1461691622,1461691441,-0.01797283,-0.020011147,0.06455453,0.6873774,0.0,0.0,0.0,-1.0
1461791639,1461791438,-0.018818643,-0.024667298,0.05855067,0.68364733,0.0,0.0,0.0,-1.0
1461891633,1461891438,-0.013916483,-0.028204318,0.05009275,0.68570703,0.0,0.0,0.0,-1.0
1461995586,1461995439,-0.010954907,-0.025079688,0.04611849,0.6818491,0.0,0.0,0.0,-1.0
1462096424,1462096238,-0.015827715,-0.028311605,0.041748844,0.68007445,0.0,0.0,0.0,-1.0
1462196499,1462196238,-0.0182179,-0.023704376,0.041574597,0.6825386,0.0,0.0,0.0,-1.0
1462300427,1462300238,-0.011221189,-0.019530982,0.040496163,0.68252003,0.0,0.0,0.0,-1.0
1462400428,1462400238,-0.013646181,-0.03005224,0.042140335,0.68035287,0.0,0.0,0.0,-1.0
1462501231,1462501038,-0.020137012,-0.037348915,0.03921148,0.6762426,0.0,0.0,0.0,-1.0
1462605230,1462605040,-0.019144462,-0.039298184,0.043023534,0.6795358,0.0,0.0,0.0,-1.0
1462705235,1462705040,-0.013981773,-0.025232866,0.044245128,0.6815924,0.0,0.0,0.0,-1.0
1462805204,1462805058,-0.014020583,-0.019054923,0.043298926,0.68203366,0.0,0.0,0.0,-1.0
1462910124,1462909838,-0.020954536,-0.03568028,0.044048697,0.6814921,0.0,0.0,0.0,-1.0
1463014029,1463013840,-0.008403478,-0.032486726,0.04278723,0.68172985,0.0,0.0,0.0,-1.0
1463114027,1463113838,-0.008929119,-0.045326103,0.041862123,0.6795803,0.0,0.0,0.0,-1.0
1463218037,1463217838,-0.007872686,-0.034282565,0.043008637,0.68197197,0.0,0.0,0.0,-1.0
1463318788,1463318638,-0.012317567,-0.032493327,0.037912317,0.68251795,0.0,0.0,0.0,-1.0
1463418821,1463418638,-0.018550461,-0.040271066,0.036736667,0.67812955,0.0,0.0,0.0,-1.0
1463518828,1463518640,-0.008825027,-0.016398031,0.031476006,0.67974097,0.0,0.0,0.0,-1.0
1463622820,1463622638,-0.013293168,-0.015557452,0.032838847,0.6825339,0.0,0.0,0.0,-1.0
1463723621,1463723438,-0.011397743,-0.01646045,0.030436555,0.6799212,0.0,0.0,0.0,-1.0
1463823773,1463823438,-0.005315111,-0.036899023,0.03154082,0.68064237,0.0,0.0,0.0,-1.0
1463927630,1463927439,-0.0047219684,-0.023465263,0.030585362,0.68442166,0.0,0.0,0.0,-1.0
1464027602,1464027439,-0.0047166613,-0.041877836,0.02939336,0.6815178,0.0,0.0,0.0,-1.0
1464128425,1464128238,-0.0065443157,-0.035771072,0.031748928,0.6789765,0.0,0.0,0.0,-1.0
1464232430,1464232238,-0.016463358,-0.031796087,0.031134298,0.68215907,0.0,0.0,0.0,-1.0
1464332429,1464332238,-0.010401997,-0.04230787,0.037543245,0.68008447,0.0,0.0,0.0,-1.0
1464433298,1464433038,-0.006192166,-0.022283526,0.037932612,0.6836527,0.0,0.0,0.0,-1.0
1464537224,1464537038,-0.01529551,-0.040558603,0.038099404,0.67751884,0.0,0.0,0.0,-1.0
1464637234,1464637041,0.0142083,-0.041323833,0.040931776,0.68107796,0.0,0.0,0.0,-1.0
1464737254,1464737058,-0.0017849728,-0.018939102,0.04320716,0.68730116,0.0,0.0,0.0,-1.0
1464842053,1464841841,-0.007302159,-0.03223372,0.042725567,0.6809371,0.0,0.0,0.0,-1.0
1464946034,1464945841,-0.013769085,-0.037065968,0.042879526,0.68053883,0.0,0.0,0.0,-1.0
1465046021,1465045839,-0.012459054,-0.048596844,0.043429125,0.66969556,0.0,0.0,0.0,-1.0
1465150039,1465149840,-0.00980287,-0.040367946,0.042894594,0.6713531,0.0,0.0,0.0,-1.0
1465250974,1465250638,-0.010024127,-0.053277835,0.047549926,0.65484786,0.0,0.0,0.0,-1.0
1465354821,1465354638,-0.011603902,-0.041754004,0.04439431,0.6518042,0.0,0.0,0.0,-1.0
1465454823,1465454638,-0.009805937,-0.030129958,0.046872504,0.6733305,0.0,0.0,0.0,-1.0
1465558826,1465558642,-0.010067312,-0.045871608,0.042261146,0.6765218,0.0,0.0,0.0,-1.0
1465659578,1465659439,-0.0052719647,-0.04635582,0.04628231,0.6718377,0.0,0.0,0.0,-1.0
1465759627,1465759438,-0.008056151,-0.04095804,0.04570764,0.678577,0.0,0.0,0.0,-1.0
1465863620,1465863438,-0.013220961,-0.05325571,0.047738135,0.6734056,0.0,0.0,0.0,-1.0
1465963626,1465963439,-0.00725761,-0.03206399,0.048017792,0.6731155,0.0,0.0,0.0,-1.0
1466064423,1466064238,-0.006614765,-0.041081518,0.047923148,0.6735478,0.0,0.0,0.0,-1.0
1466168430,1466168238,-0.015149512,-0.04071114,0.047822565,0.6756172,0.0,0.0,0.0,-1.0
1466268390,1466268238,-0.019278556,-0.047234543,0.052934784,0.6746721,0.0,0.0,0.0,-1.0
1466368423,1466368238,-0.016771765,-0.05394358,0.05582328,0.67525065,0.0,0.0,0.0,-1.0
1466469234,1466469038,-0.016142668,-0.04249846,0.05491064,0.67945963,0.0,0.0,0.0,-1.0
1466573228,1466573073,-0.015020673,-0.041382506,0.053125292,0.67817813,0.0,0.0,0.0,-1.0
1466673230,1466673038,-0.025173448,-0.061670724,0.055742443,0.6822721,0.0,0.0,0.0,-1.0
1466773224,1466773038,-0.017397404,-0.04497841,0.056798134,0.68602836,0.0,0.0,0.0,-1.0
1466878028,1466877839,-0.022141725,-0.00838614,0.06014803,0.6813227,0.0,0.0,0.0,-1.0
1466978020,1466977838,-0.022149783,-0.01925921,0.063619725,0.6808534,0.0,0.0,0.0,-1.0
1467082040,1467081838,-0.018585248,-0.033076327,0.06062288,0.67763865,0.0,0.0,0.0,-1.0
1467182987,1467182641,-0.018477462,-0.038852252,0.059447225,0.67650425,0.0,0.0,0.0,-1.0
1467282782,1467282638,-0.016748648,-0.045719627,0.059977595,0.6760173,0.0,0.0,0.0,-1.0
1467383000,1467382639,-0.017170755,-0.047109574,0.058385406,0.67752594,0.0,0.0,0.0,-1.0
1467486816,1467486678,-0.023801824,-0.036840692,0.05867148,0.68073285,0.0,0.0,0.0,-1.0
1467587637,1467587438,-0.017368825,-0.045499805,0.057954527,0.6796038,0.0,0.0,0.0,-1.0
1467687630,1467687438,-0.017945603,-0.044279635,0.05540251,0.68129253,0.0,0.0,0.0,-1.0
1467791648,1467791459,-0.019081391,-0.03702674,0.051595256,0.6778358,0.0,0.0,0.0,-1.0
1467891584,1467891439,-0.019830842,-0.037144255,0.049718656,0.67728084,0.0,0.0,0.0,-1.0
1467992425,1467992239,-0.022434033,-0.022918466,0.04767082,0.68147,0.0,0.0,0.0,-1.0
1468096424,1468096238,-0.0143247815,-0.022816472,0.04357041,0.67932403,0.0,0.0,0.0,-1.0
1468196569,1468196238,-0.023012398,-0.035444677,0.044586387,0.68268186,0.0,0.0,0.0,-1.0
1468296435,1468296238,-0.017585622,-0.03826181,0.04371696,0.6806712,0.0,0.0,0.0,-1.0
1468401228,1468401039,-0.022036534,-0.032899108,0.04295084,0.67686933,0.0,0.0,0.0,-1.0
1468501232,1468501040,-0.023220249,-0.03665657,0.04234303,0.6778554,0.0,0.0,0.0,-1.0
1468601206,1468601058,-0.019854529,-0.03244933,0.049758777,0.67890495,0.0,0.0,0.0,-1.0
1468706044,1468705841,-0.018429862,-0.024500698,0.04226692,0.6768196,0.0,0.0,0.0,-1.0
1468806023,1468805840,-0.024942178,-0.047936764,0.049035423,0.67536455,0.0,0.0,0.0,-1.0
1468906021,1468905838,-0.029331641,-0.006833822,0.046039153,0.6775553,0.0,0.0,0.0,-1.0
1469010138,1469009840,-0.02387007,-0.040818844,0.04381477,0.68230456,0.0,0.0,0.0,-1.0
1469110021,1469109838,-0.017498773,-0.014648867,0.040770374,0.6790145,0.0,0.0,0.0,-1.0
1469210830,1469210639,-0.022053847,-0.02355028,0.041752666,0.6800264,0.0,0.0,0.0,-1.0
1469314821,1469314638,-0.01817575,-0.027424794,0.034957416,0.67866844,0.0,0.0,0.0,-1.0
1469418819,1469418681,-0.016164603,-0.010587672,0.03495083,0.6818209,0.0,0.0,0.0,-1.0
1469518827,1469518641,-0.013430578,-0.038870398,0.024250414,0.6803467,0.0,0.0,0.0,-1.0
1469619633,1469619438,-0.017922414,-0.029348487,0.026320167,0.6792332,0.0,0.0,0.0,-1.0
1469723640,1469723439,-0.009323925,-0.024986506,0.021721153,0.67815363,0.0,0.0,0.0,-1.0
1469827622,1469827439,-0.016114073,-0.02957593,0.017463591,0.6809365,0.0,0.0,0.0,-1.0
1469927582,1469927438,-0.012000022,-0.028626606,0.015843995,0.68318534,0.0,0.0,0.0,-1.0
1470032434,1470032238,-0.020976454,-0.026711036,0.01499732,0.68168616,0.0,0.0,0.0,-1.0
1470132380,1470132238,-0.015251687,-0.020107424,0.017081691,0.68249476,0.0,0.0,0.0,-1.0
1470232435,1470232250,-0.01385769,-0.046583153,0.016265726,0.68303883,0.0,0.0,0.0,-1.0
1470333226,1470333040,-0.01183017,-0.028586268,0.017470894,0.6832361,0.0,0.0,0.0,-1.0
1470437216,1470437072,-0.01061847,-0.026722167,0.018952547,0.6787608,0.0,0.0,0.0,-1.0
1470537231,1470537038,-0.0071064937,-0.03468009,0.0149503,0.6839671,0.0,0.0,0.0,-1.0
1470641236,1470641038,-0.008500041,-0.03042688,0.015883822,0.68199897,0.0,0.0,0.0,-1.0
1470742021,1470741838,-0.008464086,-0.051172722,0.012342123,0.67900443,0.0,0.0,0.0,-1.0
1470842021,1470841839,-0.0068650283,-0.035094365,0.012780258,0.684815,0.0,0.0,0.0,-1.0
1470946036,1470945838,-0.014020401,-0.015509092,0.009243999,0.6798754,0.0,0.0,0.0,-1.0
1471046021,1471045838,-0.00474688,-0.0441774,0.0065987185,0.68153393,0.0,0.0,0.0,-1.0
1471146831,1471146641,-0.009754762,-0.020700525,0.0057771336,0.68304074,0.0,0.0,0.0,-1.0
1471246821,1471246638,-0.008506933,-0.041098747,0.0035845134,0.68278563,0.0,0.0,0.0,-1.0
1471350829,1471350638,-0.006511946,-0.0399086,0.0012490712,0.68152344,0.0,0.0,0.0,-1.0
1471450822,1471450640,-0.012638938,-0.014671924,0.003483951,0.67794013,0.0,0.0,0.0,-1.0
1471551626,1471551438,-0.011942947,-0.025784237,0.0029959753,0.67442894,0.0,0.0,0.0,-1.0
1471655621,1471655438,-0.020641424,-0.037310984,0.0053655766,0.67809886,0.0,0.0,0.0,-1.0
1471755582,1471755438,-0.009983788,-0.044317313,0.008516466,0.67782,0.0,0.0,0.0,-1.0
1471859626,1471859438,-0.006361465,-0.023611987,0.00905916,0.67841196,0.0,0.0,0.0,-1.0
1471960382,1471960238,-0.013205971,-0.048621006,0.007126987,0.6770965,0.0,0.0,0.0,-1.0
1472060384,1472060238,-0.0077046934,-0.027928295,0.009085423,0.67511195,0.0,0.0,0.0,-1.0
1472160426,1472160238,-0.011459717,-0.044650447,0.006503502,0.6732689,0.0,0.0,0.0,-1.0
1472365234,1472365041,-0.0143783055,-0.02492342,0.009463167,0.66803634,0.0,0.0,0.0,-1.0
1472465270,1472465060,-0.0040058885,-0.022025496,0.010228982,0.6618835,0.0,0.0,0.0,-1.0
1472569224,1472569038,-0.010610562,-0.03422422,0.016757784,0.66522044,0.0,0.0,0.0,-1.0
1472669183,1472669038,-0.010625832,-0.030568976,0.015035905,0.66271406,0.0,0.0,0.0,-1.0
1472770029,1472769838,-0.01819063,-0.04972103,0.017235067,0.6550032,0.0,0.0,0.0,-1.0
1472874020,1472873838,-0.013960153,-0.048680052,0.019724643,0.6513693,0.0,0.0,0.0,-1.0
1472974037,1472973838,-0.012592902,-0.034858502,0.017549058,0.6483685,0.0,0.0,0.0,-1.0
1473074831,1473074638,-0.016129918,-0.025966415,0.019849442,0.65001005,0.0,0.0,0.0,-1.0
1473178843,1473178640,-0.006166722,-0.036256127,0.019705394,0.6424383,0.0,0.0,0.0,-1.0
1473278785,1473278638,-0.009901178,-0.017477298,0.018031914,0.64592284,0.0,0.0,0.0,-1.0
1473378812,1473378639,-0.010478167,-0.026321849,0.013389187,0.6495778,0.0,0.0,0.0,-1.0
1473483639,1473483439,-0.014106629,-0.037461963,0.012223721,0.6466237,0.0,0.0,0.0,-1.0
1473587643,1473587441,-0.00853609,-0.03867343,0.008919079,0.6272569,0.0,0.0,0.0,-1.0
1473687576,1473687438,-0.015506669,-0.032523572,0.0053841677,0.6436884,0.0,0.0,0.0,-1.0
1473791642,1473791439,-0.016847176,-0.03375826,0.010216428,0.6397501,0.0,0.0,0.0,-1.0
1473892424,1473892238,-0.0060412996,-0.02503756,0.009719377,0.6428721,0.0,0.0,0.0,-1.0
1473992432,1473992238,-0.020611139,-0.02250089,0.011875908,0.635498,0.0,0.0,0.0,-1.0
1474092432,1474092238,-0.022272319,-0.014390514,0.015020538,0.6300589,0.0,0.0,0.0,-1.0
1474196437,1474196251,-0.009712279,-0.033589706,0.021201951,0.62447095,0.0,0.0,0.0,-1.0
1474297183,1474297038,-0.01055964,-0.06031737,0.029949777,0.6178477,0.0,0.0,0.0,-1.0
1474397258,1474397058,-0.001231919,-0.05689428,0.03568971,0.6281846,0.0,0.0,0.0,-1.0
1474501230,1474501039,-0.01745315,-0.03775015,0.037870627,0.6234727,0.0,0.0,0.0,-1.0
1474601226,1474601038,-0.020570213,-0.04827347,0.042896017,0.6132076,0.0,0.0,0.0,-1.0
1474702021,1474701838,-0.008868411,-0.04728723,0.04120505,0.6100159,0.0,0.0,0.0,-1.0
1474806027,1474805838,-0.01925531,-0.042565078,0.038809706,0.60645866,0.0,0.0,0.0,-1.0
1474906052,1474905839,-0.01251217,-0.029586306,0.038579874,0.6033693,0.0,0.0,0.0,-1.0
1475006826,1475006638,-0.03158254,-0.044534653,0.039854012,0.59525394,0.0,0.0,0.0,-1.0
1475110829,1475110641,-0.0029260041,-0.067521095,0.038529746,0.5886075,0.0,0.0,0.0,-1.0
1475210827,1475210638,-0.0029370005,-0.042297024,0.04040032,0.5828824,0.0,0.0,0.0,-1.0
1475310852,1475310638,0.052912198,-0.020204885,0.050005227,0.3311928,0.0,0.0,0.0,-1.0
1475415632,1475415438,0.023962697,-0.07758564,0.056337893,0.1618817,0.0,0.0,0.0,-1.0
1475515620,1475515439,-0.049590603,-0.030776167,-0.05297759,0.10922316,0.0,0.0,0.0,-1.0
1475615619,1475615438,-0.01114893,-0.10994452,-0.15436645,0.100057624,0.0,0.0,0.0,-1.0
1475719575,1475719438,-0.02597815,-0.1430078,-0.34389454,0.1000665,0.0,0.0,0.0,-1.0
1475820487,1475820282,-0.009687921,-0.027004644,-0.3948425,0.1,0.0,0.0,0.0,-1.0
1475920383,1475920238,-0.022320691,-0.03172196,-0.3931985,0.1,0.0,0.0,0.0,-1.0
1476024423,1476024238,-0.022597836,-0.033128448,-0.39572087,0.1,0.0,0.0,0.0,-1.0
1476124433,1476124238,-0.02366862,-0.034001794,-0.39462054,0.1,0.0,0.0,0.0,-1.0
1476225185,1476225038,-0.012537161,-0.035040073,-0.39127207,0.1,0.0,0.0,0.0,-1.0
1476325223,1476325038,-0.027392337,-0.034908697,-0.39489415,0.1,0.0,0.0,0.0,-1.0
1476429232,1476429081,-0.022290599,-0.03421466,-0.18635887,0.1,0.0,0.0,0.0,-1.0
1476529223,1476529038,-0.01855294,-0.033125307,-0.181061,0.1,0.0,0.0,0.0,-1.0
1476630039,1476629838,-0.01824156,-0.03442991,-0.18458766,0.1,0.0,0.0,0.0,-1.0
1476733982,1476733839,-0.018195938,-0.034356516,-0.17877698,0.1,0.0,0.0,0.0,-1.0
1476834029,1476833838,-0.025640799,-0.036316063,-0.18726347,0.1,0.0,0.0,0.0,-1.0
1476934817,1476934639,0.00030508963,0.009519617,-0.20779727,0.1,0.0,0.0,0.0,-1.0
1477038819,1477038638,-0.0038993342,0.009702321,-0.20853168,0.1,0.0,0.0,0.0,-1.0
1477138815,1477138638,-0.004581014,0.010092839,-0.21034372,0.1,0.0,0.0,0.0,-1.0
1477238829,1477238641,-0.004205102,0.008409643,-0.20915866,0.1,0.0,0.0,0.0,-1.0
1477343760,1477343438,-0.004354297,0.009790721,-0.21027903,0.1,0.0,0.0,0.0,-1.0
1477443623,1477443438,-0.005018036,0.007220125,-0.20902641,0.1,0.0,0.0,0.0,-1.0
