timestamp,min_distance,max_distance,current_distance,covariance,type,id,orientation
1398910116,0.3,5.0,1.406,0.0,1,0,25
1399012985,0.3,5.0,1.4150001,0.0,1,0,25
1402117188,0.3,5.0,1.455,0.0,1,0,25
1402220301,0.3,5.0,1.4530001,0.0,1,0,25
1402323939,0.3,5.0,1.4560001,0.0,1,0,25
1402427772,0.3,5.0,1.4580001,0.0,1,0,25
1402533132,0.3,5.0,1.4610001,0.0,1,0,25
1402637109,0.3,5.0,1.457,0.0,1,0,25
1402740817,0.3,5.0,1.47,0.0,1,0,25
1402843295,0.3,5.0,1.463,0.0,1,0,25
1402947833,0.3,5.0,1.462,0.0,1,0,25
1403053583,0.3,5.0,1.463,0.0,1,0,25
1403158271,0.3,5.0,1.462,0.0,1,0,25
1403261456,0.3,5.0,1.465,0.0,1,0,25
1403364182,0.3,5.0,1.462,0.0,1,0,25
1403470221,0.3,5.0,1.465,0.0,1,0,25
1403572628,0.3,5.0,1.4640001,0.0,1,0,25
1403678276,0.3,5.0,1.4660001,0.0,1,0,25
1403782685,0.3,5.0,1.4710001,0.0,1,0,25
1403887829,0.3,5.0,1.4690001,0.0,1,0,25
1403991562,0.3,5.0,1.473,0.0,1,0,25
1404095365,0.3,5.0,1.468,0.0,1,0,25
1404199813,0.3,5.0,1.4660001,0.0,1,0,25
1404304648,0.3,5.0,1.4720001,0.0,1,0,25
1404408278,0.3,5.0,1.473,0.0,1,0,25
1404512335,0.3,5.0,1.473,0.0,1,0,25
1404720323,0.3,5.0,1.4760001,0.0,1,0,25
1404929211,0.3,5.0,1.4740001,0.0,1,0,25
1405032917,0.3,5.0,1.4760001,0.0,1,0,25
1405135836,0.3,5.0,1.4770001,0.0,1,0,25
1405242175,0.3,5.0,1.475,0.0,1,0,25
1405345721,0.3,5.0,1.475,0.0,1,0,25
1405449794,0.3,5.0,1.473,0.0,1,0,25
1405658253,0.3,5.0,1.4690001,0.0,1,0,25
1405762385,0.3,5.0,1.473,0.0,1,0,25
1405866310,0.3,5.0,1.47,0.0,1,0,25
1405970369,0.3,5.0,1.47,0.0,1,0,25
1406075088,0.3,5.0,1.4710001,0.0,1,0,25
1406179132,0.3,5.0,1.48,0.0,1,0,25
1406282799,0.3,5.0,1.47,0.0,1,0,25
1406386957,0.3,5.0,1.4710001,0.0,1,0,25
1406491083,0.3,5.0,1.465,0.0,1,0,25
1406594577,0.3,5.0,1.465,0.0,1,0,25
1406698231,0.3,5.0,1.4720001,0.0,1,0,25
1406803994,0.3,5.0,1.465,0.0,1,0,25
1406906321,0.3,5.0,1.473,0.0,1,0,25
1407011201,0.3,5.0,1.468,0.0,1,0,25
1407115191,0.3,5.0,1.462,0.0,1,0,25
1407217185,0.3,5.0,1.4610001,0.0,1,0,25
1407320696,0.3,5.0,1.4790001,0.0,1,0,25
1407424692,0.3,5.0,1.46,0.0,1,0,25
1407528975,0.3,5.0,0.0,0.0,1,0,25
1407633281,0.3,5.0,0.0,0.0,1,0,25
1407737469,0.3,5.0,1.4610001,0.0,1,0,25
1407841538,0.3,5.0,1.465,0.0,1,0,25
1407946291,0.3,5.0,1.4590001,0.0,1,0,25
1408050327,0.3,5.0,1.462,0.0,1,0,25
1408154112,0.3,5.0,0.0,0.0,1,0,25
1408258291,0.3,5.0,1.465,0.0,1,0,25
1408363090,0.3,5.0,1.475,0.0,1,0,25
1408467160,0.3,5.0,1.4640001,0.0,1,0,25
1408570797,0.3,5.0,1.46,0.0,1,0,25
1408675102,0.3,5.0,1.463,0.0,1,0,25
1408778295,0.3,5.0,1.46,0.0,1,0,25
1408884492,0.3,5.0,1.4580001,0.0,1,0,25
1408988302,0.3,5.0,1.4740001,0.0,1,0,25
1409092338,0.3,5.0,1.463,0.0,1,0,25
1409196989,0.3,5.0,0.0,0.0,1,0,25
1409299837,0.3,5.0,1.463,0.0,1,0,25
1409403386,0.3,5.0,1.4670001,0.0,1,0,25
1409507377,0.3,5.0,1.4590001,0.0,1,0,25
1409611155,0.3,5.0,1.462,0.0,1,0,25
1409714564,0.3,5.0,1.4590001,0.0,1,0,25
1409817876,0.3,5.0,1.465,0.0,1,0,25
1409920645,0.3,5.0,1.4580001,0.0,1,0,25
1410024633,0.3,5.0,0.0,0.0,1,0,25
1410130252,0.3,5.0,1.4530001,0.0,1,0,25
1410234879,0.3,5.0,0.0,0.0,1,0,25
1410338176,0.3,5.0,1.4530001,0.0,1,0,25
1410442914,0.3,5.0,1.4560001,0.0,1,0,25
1410547031,0.3,5.0,1.4540001,0.0,1,0,25
1410650124,0.3,5.0,1.452,0.0,1,0,25
1410752152,0.3,5.0,1.4640001,0.0,1,0,25
1410855096,0.3,5.0,0.0,0.0,1,0,25
1410957152,0.3,5.0,1.4560001,0.0,1,0,25
1411059972,0.3,5.0,1.457,0.0,1,0,25
1411163775,0.3,5.0,1.4560001,0.0,1,0,25
1411268684,0.3,5.0,1.462,0.0,1,0,25
1411371792,0.3,5.0,1.4560001,0.0,1,0,25
1411476787,0.3,5.0,1.4540001,0.0,1,0,25
1411579376,0.3,5.0,0.0,0.0,1,0,25
1411683184,0.3,5.0,1.462,0.0,1,0,25
1411785190,0.3,5.0,1.4610001,0.0,1,0,25
1411888924,0.3,5.0,1.4660001,0.0,1,0,25
1411993490,0.3,5.0,1.4670001,0.0,1,0,25
1412097461,0.3,5.0,1.465,0.0,1,0,25
1412200126,0.3,5.0,1.47,0.0,1,0,25
1412302142,0.3,5.0,1.4670001,0.0,1,0,25
1412405478,0.3,5.0,1.47,0.0,1,0,25
1412510778,0.3,5.0,1.4690001,0.0,1,0,25
1412614520,0.3,5.0,1.4720001,0.0,1,0,25
1412718471,0.3,5.0,0.0,0.0,1,0,25
1412823119,0.3,5.0,1.4770001,0.0,1,0,25
1412927169,0.3,5.0,1.4710001,0.0,1,0,25
1413031118,0.3,5.0,1.4720001,0.0,1,0,25
1413135161,0.3,5.0,1.4690001,0.0,1,0,25
1413239624,0.3,5.0,1.468,0.0,1,0,25
1413343911,0.3,5.0,0.0,0.0,1,0,25
1413447871,0.3,5.0,1.475,0.0,1,0,25
1413551988,0.3,5.0,1.4690001,0.0,1,0,25
1413656387,0.3,5.0,1.4690001,0.0,1,0,25
1413760411,0.3,5.0,1.4710001,0.0,1,0,25
1413864739,0.3,5.0,1.4720001,0.0,1,0,25
1413968750,0.3,5.0,1.4670001,0.0,1,0,25
1414072653,0.3,5.0,1.4690001,0.0,1,0,25
1414177537,0.3,5.0,1.47,0.0,1,0,25
1414281679,0.3,5.0,1.4710001,0.0,1,0,25
1414385429,0.3,5.0,1.4740001,0.0,1,0,25
1414489525,0.3,5.0,1.4710001,0.0,1,0,25
1414594592,0.3,5.0,1.4670001,0.0,1,0,25
1414698566,0.3,5.0,1.4710001,0.0,1,0,25
1414802773,0.3,5.0,1.4660001,0.0,1,0,25
1414906184,0.3,5.0,1.4640001,0.0,1,0,25
1415010133,0.3,5.0,1.4660001,0.0,1,0,25
1415115137,0.3,5.0,1.463,0.0,1,0,25
1415217745,0.3,5.0,1.468,0.0,1,0,25
1415321592,0.3,5.0,0.0,0.0,1,0,25
1415424139,0.3,5.0,1.468,0.0,1,0,25
1415527895,0.3,5.0,1.473,0.0,1,0,25
1415631925,0.3,5.0,1.4670001,0.0,1,0,25
1415735767,0.3,5.0,1.468,0.0,1,0,25
1415840328,0.3,5.0,1.4710001,0.0,1,0,25
1416048694,0.3,5.0,1.4670001,0.0,1,0,25
1416152737,0.3,5.0,1.4660001,0.0,1,0,25
1416256695,0.3,5.0,1.4720001,0.0,1,0,25
1416465439,0.3,5.0,1.4710001,0.0,1,0,25
1416569231,0.3,5.0,1.478,0.0,1,0,25
1416673482,0.3,5.0,1.4740001,0.0,1,0,25
1416778503,0.3,5.0,1.4670001,0.0,1,0,25
1416882440,0.3,5.0,1.4670001,0.0,1,0,25
1417091261,0.3,5.0,1.4760001,0.0,1,0,25
1417195008,0.3,5.0,1.473,0.0,1,0,25
1417299117,0.3,5.0,1.4670001,0.0,1,0,25
1417403092,0.3,5.0,1.478,0.0,1,0,25
1417506129,0.3,5.0,1.48,0.0,1,0,25
1417609238,0.3,5.0,1.4670001,0.0,1,0,25
1417713234,0.3,5.0,1.4670001,0.0,1,0,25
1417817243,0.3,5.0,1.475,0.0,1,0,25
1417921124,0.3,5.0,1.4670001,0.0,1,0,25
1418024355,0.3,5.0,1.463,0.0,1,0,25
1418128885,0.3,5.0,1.4580001,0.0,1,0,25
1418232668,0.3,5.0,1.462,0.0,1,0,25
1418336730,0.3,5.0,1.462,0.0,1,0,25
1418441876,0.3,5.0,1.468,0.0,1,0,25
1418545474,0.3,5.0,1.4610001,0.0,1,0,25
1418649529,0.3,5.0,1.4740001,0.0,1,0,25
1418753194,0.3,5.0,1.465,0.0,1,0,25
1418857172,0.3,5.0,1.4710001,0.0,1,0,25
1418962226,0.3,5.0,1.465,0.0,1,0,25
1419066233,0.3,5.0,1.4640001,0.0,1,0,25
1419170169,0.3,5.0,1.463,0.0,1,0,25
1419274320,0.3,5.0,1.4640001,0.0,1,0,25
1419378800,0.3,5.0,1.462,0.0,1,0,25
1419483101,0.3,5.0,1.4640001,0.0,1,0,25
1419587133,0.3,5.0,1.462,0.0,1,0,25
1419691004,0.3,5.0,1.47,0.0,1,0,25
1419795047,0.3,5.0,0.0,0.0,1,0,25
1419900033,0.3,5.0,1.468,0.0,1,0,25
1420004674,0.3,5.0,1.4640001,0.0,1,0,25
1420108592,0.3,5.0,1.4690001,0.0,1,0,25
1420211834,0.3,5.0,1.465,0.0,1,0,25
1420315150,0.3,5.0,1.47,0.0,1,0,25
1420419251,0.3,5.0,1.4660001,0.0,1,0,25
1420522818,0.3,5.0,1.463,0.0,1,0,25
1420625197,0.3,5.0,1.4670001,0.0,1,0,25
1420729707,0.3,5.0,1.463,0.0,1,0,25
1420833493,0.3,5.0,1.4640001,0.0,1,0,25
1420937099,0.3,5.0,1.4690001,0.0,1,0,25
1421041514,0.3,5.0,1.463,0.0,1,0,25
1421146261,0.3,5.0,1.4670001,0.0,1,0,25
1421251079,0.3,5.0,1.4640001,0.0,1,0,25
1421354735,0.3,5.0,1.463,0.0,1,0,25
1421458323,0.3,5.0,1.4640001,0.0,1,0,25
1421561435,0.3,5.0,1.4610001,0.0,1,0,25
1421665763,0.3,5.0,0.0,0.0,1,0,25
1421769435,0.3,5.0,1.465,0.0,1,0,25
1421873665,0.3,5.0,1.4640001,0.0,1,0,25
1421976290,0.3,5.0,1.463,0.0,1,0,25
1422079597,0.3,5.0,1.4660001,0.0,1,0,25
1422183979,0.3,5.0,1.462,0.0,1,0,25
1422288024,0.3,5.0,1.4660001,0.0,1,0,25
1422392709,0.3,5.0,0.0,0.0,1,0,25
1422496736,0.3,5.0,1.4670001,0.0,1,0,25
1422600726,0.3,5.0,1.463,0.0,1,0,25
1422703302,0.3,5.0,1.4660001,0.0,1,0,25
1422809531,0.3,5.0,1.4660001,0.0,1,0,25
1422913494,0.3,5.0,1.462,0.0,1,0,25
1423017582,0.3,5.0,1.463,0.0,1,0,25
1423121507,0.3,5.0,1.4610001,0.0,1,0,25
1423226296,0.3,5.0,1.457,0.0,1,0,25
1423330310,0.3,5.0,1.46,0.0,1,0,25
1423434320,0.3,5.0,1.46,0.0,1,0,25
1423538001,0.3,5.0,1.4670001,0.0,1,0,25
1423642689,0.3,5.0,1.4590001,0.0,1,0,25
1423747130,0.3,5.0,1.4590001,0.0,1,0,25
1423851124,0.3,5.0,1.455,0.0,1,0,25
1423954829,0.3,5.0,1.4560001,0.0,1,0,25
1424058589,0.3,5.0,1.4560001,0.0,1,0,25
1424162570,0.3,5.0,1.463,0.0,1,0,25
1424265177,0.3,5.0,1.4560001,0.0,1,0,25
1424367888,0.3,5.0,1.457,0.0,1,0,25
1424471561,0.3,5.0,1.455,0.0,1,0,25
1424575071,0.3,5.0,1.4590001,0.0,1,0,25
1424677483,0.3,5.0,1.4560001,0.0,1,0,25
1424781125,0.3,5.0,1.463,0.0,1,0,25
1424884871,0.3,5.0,0.0,0.0,1,0,25
1424989218,0.3,5.0,1.462,0.0,1,0,25
1425094107,0.3,5.0,1.4490001,0.0,1,0,25
1425197751,0.3,5.0,1.4490001,0.0,1,0,25
1425300635,0.3,5.0,1.452,0.0,1,0,25
1425404621,0.3,5.0,1.4490001,0.0,1,0,25
1425508987,0.3,5.0,1.452,0.0,1,0,25
1425614398,0.3,5.0,0.0,0.0,1,0,25
1425718119,0.3,5.0,1.4480001,0.0,1,0,25
1425821437,0.3,5.0,1.457,0.0,1,0,25
1425925762,0.3,5.0,1.4530001,0.0,1,0,25
1426029430,0.3,5.0,1.4560001,0.0,1,0,25
1426132142,0.3,5.0,1.4510001,0.0,1,0,25
1426235909,0.3,5.0,1.452,0.0,1,0,25
1426339739,0.3,5.0,0.0,0.0,1,0,25
1426443581,0.3,5.0,1.455,0.0,1,0,25
1426547898,0.3,5.0,0.0,0.0,1,0,25
1426652641,0.3,5.0,1.452,0.0,1,0,25
1426756682,0.3,5.0,1.452,0.0,1,0,25
1426860722,0.3,5.0,1.4510001,0.0,1,0,25
1426964697,0.3,5.0,1.4490001,0.0,1,0,25
1427068811,0.3,5.0,1.45,0.0,1,0,25
1427173509,0.3,5.0,1.4480001,0.0,1,0,25
1427380174,0.3,5.0,1.447,0.0,1,0,25
1427485523,0.3,5.0,1.4410001,0.0,1,0,25
1427590272,0.3,5.0,0.0,0.0,1,0,25
1427694311,0.3,5.0,1.445,0.0,1,0,25
1427798137,0.3,5.0,1.447,0.0,1,0,25
1427900135,0.3,5.0,1.4510001,0.0,1,0,25
1428003147,0.3,5.0,1.4440001,0.0,1,0,25
1428105434,0.3,5.0,1.445,0.0,1,0,25
1428209716,0.3,5.0,1.447,0.0,1,0,25
1428313753,0.3,5.0,1.4430001,0.0,1,0,25
1428417183,0.3,5.0,1.4430001,0.0,1,0,25
1428519926,0.3,5.0,1.4410001,0.0,1,0,25
1428623660,0.3,5.0,1.4430001,0.0,1,0,25
1428727095,0.3,5.0,1.442,0.0,1,0,25
1428832539,0.3,5.0,1.4410001,0.0,1,0,25
1428936446,0.3,5.0,1.442,0.0,1,0,25
1429040696,0.3,5.0,1.447,0.0,1,0,25
1429144621,0.3,5.0,1.447,0.0,1,0,25
1429248923,0.3,5.0,1.4480001,0.0,1,0,25
1429353453,0.3,5.0,1.45,0.0,1,0,25
1429457465,0.3,5.0,1.447,0.0,1,0,25
1429561082,0.3,5.0,1.4460001,0.0,1,0,25
1429666300,0.3,5.0,1.45,0.0,1,0,25
1429770312,0.3,5.0,1.447,0.0,1,0,25
1429874004,0.3,5.0,1.447,0.0,1,0,25
1429978290,0.3,5.0,1.4480001,0.0,1,0,25
1430083104,0.3,5.0,1.4480001,0.0,1,0,25
1430185715,0.3,5.0,1.447,0.0,1,0,25
1430289808,0.3,5.0,1.447,0.0,1,0,25
1430393422,0.3,5.0,0.0,0.0,1,0,25
1430496302,0.3,5.0,1.445,0.0,1,0,25
1430599886,0.3,5.0,1.4480001,0.0,1,0,25
1430703601,0.3,5.0,1.447,0.0,1,0,25
1430807711,0.3,5.0,1.4480001,0.0,1,0,25
1430912633,0.3,5.0,1.47,0.0,1,0,25
1431016693,0.3,5.0,0.0,0.0,1,0,25
1431120714,0.3,5.0,1.4460001,0.0,1,0,25
1431224574,0.3,5.0,1.45,0.0,1,0,25
1431433604,0.3,5.0,1.4460001,0.0,1,0,25
1431538054,0.3,5.0,1.455,0.0,1,0,25
1431641874,0.3,5.0,1.447,0.0,1,0,25
1431744646,0.3,5.0,1.4480001,0.0,1,0,25
1431850334,0.3,5.0,1.4490001,0.0,1,0,25
1431954263,0.3,5.0,1.4490001,0.0,1,0,25
1432058280,0.3,5.0,1.4490001,0.0,1,0,25
1432162311,0.3,5.0,1.45,0.0,1,0,25
1432266782,0.3,5.0,1.4490001,0.0,1,0,25
1432371098,0.3,5.0,0.0,0.0,1,0,25
1432475146,0.3,5.0,1.455,0.0,1,0,25
1432579621,0.3,5.0,1.455,0.0,1,0,25
1432683068,0.3,5.0,1.4530001,0.0,1,0,25
1432786467,0.3,5.0,1.4610001,0.0,1,0,25
1432892367,0.3,5.0,1.4560001,0.0,1,0,25
1432996288,0.3,5.0,1.4580001,0.0,1,0,25
1433099161,0.3,5.0,1.465,0.0,1,0,25
1433203380,0.3,5.0,0.0,0.0,1,0,25
1433307156,0.3,5.0,1.455,0.0,1,0,25
1433409194,0.3,5.0,0.0,0.0,1,0,25
1433513187,0.3,5.0,1.465,0.0,1,0,25
1433617414,0.3,5.0,1.4580001,0.0,1,0,25
1433721488,0.3,5.0,1.455,0.0,1,0,25
1433825493,0.3,5.0,1.46,0.0,1,0,25
1433930721,0.3,5.0,1.4640001,0.0,1,0,25
1434034536,0.3,5.0,1.4590001,0.0,1,0,25
1434138216,0.3,5.0,1.457,0.0,1,0,25
1434240792,0.3,5.0,1.4510001,0.0,1,0,25
1434343150,0.3,5.0,1.455,0.0,1,0,25
1434447125,0.3,5.0,1.4590001,0.0,1,0,25
1434551078,0.3,5.0,1.457,0.0,1,0,25
1434654806,0.3,5.0,0.0,0.0,1,0,25
1434757188,0.3,5.0,1.452,0.0,1,0,25
1434859890,0.3,5.0,1.4510001,0.0,1,0,25
1434964327,0.3,5.0,0.0,0.0,1,0,25
1435068128,0.3,5.0,1.455,0.0,1,0,25
1435171159,0.3,5.0,1.4530001,0.0,1,0,25
1435274928,0.3,5.0,1.4510001,0.0,1,0,25
1435379157,0.3,5.0,1.46,0.0,1,0,25
1435483249,0.3,5.0,1.4690001,0.0,1,0,25
1435590208,0.3,5.0,1.4540001,0.0,1,0,25
1435693395,0.3,5.0,1.4490001,0.0,1,0,25
1435797593,0.3,5.0,1.455,0.0,1,0,25
1435900657,0.3,5.0,1.4510001,0.0,1,0,25
1436003130,0.3,5.0,1.4540001,0.0,1,0,25
1436106568,0.3,5.0,1.4530001,0.0,1,0,25
1436210335,0.3,5.0,1.455,0.0,1,0,25
1436314295,0.3,5.0,1.4540001,0.0,1,0,25
1436419112,0.3,5.0,1.4540001,0.0,1,0,25
1436523098,0.3,5.0,1.457,0.0,1,0,25
1436626966,0.3,5.0,1.4560001,0.0,1,0,25
1436731147,0.3,5.0,1.4580001,0.0,1,0,25
1436835977,0.3,5.0,0.0,0.0,1,0,25
1436940538,0.3,5.0,1.4590001,0.0,1,0,25
1437044324,0.3,5.0,1.4540001,0.0,1,0,25
1437148284,0.3,5.0,1.463,0.0,1,0,25
1437253081,0.3,5.0,1.457,0.0,1,0,25
1437356806,0.3,5.0,1.4640001,0.0,1,0,25
1437459838,0.3,5.0,1.455,0.0,1,0,25
1437563157,0.3,5.0,1.462,0.0,1,0,25
1437665545,0.3,5.0,1.4540001,0.0,1,0,25
1437769321,0.3,5.0,1.4560001,0.0,1,0,25
1437873214,0.3,5.0,1.455,0.0,1,0,25
1437977496,0.3,5.0,1.455,0.0,1,0,25
1438080964,0.3,5.0,1.468,0.0,1,0,25
1438184617,0.3,5.0,1.4510001,0.0,1,0,25
1438288834,0.3,5.0,0.0,0.0,1,0,25
1438394403,0.3,5.0,1.4460001,0.0,1,0,25
1438499290,0.3,5.0,1.447,0.0,1,0,25
1438603488,0.3,5.0,0.0,0.0,1,0,25
1438707365,0.3,5.0,1.4410001,0.0,1,0,25
1438811745,0.3,5.0,1.4430001,0.0,1,0,25
1438914593,0.3,5.0,1.442,0.0,1,0,25
1439020002,0.3,5.0,1.442,0.0,1,0,25
1439122460,0.3,5.0,1.4380001,0.0,1,0,25
1439225189,0.3,5.0,1.442,0.0,1,0,25
1439328396,0.3,5.0,1.4380001,0.0,1,0,25
1439432671,0.3,5.0,1.4460001,0.0,1,0,25
1439536667,0.3,5.0,1.44,0.0,1,0,25
1439640417,0.3,5.0,1.4410001,0.0,1,0,25
1439745200,0.3,5.0,1.437,0.0,1,0,25
1439849495,0.3,5.0,1.4440001,0.0,1,0,25
1439953469,0.3,5.0,1.4480001,0.0,1,0,25
1440057500,0.3,5.0,1.4460001,0.0,1,0,25
1440162110,0.3,5.0,1.4410001,0.0,1,0,25
1440266681,0.3,5.0,1.442,0.0,1,0,25
1440370679,0.3,5.0,1.445,0.0,1,0,25
1440474689,0.3,5.0,1.445,0.0,1,0,25
1440577768,0.3,5.0,1.447,0.0,1,0,25
1440680180,0.3,5.0,1.457,0.0,1,0,25
1440783181,0.3,5.0,1.45,0.0,1,0,25
1440887896,0.3,5.0,1.452,0.0,1,0,25
1440991928,0.3,5.0,1.4640001,0.0,1,0,25
1441095590,0.3,5.0,0.0,0.0,1,0,25
1441199871,0.3,5.0,1.455,0.0,1,0,25
1441303512,0.3,5.0,1.455,0.0,1,0,25
1441408748,0.3,5.0,1.4530001,0.0,1,0,25
1441512680,0.3,5.0,1.457,0.0,1,0,25
1441616429,0.3,5.0,0.0,0.0,1,0,25
1441720478,0.3,5.0,0.0,0.0,1,0,25
1441825473,0.3,5.0,0.0,0.0,1,0,25
1441929198,0.3,5.0,1.46,0.0,1,0,25
1442033199,0.3,5.0,1.4610001,0.0,1,0,25
1442137192,0.3,5.0,1.462,0.0,1,0,25
1442239145,0.3,5.0,1.4590001,0.0,1,0,25
1442342461,0.3,5.0,1.455,0.0,1,0,25
1442447077,0.3,5.0,1.475,0.0,1,0,25
1442550485,0.3,5.0,1.4580001,0.0,1,0,25
1442655084,0.3,5.0,1.47,0.0,1,0,25
1442759112,0.3,5.0,1.4590001,0.0,1,0,25
1442863110,0.3,5.0,1.468,0.0,1,0,25
1442966832,0.3,5.0,1.4660001,0.0,1,0,25
1443071877,0.3,5.0,1.4640001,0.0,1,0,25
1443175603,0.3,5.0,0.0,0.0,1,0,25
1443383910,0.3,5.0,1.455,0.0,1,0,25
1443488540,0.3,5.0,1.455,0.0,1,0,25
1443592659,0.3,5.0,1.4510001,0.0,1,0,25
1443696703,0.3,5.0,0.0,0.0,1,0,25
1443799294,0.3,5.0,1.45,0.0,1,0,25
1443902132,0.3,5.0,0.0,0.0,1,0,25
1444005642,0.3,5.0,1.4480001,0.0,1,0,25
1444109745,0.3,5.0,1.45,0.0,1,0,25
1444212525,0.3,5.0,1.4480001,0.0,1,0,25
1444315117,0.3,5.0,1.445,0.0,1,0,25
1444418899,0.3,5.0,1.445,0.0,1,0,25
1444522952,0.3,5.0,0.0,0.0,1,0,25
1444626494,0.3,5.0,1.445,0.0,1,0,25
1444729693,0.3,5.0,1.442,0.0,1,0,25
1444833448,0.3,5.0,1.45,0.0,1,0,25
1444936135,0.3,5.0,1.452,0.0,1,0,25
1445039169,0.3,5.0,1.45,0.0,1,0,25
1445141187,0.3,5.0,1.4460001,0.0,1,0,25
1445244685,0.3,5.0,1.4490001,0.0,1,0,25
1445348300,0.3,5.0,1.4410001,0.0,1,0,25
1445452304,0.3,5.0,1.442,0.0,1,0,25
1445557484,0.3,5.0,1.447,0.0,1,0,25
1445660743,0.3,5.0,1.445,0.0,1,0,25
1445765083,0.3,5.0,1.4430001,0.0,1,0,25
1445867360,0.3,5.0,1.455,0.0,1,0,25
1445971958,0.3,5.0,1.4380001,0.0,1,0,25
1446077579,0.3,5.0,1.442,0.0,1,0,25
1446180190,0.3,5.0,0.0,0.0,1,0,25
1446284143,0.3,5.0,0.0,0.0,1,0,25
1446387045,0.3,5.0,0.0,0.0,1,0,25
1446490170,0.3,5.0,1.4330001,0.0,1,0,25
1446594002,0.3,5.0,1.4350001,0.0,1,0,25
1446697432,0.3,5.0,1.4280001,0.0,1,0,25
1446801514,0.3,5.0,1.4210001,0.0,1,0,25
1446904154,0.3,5.0,1.4300001,0.0,1,0,25
1447007134,0.3,5.0,1.417,0.0,1,0,25
1447213186,0.3,5.0,1.414,0.0,1,0,25
1447316176,0.3,5.0,1.411,0.0,1,0,25
1447420322,0.3,5.0,1.4100001,0.0,1,0,25
1447524396,0.3,5.0,2.8230002,0.0,1,0,25
1447628782,0.3,5.0,1.409,0.0,1,0,25
1447731829,0.3,5.0,1.411,0.0,1,0,25
1447835838,0.3,5.0,1.4100001,0.0,1,0,25
1447939387,0.3,5.0,1.4080001,0.0,1,0,25
1448044640,0.3,5.0,1.4130001,0.0,1,0,25
1448149589,0.3,5.0,1.414,0.0,1,0,25
1448253533,0.3,5.0,1.4180001,0.0,1,0,25
1448358238,0.3,5.0,1.422,0.0,1,0,25
1448462004,0.3,5.0,1.414,0.0,1,0,25
1448566282,0.3,5.0,1.4130001,0.0,1,0,25
1448670360,0.3,5.0,1.4200001,0.0,1,0,25
1448774795,0.3,5.0,1.417,0.0,1,0,25
1448879004,0.3,5.0,1.4150001,0.0,1,0,25
1448982923,0.3,5.0,1.424,0.0,1,0,25
1449086802,0.3,5.0,1.419,0.0,1,0,25
1449189252,0.3,5.0,1.4230001,0.0,1,0,25
1449293180,0.3,5.0,1.422,0.0,1,0,25
1449396279,0.3,5.0,1.424,0.0,1,0,25
1449500607,0.3,5.0,1.4260001,0.0,1,0,25
1449604947,0.3,5.0,1.434,0.0,1,0,25
1449708441,0.3,5.0,1.4310001,0.0,1,0,25
1449813137,0.3,5.0,1.4310001,0.0,1,0,25
1449915369,0.3,5.0,1.429,0.0,1,0,25
1450021588,0.3,5.0,1.4350001,0.0,1,0,25
1450124653,0.3,5.0,1.429,0.0,1,0,25
1450228177,0.3,5.0,1.4330001,0.0,1,0,25
1450333624,0.3,5.0,1.44,0.0,1,0,25
1450437441,0.3,5.0,1.4360001,0.0,1,0,25
1450542308,0.3,5.0,1.4380001,0.0,1,0,25
1450646930,0.3,5.0,1.445,0.0,1,0,25
1450750872,0.3,5.0,1.4440001,0.0,1,0,25
1450853785,0.3,5.0,1.442,0.0,1,0,25
1450956146,0.3,5.0,1.4410001,0.0,1,0,25
1451059165,0.3,5.0,1.4410001,0.0,1,0,25
1451163879,0.3,5.0,1.4410001,0.0,1,0,25
1451267799,0.3,5.0,1.4440001,0.0,1,0,25
1451372136,0.3,5.0,1.4460001,0.0,1,0,25
1451475772,0.3,5.0,1.4460001,0.0,1,0,25
1451684606,0.3,5.0,1.447,0.0,1,0,25
1451788668,0.3,5.0,1.4460001,0.0,1,0,25
1451891279,0.3,5.0,1.4430001,0.0,1,0,25
1451997383,0.3,5.0,1.4430001,0.0,1,0,25
1452100949,0.3,5.0,1.4510001,0.0,1,0,25
1452205420,0.3,5.0,1.4380001,0.0,1,0,25
1452308160,0.3,5.0,1.442,0.0,1,0,25
1452411151,0.3,5.0,1.434,0.0,1,0,25
1452514476,0.3,5.0,1.447,0.0,1,0,25
1452618213,0.3,5.0,1.4310001,0.0,1,0,25
1452722431,0.3,5.0,1.4360001,0.0,1,0,25
1452827153,0.3,5.0,1.432,0.0,1,0,25
1452929528,0.3,5.0,1.4250001,0.0,1,0,25
1453033525,0.3,5.0,1.4230001,0.0,1,0,25
1453139206,0.3,5.0,1.4250001,0.0,1,0,25
1453243621,0.3,5.0,1.4260001,0.0,1,0,25
1453346569,0.3,5.0,1.424,0.0,1,0,25
1453449182,0.3,5.0,1.4150001,0.0,1,0,25
1453551771,0.3,5.0,1.422,0.0,1,0,25
1453655377,0.3,5.0,1.417,0.0,1,0,25
1453759165,0.3,5.0,1.4230001,0.0,1,0,25
1453861191,0.3,5.0,1.4260001,0.0,1,0,25
1453964701,0.3,5.0,1.4250001,0.0,1,0,25
1454067834,0.3,5.0,1.434,0.0,1,0,25
1454173298,0.3,5.0,1.4350001,0.0,1,0,25
1454277504,0.3,5.0,2.8660002,0.0,1,0,25
1454380548,0.3,5.0,1.445,0.0,1,0,25
1454483127,0.3,5.0,1.439,0.0,1,0,25
1454586611,0.3,5.0,1.4350001,0.0,1,0,25
1454690495,0.3,5.0,1.4410001,0.0,1,0,25
1454794593,0.3,5.0,1.4440001,0.0,1,0,25
1454898240,0.3,5.0,1.4480001,0.0,1,0,25
1455002256,0.3,5.0,1.442,0.0,1,0,25
1455107474,0.3,5.0,1.4480001,0.0,1,0,25
1455211521,0.3,5.0,1.4430001,0.0,1,0,25
1455314443,0.3,5.0,1.4480001,0.0,1,0,25
1455420318,0.3,5.0,0.0,0.0,1,0,25
1455524154,0.3,5.0,1.4540001,0.0,1,0,25
1455627042,0.3,5.0,1.4530001,0.0,1,0,25
1455729186,0.3,5.0,1.4510001,0.0,1,0,25
1455832670,0.3,5.0,1.4530001,0.0,1,0,25
1455936406,0.3,5.0,1.4580001,0.0,1,0,25
1456040713,0.3,5.0,1.4660001,0.0,1,0,25
1456145376,0.3,5.0,1.4560001,0.0,1,0,25
1456249517,0.3,5.0,1.4580001,0.0,1,0,25
1456353405,0.3,5.0,1.462,0.0,1,0,25
1456458276,0.3,5.0,1.4660001,0.0,1,0,25
1456562015,0.3,5.0,1.468,0.0,1,0,25
1456666356,0.3,5.0,1.463,0.0,1,0,25
1456770147,0.3,5.0,1.4690001,0.0,1,0,25
1456872135,0.3,5.0,1.4690001,0.0,1,0,25
1456975229,0.3,5.0,1.468,0.0,1,0,25
1457079497,0.3,5.0,1.475,0.0,1,0,25
1457183310,0.3,5.0,1.475,0.0,1,0,25
1457287984,0.3,5.0,1.4740001,0.0,1,0,25
1457391997,0.3,5.0,1.47,0.0,1,0,25
1457496092,0.3,5.0,1.4720001,0.0,1,0,25
1457598221,0.3,5.0,1.4720001,0.0,1,0,25
1457701182,0.3,5.0,1.4760001,0.0,1,0,25
1457804411,0.3,5.0,1.473,0.0,1,0,25
1457908391,0.3,5.0,1.475,0.0,1,0,25
1458012639,0.3,5.0,1.478,0.0,1,0,25
1458116114,0.3,5.0,1.48,0.0,1,0,25
1458221486,0.3,5.0,1.48,0.0,1,0,25
1458325365,0.3,5.0,1.4760001,0.0,1,0,25
1458429203,0.3,5.0,1.473,0.0,1,0,25
1458532631,0.3,5.0,1.4770001,0.0,1,0,25
1458635250,0.3,5.0,1.498,0.0,1,0,25
1458739148,0.3,5.0,1.4790001,0.0,1,0,25
1458842158,0.3,5.0,1.4900001,0.0,1,0,25
1458945717,0.3,5.0,1.4790001,0.0,1,0,25
1459049752,0.3,5.0,1.4810001,0.0,1,0,25
1459152122,0.3,5.0,1.4790001,0.0,1,0,25
1459256581,0.3,5.0,0.0,0.0,1,0,25
1459360168,0.3,5.0,1.4720001,0.0,1,0,25
1459568669,0.3,5.0,1.47,0.0,1,0,25
1459671383,0.3,5.0,1.4740001,0.0,1,0,25
1459775159,0.3,5.0,1.465,0.0,1,0,25
1459877186,0.3,5.0,1.4590001,0.0,1,0,25
1459980728,0.3,5.0,1.4610001,0.0,1,0,25
1460085481,0.3,5.0,0.0,0.0,1,0,25
1460189486,0.3,5.0,1.4640001,0.0,1,0,25
1460293472,0.3,5.0,1.4590001,0.0,1,0,25
1460397500,0.3,5.0,1.4640001,0.0,1,0,25
1460502316,0.3,5.0,1.46,0.0,1,0,25
1460605898,0.3,5.0,1.462,0.0,1,0,25
1460710276,0.3,5.0,1.4580001,0.0,1,0,25
1460815082,0.3,5.0,1.4560001,0.0,1,0,25
1460919145,0.3,5.0,1.457,0.0,1,0,25
1461023084,0.3,5.0,1.4610001,0.0,1,0,25
1461127114,0.3,5.0,1.4560001,0.0,1,0,25
1461231125,0.3,5.0,1.4610001,0.0,1,0,25
1461336009,0.3,5.0,1.4610001,0.0,1,0,25
1461440079,0.3,5.0,1.46,0.0,1,0,25
1461542225,0.3,5.0,1.4540001,0.0,1,0,25
1461646687,0.3,5.0,1.4530001,0.0,1,0,25
1461751211,0.3,5.0,1.4530001,0.0,1,0,25
1461854808,0.3,5.0,1.4560001,0.0,1,0,25
1461958811,0.3,5.0,1.452,0.0,1,0,25
1462062143,0.3,5.0,1.4610001,0.0,1,0,25
1462164658,0.3,5.0,1.475,0.0,1,0,25
1462268526,0.3,5.0,1.47,0.0,1,0,25
1462372173,0.3,5.0,1.4580001,0.0,1,0,25
1462474148,0.3,5.0,0.0,0.0,1,0,25
1462578190,0.3,5.0,1.46,0.0,1,0,25
1462682283,0.3,5.0,1.4610001,0.0,1,0,25
1462786001,0.3,5.0,1.46,0.0,1,0,25
1462888151,0.3,5.0,1.4510001,0.0,1,0,25
1462991300,0.3,5.0,1.468,0.0,1,0,25
1463095279,0.3,5.0,1.455,0.0,1,0,25
1463199225,0.3,5.0,1.4560001,0.0,1,0,25
1463303904,0.3,5.0,1.4540001,0.0,1,0,25
1463407606,0.3,5.0,1.4610001,0.0,1,0,25
1463511905,0.3,5.0,1.468,0.0,1,0,25
1463615895,0.3,5.0,0.0,0.0,1,0,25
1463720695,0.3,5.0,1.462,0.0,1,0,25
1463824388,0.3,5.0,1.455,0.0,1,0,25
1464137680,0.3,5.0,1.4580001,0.0,1,0,25
1464242054,0.3,5.0,1.4670001,0.0,1,0,25
1464345615,0.3,5.0,1.457,0.0,1,0,25
1464450411,0.3,5.0,1.4530001,0.0,1,0,25
1464554516,0.3,5.0,1.46,0.0,1,0,25
1464659080,0.3,5.0,1.455,0.0,1,0,25
1464762206,0.3,5.0,1.4540001,0.0,1,0,25
1464865793,0.3,5.0,1.4580001,0.0,1,0,25
1464971936,0.3,5.0,1.457,0.0,1,0,25
1465075367,0.3,5.0,1.462,0.0,1,0,25
1465179238,0.3,5.0,1.455,0.0,1,0,25
1465283709,0.3,5.0,1.4530001,0.0,1,0,25
1465388992,0.3,5.0,0.0,0.0,1,0,25
1465492349,0.3,5.0,1.4480001,0.0,1,0,25
1465596184,0.3,5.0,1.4410001,0.0,1,0,25
1465701481,0.3,5.0,1.4260001,0.0,1,0,25
1465805192,0.3,5.0,1.424,0.0,1,0,25
1465908862,0.3,5.0,1.399,0.0,1,0,25
1466011826,0.3,5.0,1.3840001,0.0,1,0,25
1466116533,0.3,5.0,1.3720001,0.0,1,0,25
1466221589,0.3,5.0,1.3440001,0.0,1,0,25
1466324170,0.3,5.0,0.0,0.0,1,0,25
1466426747,0.3,5.0,1.327,0.0,1,0,25
1466530509,0.3,5.0,1.294,0.0,1,0,25
1466634707,0.3,5.0,1.279,0.0,1,0,25
1466738677,0.3,5.0,1.2700001,0.0,1,0,25
1466841698,0.3,5.0,1.245,0.0,1,0,25
1466946244,0.3,5.0,1.228,0.0,1,0,25
1467051268,0.3,5.0,1.212,0.0,1,0,25
1467155483,0.3,5.0,1.1980001,0.0,1,0,25
1467260566,0.3,5.0,1.179,0.0,1,0,25
1467364275,0.3,5.0,1.1750001,0.0,1,0,25
1467468297,0.3,5.0,1.153,0.0,1,0,25
1467572609,0.3,5.0,1.1370001,0.0,1,0,25
1467677233,0.3,5.0,1.125,0.0,1,0,25
1467780774,0.3,5.0,1.1040001,0.0,1,0,25
1467884690,0.3,5.0,1.088,0.0,1,0,25
1467989604,0.3,5.0,1.079,0.0,1,0,25
1468092924,0.3,5.0,1.062,0.0,1,0,25
1468197222,0.3,5.0,1.044,0.0,1,0,25
1468300636,0.3,5.0,1.031,0.0,1,0,25
1468406333,0.3,5.0,1.019,0.0,1,0,25
1468510354,0.3,5.0,1.0040001,0.0,1,0,25
1468614288,0.3,5.0,0.0,0.0,1,0,25
1468719077,0.3,5.0,0.9620001,0.0,1,0,25
1468823208,0.3,5.0,0.94900006,0.0,1,0,25
1468927091,0.3,5.0,0.933,0.0,1,0,25
1469031122,0.3,5.0,0.92100006,0.0,1,0,25
1469134148,0.3,5.0,0.90500003,0.0,1,0,25
1469237248,0.3,5.0,0.89100003,0.0,1,0,25
1469341192,0.3,5.0,0.87600005,0.0,1,0,25
1469444191,0.3,5.0,0.86300004,0.0,1,0,25
1469547168,0.3,5.0,0.846,0.0,1,0,25
1469649193,0.3,5.0,0.832,0.0,1,0,25
1469751354,0.3,5.0,0.81500006,0.0,1,0,25
1469856622,0.3,5.0,0.80300003,0.0,1,0,25
1469960087,0.3,5.0,0.78700006,0.0,1,0,25
1470065188,0.3,5.0,0.776,0.0,1,0,25
1470169581,0.3,5.0,0.75600004,0.0,1,0,25
1470273200,0.3,5.0,0.74700004,0.0,1,0,25
1470375136,0.3,5.0,0.73200005,0.0,1,0,25
1470478498,0.3,5.0,0.71300006,0.0,1,0,25
1470582987,0.3,5.0,0.69600004,0.0,1,0,25
1470791157,0.3,5.0,0.67200005,0.0,1,0,25
1470895081,0.3,5.0,0.65300006,0.0,1,0,25
1470999104,0.3,5.0,0.64400005,0.0,1,0,25
1471101251,0.3,5.0,0.63000005,0.0,1,0,25
1471205206,0.3,5.0,0.611,0.0,1,0,25
1471308290,0.3,5.0,0.595,0.0,1,0,25
1471412330,0.3,5.0,0.572,0.0,1,0,25
1471516797,0.3,5.0,0.55700004,0.0,1,0,25
1471621248,0.3,5.0,0.53000003,0.0,1,0,25
1471725122,0.3,5.0,0.51500005,0.0,1,0,25
1471828980,0.3,5.0,0.49300003,0.0,1,0,25
1471933504,0.3,5.0,0.483,0.0,1,0,25
1472037200,0.3,5.0,0.47300002,0.0,1,0,25
1472141212,0.3,5.0,0.469,0.0,1,0,25
1472245480,0.3,5.0,0.44200003,0.0,1,0,25
1472350311,0.3,5.0,0.43100002,0.0,1,0,25
1472454017,0.3,5.0,0.42400002,0.0,1,0,25
1472557970,0.3,5.0,0.411,0.0,1,0,25
1472662202,0.3,5.0,0.395,0.0,1,0,25
1472766920,0.3,5.0,0.38700002,0.0,1,0,25
1472871149,0.3,5.0,0.36100003,0.0,1,0,25
1472973733,0.3,5.0,0.37,0.0,1,0,25
1473077246,0.3,5.0,0.351,0.0,1,0,25
1473180333,0.3,5.0,0.34800002,0.0,1,0,25
1473285086,0.3,5.0,0.33800003,0.0,1,0,25
1473388455,0.3,5.0,0.33400002,0.0,1,0,25
1473492948,0.3,5.0,0.323,0.0,1,0,25
1473597126,0.3,5.0,0.31100002,0.0,1,0,25
1473700921,0.3,5.0,0.3,0.0,1,0,25
1473804411,0.3,5.0,0.3,0.0,1,0,25
1473907836,0.3,5.0,0.3,0.0,1,0,25
1474012631,0.3,5.0,0.3,0.0,1,0,25
1474116641,0.3,5.0,0.3,0.0,1,0,25
1474222089,0.3,5.0,0.3,0.0,1,0,25
1474326111,0.3,5.0,0.3,0.0,1,0,25
1474430387,0.3,5.0,0.3,0.0,1,0,25
1474534898,0.3,5.0,0.3,0.0,1,0,25
1474639122,0.3,5.0,0.3,0.0,1,0,25
1474742926,0.3,5.0,0.3,0.0,1,0,25
1474847112,0.3,5.0,0.3,0.0,1,0,25
1474951117,0.3,5.0,0.3,0.0,1,0,25
1475056282,0.3,5.0,0.3,0.0,1,0,25
1475159797,0.3,5.0,0.3,0.0,1,0,25
1475263881,0.3,5.0,0.3,0.0,1,0,25
1475367913,0.3,5.0,0.3,0.0,1,0,25
1475472734,0.3,5.0,0.3,0.0,1,0,25
1475576700,0.3,5.0,0.3,0.0,1,0,25
1475680632,0.3,5.0,0.3,0.0,1,0,25
1475784141,0.3,5.0,0.3,0.0,1,0,25
1475888633,0.3,5.0,0.3,0.0,1,0,25
1475991834,0.3,5.0,0.3,0.0,1,0,25
1476096189,0.3,5.0,0.3,0.0,1,0,25
1476200981,0.3,5.0,0.3,0.0,1,0,25
1476306097,0.3,5.0,0.3,0.0,1,0,25
1476410804,0.3,5.0,0.3,0.0,1,0,25
1476514480,0.3,5.0,0.3,0.0,1,0,25
1476617668,0.3,5.0,0.3,0.0,1,0,25
1476721760,0.3,5.0,0.3,0.0,1,0,25
1476825431,0.3,5.0,0.3,0.0,1,0,25
1476929152,0.3,5.0,0.3,0.0,1,0,25
1477032140,0.3,5.0,0.3,0.0,1,0,25
1477135868,0.3,5.0,0.3,0.0,1,0,25
1477239981,0.3,5.0,0.3,0.0,1,0,25
1477344396,0.3,5.0,0.3,0.0,1,0,25
1477448397,0.3,5.0,0.3,0.0,1,0,25
