timestamp,x,y,z,yaw,yawspeed,vx,vy,vz,acc_x,acc_y,acc_z,thrust[0],thrust[1],thrust[2]
1399094566,-0.03184979,0.13921672,-1.3483053,-0.07469347,0.0,-0.06375611,0.035295032,-0.018641055,-0.018505936,0.062626034,-6.691704,0.0,0.0,0.0
1401293677,-0.0052011125,0.15516782,-1.3483053,-0.022870092,0.0,-0.0047491835,0.0014109313,-0.0020039082,0.028878836,-0.028957555,-6.648762,0.0,0.0,0.0
1402279602,-0.0052011125,0.15516782,-1.3483053,-0.022870092,0.0,0.0026342066,-0.028664634,0.00044226646,0.038910247,-0.050511256,-6.6613865,0.0,0.0,0.0
1402483889,-0.0052011125,0.15516782,-1.3483053,-0.022870092,0.0,-0.00094011705,-0.030665405,0.0011790991,0.022507632,-0.029571744,-6.6411657,0.0,0.0,0.0
1402684745,-0.0052011125,0.15516782,-1.3483053,-0.022870092,0.0,-0.008817377,-0.0156068355,0.001966238,0.013106764,0.02603991,-6.6451087,0.0,0.0,0.0
1402888436,-0.0052011125,0.15516782,-1.3483053,-0.022870092,0.0,-0.009411692,-0.00010661781,0.0028381944,0.021364335,0.033486802,-6.6606627,0.0,0.0,0.0
1403088852,-0.0052011125,0.15516782,-1.3483053,-0.022870092,0.0,-0.0124371145,0.011431038,0.004028201,0.01832313,0.025487956,-6.65834,0.0,0.0,0.0
1403293332,-0.0052011125,0.15516782,-1.3483053,-0.022870092,0.0,-0.022170942,0.01335483,0.004724264,-0.0025996794,0.009038495,-6.6507335,0.0,0.0,0.0
1403393082,-0.0052011125,0.15516782,-1.3483053,-0.022870092,0.0,-0.027021775,0.013713822,0.0048965216,-0.015106585,0.00420584,-6.6639137,0.0,0.0,0.0
1403497893,-0.0052011125,0.15516782,-1.3483053,-0.022870092,0.0,-0.031949658,0.0149794,0.005165398,-0.0073463214,0.0029064605,-6.633109,0.0,0.0,0.0
1403598537,-0.0052011125,0.15516782,-1.3483053,-0.022870092,0.0,-0.036560472,0.015123479,0.0052187443,-0.0186385,0.0045878883,-6.6579843,0.0,0.0,0.0
1403698011,-0.0052011125,0.15516782,-1.3483053,-0.022870092,0.0,-0.039922193,0.015961915,0.00534904,-0.022593936,0.013173249,-6.667203,0.0,0.0,0.0
1403902888,-0.0052011125,0.15516782,-1.3483053,-0.022870092,0.0,-0.037040554,0.020089924,0.0055977106,-0.00078625046,0.014275306,-6.675962,0.0,0.0,0.0
1404002800,-0.0052011125,0.15516782,-1.3483053,-0.022870092,0.0,-0.029303938,0.021510378,0.005895078,0.03393934,0.02018477,-6.6379557,0.0,0.0,0.0
1404106478,-0.0052011125,0.15516782,-1.3483053,-0.022870092,0.0,-0.018856194,0.022254713,0.006298065,0.050355885,0.012827092,-6.647098,0.0,0.0,0.0
1404307649,-0.0052011125,0.15516782,-1.3483053,-0.022870092,0.0,0.0027748025,0.02519723,0.007116258,0.08170659,0.012206584,-6.66589,0.0,0.0,0.0
1404512164,-0.0052011125,0.15516782,-1.3483053,-0.022870092,0.0,0.021213312,0.022937648,0.007432461,0.09715416,0.0067888093,-6.6503816,0.0,0.0,0.0
1404611600,-0.0052011125,0.15516782,-1.3483053,-0.022870092,0.0,0.027725901,0.018347092,0.007701814,0.09769578,-0.012781188,-6.632312,0.0,0.0,0.0
1404715656,-0.0052011125,0.15516782,-1.3483053,-0.022870092,0.0,0.03156894,0.011701204,0.008045495,0.08819771,-0.0049672895,-6.658031,0.0,0.0,0.0
1404916307,-0.0052011125,0.15516782,-1.3483053,-0.022870092,0.0,0.03358417,0.00087030977,0.008722782,0.07026592,-0.017665558,-6.664143,0.0,0.0,0.0
1405120911,-0.0052011125,0.15516782,-1.3483053,-0.022870092,0.0,0.04104581,0.003122136,0.009338558,0.081961185,0.02407959,-6.701526,0.0,0.0,0.0
1405325208,-0.0052011125,0.15516782,-1.3483053,-0.022870092,0.0,0.054030955,0.008364916,0.009868145,0.09952467,0.035726696,-6.6448455,0.0,0.0,0.0
1405525276,-0.0052011125,0.15516782,-1.3483053,-0.022870092,0.0,0.06351133,0.0053335726,0.010414124,0.089990504,0.009203578,-6.669519,0.0,0.0,0.0
1405730370,-0.0052011125,0.15516782,-1.3483053,-0.022870092,0.0,0.058977604,-0.0031471252,0.010452986,0.068360776,-0.0024693448,-6.637494,0.0,0.0,0.0
1405933931,-0.0052011125,0.15516782,-1.3483053,-0.022870092,0.0,0.03852558,-0.0069849864,0.009955406,0.018975595,0.0103485845,-6.695911,0.0,0.0,0.0
1406033987,-0.0052011125,0.15516782,-1.3483053,-0.022870092,0.0,0.026767984,-0.0050733313,0.009647071,-0.0080569815,0.02868623,-6.6753025,0.0,0.0,0.0
1406135061,-0.0052011125,0.15516782,-1.3483053,-0.022870092,0.0,0.012997552,-0.00038976967,0.009400725,-0.024556149,0.038206898,-6.6598473,0.0,0.0,0.0
1406338502,-0.0052011125,0.15516782,-1.3483053,-0.022870092,0.0,-0.01083112,0.010948911,0.0089562535,-0.03157616,0.04954412,-6.6827087,0.0,0.0,0.0
1406439089,-0.0052011125,0.15516782,-1.3483053,-0.022870092,0.0,-0.016770605,0.015894525,0.009060979,-0.0039018618,0.05265082,-6.613209,0.0,0.0,0.0
1406540485,-0.0052011125,0.15516782,-1.3483053,-0.022870092,0.0,-0.018983655,0.021142289,0.009028494,0.006503694,0.062911734,-6.6624303,0.0,0.0,0.0
1406743618,-0.0052011125,0.15516782,-1.3483053,-0.022870092,0.0,-0.019548459,0.034198098,0.008524954,0.020531341,0.07982938,-6.636915,0.0,0.0,0.0
1406947773,-0.0052011125,0.15516782,-1.3483053,-0.022870092,0.0,-0.023345944,0.049564127,0.007991791,0.011584591,0.09690679,-6.648339,0.0,0.0,0.0
1407152447,-0.0052011125,0.15516782,-1.3483053,-0.022870092,0.0,-0.03571157,0.058479488,0.007797301,-0.012088776,0.09851429,-6.667354,0.0,0.0,0.0
1407352075,-0.0052011125,0.15516782,-1.3483053,-0.022870092,0.0,-0.04284596,0.05838619,0.0075643063,-0.014793469,0.075148836,-6.674773,0.0,0.0,0.0
1407453492,-0.0052011125,0.15516782,-1.3483053,-0.022870092,0.0,-0.043431092,0.057995796,0.007319808,-0.008207181,0.06443342,-6.672942,0.0,0.0,0.0
1407557131,-0.0052011125,0.15516782,-1.3483053,-0.022870092,0.0,-0.043921206,0.05741387,0.0073479414,-0.008450769,0.07128849,-6.7002063,0.0,0.0,0.0
1407761203,-0.0052011125,0.15516782,-1.3483053,-0.022870092,0.0,-0.04531967,0.055257015,0.00680691,0.0007710095,0.05992388,-6.7000213,0.0,0.0,0.0
1407861747,-0.0052011125,0.15516782,-1.3483053,-0.022870092,0.0,-0.043633778,0.05241033,0.00640589,-0.0011063835,0.058444683,-6.6903667,0.0,0.0,0.0
1407961689,-0.006159157,0.12675351,-1.3483053,-0.022870092,0.0,-0.0054018437,-0.0012131184,0.0061054826,0.063443094,-0.046924513,-6.7038035,0.0,0.0,0.0
1408066043,-0.006159157,0.12675351,-1.3483053,-0.022870092,0.0,-0.014421358,-0.0006713122,0.005921185,0.034231097,-0.012220254,-6.686484,0.0,0.0,0.0
1408165985,-0.006159157,0.12675351,-1.3483053,-0.022870092,0.0,-0.009206791,-0.00084295124,0.0055467486,0.043466404,-0.0037554812,-6.6877327,0.0,0.0,0.0
1408266002,-0.006159157,0.12675351,-1.3483053,-0.022870092,0.0,-0.005794359,-0.0023639426,0.0053355694,0.05280864,-0.0009303431,-6.6512194,0.0,0.0,0.0
1408367371,-0.006159157,0.12675351,-1.3483053,-0.022870092,0.0,-0.004091435,-0.0054428503,0.005159259,0.04914565,0.0011499841,-6.636089,0.0,0.0,0.0
1408471133,0.0029311993,0.13487832,-1.3483053,-0.022870092,0.0,0.0016714442,0.0014244318,0.0052057505,0.043389942,0.036600094,-6.66182,0.0,0.0,0.0
1408570729,-0.0018566652,0.13051516,-1.3483053,-0.022870092,0.0,-0.0007470031,-0.032657187,0.0058224797,0.046684064,-0.021278821,-6.689424,0.0,0.0,0.0
1408674995,-0.0038165257,0.12910342,-1.3483053,-0.022870092,0.0,-0.0026970957,-0.11791057,0.0062732697,0.036575098,-0.13874643,-6.6761026,0.0,0.0,0.0
1408775310,-0.0065678256,0.12563044,-1.3483053,-0.022870092,0.0,-0.0032668803,-0.14282018,0.006433308,0.041342907,-0.14480022,-6.6628337,0.0,0.0,0.0
1408875721,-0.009884513,0.12004712,-1.3483053,-0.022870092,0.0,-0.003511419,-0.15351084,0.006532073,0.05928285,-0.12442515,-6.669692,0.0,0.0,0.0
1408980362,-0.010905964,0.11306638,-1.3483053,-0.022870092,0.0,-0.003535747,-0.15457441,0.0064683557,0.04279591,-0.09449023,-6.65876,0.0,0.0,0.0
1409084465,-0.010859772,0.10413923,-1.3483053,-0.022870092,0.0,-0.00354803,-0.15511137,0.0061938167,0.03093168,-0.06273187,-6.6574297,0.0,0.0,0.0
1409183287,-0.009460802,0.09421927,-1.3483053,-0.022870092,0.0,-0.0034877695,-0.15247694,0.00630337,0.034039244,-0.052715532,-6.63854,0.0,0.0,0.0
1409284708,-0.009823824,0.08354013,-1.3483053,-0.022870092,0.0,-0.0029790767,-0.1302381,0.006532967,0.045960974,-0.0121374475,-6.634212,0.0,0.0,0.0
1409388725,-0.012781644,0.07177788,-1.3483053,-0.022870092,0.0,-0.003003343,-0.13129896,0.0064786077,0.04703953,-0.015677892,-6.6831517,0.0,0.0,0.0
1409589497,-0.020606762,0.04608334,-1.3483053,-0.022870092,0.0,-0.003298487,-0.14420195,0.006412685,0.0063046236,-0.036577113,-6.681292,0.0,0.0,0.0
1409693236,-0.02009285,0.03537354,-1.3483053,-0.022870092,0.0,-0.003305657,-0.14451541,0.0061650276,-0.008617867,-0.018975906,-6.675159,0.0,0.0,0.0
1409794018,-0.018171819,0.026492504,-1.3483053,-0.022870092,0.0,-0.0033688545,-0.14727825,0.0059123635,-0.007846951,-0.02531339,-6.672672,0.0,0.0,0.0
1409893203,-0.013810637,0.016505819,-1.3483053,-0.022870092,0.0,-0.0034242165,-0.14969856,0.0056253076,-0.016570218,-0.025235644,-6.6573963,0.0,0.0,0.0
1410097452,-0.006835529,-0.008198224,-1.3483053,-0.022870092,0.0,-0.0035514224,-0.15525968,0.0053083897,0.003805669,-0.042245526,-6.6466312,0.0,0.0,0.0
1410198037,-0.0068140626,-0.022613246,-1.3483053,-0.022870092,0.0,-0.003585207,-0.15673667,0.005106032,0.021107195,-0.03094561,-6.641796,0.0,0.0,0.0
1410302028,-0.009701263,-0.037587196,-1.3483053,-0.022870092,0.0,-0.0039019187,-0.17058255,0.004771054,0.02426528,-0.04292927,-6.6616173,0.0,0.0,0.0
1410402361,-0.011888696,-0.047908895,-1.3483053,-0.022870092,0.0,-0.0038832782,-0.16976763,0.004675269,-0.063922845,-0.047499154,-6.7579675,0.0,0.0,0.0
1410502801,-0.010906393,-0.06396627,-1.3483053,-0.022870092,0.0,-0.003883483,-0.16977656,0.003595233,-0.035040904,-0.039516553,-6.7118154,0.0,0.0,0.0
1410606843,-0.029516585,-0.07849165,-1.3483053,-0.022870092,0.0,-0.003883492,-0.16977696,0.0030343533,0.07947693,-0.04316689,-6.7118454,0.0,0.0,0.0
1410707142,-0.040258516,-0.096541286,-1.3483053,-0.022870092,0.0,-0.003883492,-0.16977696,0.0026170015,0.051336534,-0.034450095,-6.6923356,0.0,0.0,0.0
1410806843,-0.053395804,-0.11478527,-1.3483053,-0.022870092,0.0,-0.0037597006,-0.1643651,0.0019812584,0.069503,-0.011382572,-6.6721706,0.0,0.0,0.0
1410911626,-0.06492065,-0.13192219,-1.3483053,-0.022870092,0.0,-0.003552392,-0.15530206,0.0015726686,0.06461884,-0.009956484,-6.6745925,0.0,0.0,0.0
1411111644,-0.08165594,-0.1622871,-1.3483053,-0.022870092,0.0,-0.0035483283,-0.15512443,0.0015524626,0.06493994,-0.015976913,-6.687383,0.0,0.0,0.0
1411215605,-0.09732526,-0.17442636,-1.3483053,-0.022870092,0.0,-0.0035483467,-0.15512523,0.0016924143,0.0188537,0.021881709,-6.70562,0.0,0.0,0.0
1411316111,-0.102424406,-0.19109061,-1.3483053,-0.022870092,0.0,-0.0036006973,-0.15741386,0.0016888976,0.04460878,0.023438849,-6.7155185,0.0,0.0,0.0
1411415599,-0.113384165,-0.20622317,-1.3483053,-0.022870092,0.0,-0.0036326705,-0.15881166,0.0020139217,0.058448583,0.0158807,-6.6699185,0.0,0.0,0.0
1411520466,-0.123393275,-0.2223743,-1.3483053,-0.022870092,0.0,-0.0036748592,-0.16065605,0.0025441647,0.047881015,0.0055897334,-6.6377845,0.0,0.0,0.0
1411620336,-0.13140783,-0.23785302,-1.3483053,-0.022870092,0.0,-0.0036740494,-0.16062064,0.002971232,0.039145514,0.0066543287,-6.663957,0.0,0.0,0.0
1411720839,-0.13645802,-0.25292537,-1.3483053,-0.022870092,0.0,-0.0036913345,-0.1613763,0.0031898618,0.026640471,0.0022502611,-6.667511,0.0,0.0,0.0
1411824409,-0.13993512,-0.26768392,-1.3483053,-0.022870092,0.0,-0.0037618675,-0.16445982,0.0033702254,0.038632505,-0.01410202,-6.629639,0.0,0.0,0.0
1411925532,-0.15362439,-0.2863607,-1.3483053,-0.022870092,0.0,-0.0039366977,-0.17210299,0.003645897,0.07388618,-0.025967995,-6.7137012,0.0,0.0,0.0
1412025255,-0.1566152,-0.29769,-1.3483053,-0.022870092,0.0,-0.0040785167,-0.178303,0.0039584637,0.051521074,-0.049511842,-6.6570077,0.0,0.0,0.0
1412129245,-0.16253677,-0.30911675,-1.3483053,-0.022870092,0.0,-0.004092665,-0.17892152,0.004679203,0.041522942,-0.0647961,-6.669965,0.0,0.0,0.0
1412229385,-0.16795255,-0.32029834,-1.3483053,-0.022870092,0.0,-0.0040929588,-0.17893434,0.0054144263,0.05037628,-0.05827471,-6.6422787,0.0,0.0,0.0
1412330064,-0.17198363,-0.3328146,-1.3483053,-0.022870092,0.0,-0.0041356646,-0.18080136,0.0059787035,0.055461902,-0.05375381,-6.6569886,0.0,0.0,0.0
1412434107,-0.17433901,-0.347151,-1.3483053,-0.022870092,0.0,-0.0041775806,-0.18263383,0.0065425634,0.04184837,-0.062007543,-6.6630406,0.0,0.0,0.0
1412534429,-0.17549461,-0.3623661,-1.3483053,-0.022870092,0.0,-0.004205943,-0.18387379,0.0070800185,0.049254883,-0.058542736,-6.62579,0.0,0.0,0.0
1412634008,-0.17581823,-0.3779234,-1.3483053,-0.022870092,0.0,-0.0042183604,-0.1844166,0.007502556,0.038203545,-0.06321055,-6.6597548,0.0,0.0,0.0
1412738009,-0.17464487,-0.39441988,-1.3483053,-0.022870092,0.0,-0.0042186365,-0.18442869,0.007816732,0.02408413,-0.061869655,-6.6669784,0.0,0.0,0.0
1412838480,-0.17268991,-0.410896,-1.3483053,-0.022870092,0.0,-0.0042186365,-0.18442869,0.008178115,0.028506074,-0.058228984,-6.63516,0.0,0.0,0.0
1412939161,-0.1713503,-0.4267046,-1.3483053,-0.022870092,0.0,-0.0042623337,-0.186339,0.00823468,0.031195562,-0.0503542,-6.6724334,0.0,0.0,0.0
1413043600,-0.17381035,-0.43526676,-1.3483053,-0.022870092,0.0,-0.004604128,-0.20128146,0.008345485,0.057516005,-0.045232385,-6.718362,0.0,0.0,0.0
1413147362,-0.17612918,-0.4559948,-1.3483053,-0.022870092,0.0,-0.004595727,-0.20091419,0.00804615,0.041955285,-0.059664644,-6.7215996,0.0,0.0,0.0
1413247617,-0.17625478,-0.4728882,-1.3483053,-0.022870092,0.0,-0.0046383822,-0.20277895,0.008303106,0.021288604,-0.058303017,-6.669704,0.0,0.0,0.0
1413348115,-0.17522752,-0.4903135,-1.3483053,-0.022870092,0.0,-0.0046376074,-0.2027451,0.008436918,0.01925541,-0.06966247,-6.678457,0.0,0.0,0.0
1413451949,-0.17330751,-0.5097889,-1.3483053,-0.022870092,0.0,-0.0046375683,-0.20274338,0.008381724,0.031581,-0.040367622,-6.7079997,0.0,0.0,0.0
1413551897,-0.17048928,-0.5308708,-1.3483053,-0.022870092,0.0,-0.004637568,-0.20274337,0.008227587,0.04073646,-0.04072507,-6.6858616,0.0,0.0,0.0
1413652699,-0.14590004,-0.5686061,-1.3483053,-0.022870092,0.0,-0.0046462216,-0.20312169,0.008217394,0.13670765,0.024802761,-6.697331,0.0,0.0,0.0
1413756802,-0.15726699,-0.5856337,-1.3483053,-0.022870092,0.0,-0.004646446,-0.2031315,0.007962465,0.037862465,-0.033040665,-6.670932,0.0,0.0,0.0
1413856400,-0.15161511,-0.61220944,-1.3483053,-0.022870092,0.0,-0.005248809,-0.22946534,0.008181572,0.032033436,-0.046433035,-6.6615887,0.0,0.0,0.0
1413956734,-0.14635056,-0.6373673,-1.3483053,-0.022870092,0.0,-0.0065872525,-0.2879789,0.008436263,0.040509585,-0.12408671,-6.6304507,0.0,0.0,0.0
1414060892,-0.14078006,-0.66155344,-1.3483053,-0.022870092,0.0,-0.006673403,-0.29174522,0.00868696,0.030494368,-0.11256333,-6.6477923,0.0,0.0,0.0
1414161221,-0.1352732,-0.6850996,-1.3483053,-0.022870092,0.0,-0.006735075,-0.29444137,0.008797169,0.0050743762,-0.097999014,-6.6855483,0.0,0.0,0.0
1414261364,-0.12946635,-0.70868295,-1.3483053,-0.022870092,0.0,-0.0067773135,-0.29628792,0.008849859,0.0073942863,-0.08321546,-6.6887383,0.0,0.0,0.0
1414365485,-0.12506437,-0.7324492,-1.3483053,-0.022870092,0.0,-0.0068701226,-0.3003453,0.008854091,0.013206704,-0.095296204,-6.6678324,0.0,0.0,0.0
1414464929,-0.12175835,-0.7551686,-1.3483053,-0.022870092,0.0,-0.0068993955,-0.30162507,0.00882566,0.014426106,-0.0925638,-6.671437,0.0,0.0,0.0
1414566004,-0.1188831,-0.778106,-1.3483053,-0.022870092,0.0,-0.0068998104,-0.30164316,0.008930147,0.01542657,-0.08561032,-6.6491165,0.0,0.0,0.0
1414669686,-0.11551685,-0.8011383,-1.3483053,-0.022870092,0.0,-0.0068997964,-0.30164257,0.00906533,0.019125802,-0.08807313,-6.654203,0.0,0.0,0.0
1414770358,-0.1109894,-0.82279223,-1.3483053,-0.022870092,0.0,-0.0068997964,-0.30164257,0.009159505,0.0063544586,-0.08181711,-6.666008,0.0,0.0,0.0
1414869696,-0.10575883,-0.84384054,-1.3483053,-0.022870092,0.0,-0.0069434927,-0.3035529,0.009158254,0.017882083,-0.08087324,-6.643562,0.0,0.0,0.0
1414974493,-0.099129744,-0.866245,-1.3483053,-0.022870092,0.0,-0.0069124894,-0.3021975,0.008990288,0.00835474,-0.085455656,-6.634199,0.0,0.0,0.0
1415074762,-0.09460952,-0.8885968,-1.3483053,-0.022870092,0.0,-0.0069001103,-0.3016563,0.008757472,0.0071325484,-0.07562932,-6.6736813,0.0,0.0,0.0
1415174832,-0.09263647,-0.912742,-1.3483053,-0.022870092,0.0,-0.0068560997,-0.29973227,0.008398235,0.02571104,-0.06553134,-6.6246715,0.0,0.0,0.0
1415278801,-0.09208935,-0.93919927,-1.3483053,-0.022870092,0.0,-0.0067433673,-0.29480386,0.00814724,0.03682999,-0.049741562,-6.6344843,0.0,0.0,0.0
1415379787,-0.09321401,-0.96708435,-1.3483053,-0.022870092,0.0,-0.006470288,-0.2828655,0.0077674985,0.0321858,-0.03098509,-6.6915936,0.0,0.0,0.0
1415479635,-0.094511285,-0.99663913,-1.3483053,-0.022870092,0.0,-0.0064811045,-0.28333834,0.0075646043,0.04198004,-0.026202628,-6.6358504,0.0,0.0,0.0
1415583675,-0.09607023,-1.0303962,-1.3483053,-0.022870092,0.0,-0.0064808745,-0.2833283,0.0074434876,0.05111123,-0.012709799,-6.624871,0.0,0.0,0.0
1415684286,-0.08922266,-1.0790402,-1.3483053,-0.022870092,0.0,-0.0064371685,-0.2814176,0.007707894,-0.0018986001,0.01571155,-6.7206435,0.0,0.0,0.0
1415784315,-0.08915615,-1.1156268,-1.3483053,-0.022870092,0.0,-0.0063853054,-0.27915025,0.007685721,0.036215186,0.01655675,-6.622146,0.0,0.0,0.0
1415888421,-0.09138307,-1.1523951,-1.3483053,-0.022870092,0.0,-0.0063531203,-0.27774322,0.007906973,0.05078876,-0.005547163,-6.6266813,0.0,0.0,0.0
1415989251,-0.09555875,-1.1809238,-1.3483053,-0.022870092,0.0,-0.006355244,-0.27783605,0.008147597,0.04848229,-0.0370335,-6.6335673,0.0,0.0,0.0
1416088470,-0.10187949,-1.2048826,-1.3483053,-0.022870092,0.0,-0.0063551874,-0.27783358,0.008374333,0.080511875,-0.041922547,-6.6287513,0.0,0.0,0.0
1416192075,-0.11053731,-1.2260423,-1.3483053,-0.022870092,0.0,-0.006326026,-0.2765587,0.008445382,0.07885857,-0.05834956,-6.640019,0.0,0.0,0.0
1416393262,-0.1230095,-1.2651036,-1.3483053,-0.022870092,0.0,-0.006321945,-0.27638033,0.008439839,0.061396837,-0.060701493,-6.624634,0.0,0.0,0.0
1416497267,-0.1254257,-1.2892329,-1.3483053,-0.022870092,0.0,-0.006328053,-0.2766473,0.00859648,0.059716832,-0.059332397,-6.638355,0.0,0.0,0.0
1416597397,-0.12696365,-1.3135617,-1.3483053,-0.022870092,0.0,-0.006313587,-0.27601492,0.008957446,0.046916224,-0.056192778,-6.6689057,0.0,0.0,0.0
1416696843,-0.12884545,-1.3386327,-1.3483053,-0.022870092,0.0,-0.006282774,-0.27466786,0.009267986,0.057740945,-0.058310177,-6.6320715,0.0,0.0,0.0
1416803053,-0.12995502,-1.3638253,-1.3483053,-0.022870092,0.0,-0.006269252,-0.27407667,0.009906769,0.05221007,-0.055474315,-6.6173124,0.0,0.0,0.0
1416906487,-0.13022554,-1.3880944,-1.3483053,-0.022870092,0.0,-0.0063005434,-0.2754447,0.010273337,0.04127326,-0.061391037,-6.6573515,0.0,0.0,0.0
1417005658,-0.1312366,-1.4112803,-1.3483053,-0.022870092,0.0,-0.006333483,-0.2768847,0.010211825,0.04582343,-0.05906677,-6.6701865,0.0,0.0,0.0
1417107097,-0.13321638,-1.4346639,-1.3483053,-0.022870092,0.0,-0.006321988,-0.27638218,0.0099310875,0.048934475,-0.06557644,-6.6707563,0.0,0.0,0.0
1417211138,-0.13610339,-1.4597142,-1.3483053,-0.022870092,0.0,-0.006266113,-0.27393946,0.009746969,0.07149925,-0.06451049,-6.656976,0.0,0.0,0.0
1417310800,-0.13999519,-1.4837236,-1.3483053,-0.022870092,0.0,-0.006254431,-0.27342874,0.009654343,0.065076075,-0.060452744,-6.6414323,0.0,0.0,0.0
1417411163,-0.14455679,-1.5071266,-1.3483053,-0.022870092,0.0,-0.006150441,-0.26888254,0.009765208,0.06851321,-0.056871258,-6.6419816,0.0,0.0,0.0
1417515554,-0.15082374,-1.5315132,-1.3483053,-0.022870092,0.0,-0.0061032847,-0.266821,0.009616613,0.058476202,-0.05483162,-6.654375,0.0,0.0,0.0
1417615361,-0.15739813,-1.5551248,-1.3483053,-0.022870092,0.0,-0.005614741,-0.24546303,0.009750187,0.071513794,-0.026161116,-6.657435,0.0,0.0,0.0
1417716389,-0.16561821,-1.5773734,-1.3483053,-0.022870092,0.0,-0.002812715,-0.122965164,0.010065317,0.078624934,0.13782577,-6.687818,0.0,0.0,0.0
1417819862,-0.16843812,-1.58829,-1.3483053,-0.022870092,0.0,0.00862623,0.016224325,0.009886444,0.09290969,0.304193,-6.730933,0.0,0.0,0.0
1417919286,-0.16843812,-1.58829,-1.3483053,-0.022870092,0.0,0.018464707,0.045428574,0.009308875,0.099177785,0.3000517,-6.7227297,0.0,0.0,0.0
1418020351,-0.16843812,-1.58829,-1.3483053,-0.022870092,0.0,0.026125543,0.07102257,0.009183943,0.09908461,0.26220784,-6.6746616,0.0,0.0,0.0
1418124730,-0.16843812,-1.58829,-1.3483053,-0.022870092,0.0,0.029937051,0.093380034,0.009088099,0.10348277,0.23614849,-6.633051,0.0,0.0,0.0
1418224442,-0.16843812,-1.58829,-1.3483053,-0.022870092,0.0,0.03027454,0.11090076,0.00879848,0.090680644,0.23014477,-6.6203775,0.0,0.0,0.0
1418325109,-0.16843812,-1.58829,-1.3483053,-0.022870092,0.0,0.02941373,0.12601805,0.008312821,0.0778602,0.21332486,-6.6199455,0.0,0.0,0.0
1418428526,-0.16843812,-1.58829,-1.3483053,-0.022870092,0.0,0.031151243,0.14018476,0.0077625513,0.07500477,0.20963416,-6.6627235,0.0,0.0,0.0
1418529229,-0.16843812,-1.58829,-1.3483053,-0.022870092,0.0,0.03407201,0.15226811,0.007267356,0.07428512,0.20743217,-6.660198,0.0,0.0,0.0
1418629790,-0.16843812,-1.58829,-1.3483053,-0.022870092,0.0,0.03767243,0.1617136,0.007030666,0.089963384,0.194832,-6.6514025,0.0,0.0,0.0
1418733365,-0.16843812,-1.58829,-1.3483053,-0.022870092,0.0,0.040784955,0.16714364,0.0068045855,0.07601664,0.17926562,-6.665996,0.0,0.0,0.0
1418833231,-0.16843812,-1.58829,-1.3483053,-0.022870092,0.0,0.042073064,0.16822976,0.006851256,0.062377438,0.16401368,-6.6573553,0.0,0.0,0.0
1418934797,-0.16843812,-1.58829,-1.3483053,-0.022870092,0.0,0.042678706,0.16565949,0.0070029497,0.07795122,0.13322452,-6.664449,0.0,0.0,0.0
1419038720,-0.16843812,-1.58829,-1.3483053,-0.022870092,0.0,0.042804256,0.15696555,0.0071968436,0.081478566,0.097614616,-6.642361,0.0,0.0,0.0
1419137661,-0.16843812,-1.58829,-1.3483053,-0.022870092,0.0,0.04078936,0.14439064,0.007290542,0.074302204,0.06338166,-6.655863,0.0,0.0,0.0
1419238356,-0.16843812,-1.58829,-1.3483053,-0.022870092,0.0,0.037793085,0.12938815,0.007277131,0.06866004,0.033797134,-6.6652155,0.0,0.0,0.0
1419343096,-0.16843812,-1.58829,-1.3483053,-0.022870092,0.0,0.032399923,0.11090058,0.007051885,0.039383564,0.0044691665,-6.7233067,0.0,0.0,0.0
1419442864,-0.16843812,-1.58829,-1.3483053,-0.022870092,0.0,0.025524639,0.09303564,0.0067701936,0.038050417,-0.013253881,-6.665768,0.0,0.0,0.0
1419543031,-0.16843812,-1.58829,-1.3483053,-0.022870092,0.0,0.016812153,0.07627183,0.006612301,0.016111922,-0.021142125,-6.6802044,0.0,0.0,0.0
1419646762,-0.16843812,-1.58829,-1.3483053,-0.022870092,0.0,0.006088279,0.060542464,0.0064436793,0.0064172377,-0.044277634,-6.6669908,0.0,0.0,0.0
1419748341,-0.16843812,-1.58829,-1.3483053,-0.022870092,0.0,-0.00410901,0.046386123,0.006263733,-0.01583385,-0.05927883,-6.6816854,0.0,0.0,0.0
1419847655,-0.16843812,-1.58829,-1.3483053,-0.022870092,0.0,-0.01044859,0.03220457,0.0061845183,-0.011391889,-0.05853544,-6.6465745,0.0,0.0,0.0
1419951618,-0.16843812,-1.58829,-1.3483053,-0.022870092,0.0,-0.011804067,0.016098976,0.006287098,0.008346247,-0.06503994,-6.6780276,0.0,0.0,0.0
1420051565,-0.16843812,-1.58829,-1.3483053,-0.022870092,0.0,-0.009426601,0.000618875,0.006298363,0.026921554,-0.07593941,-6.673097,0.0,0.0,0.0
1420151661,-0.17698365,-1.57135,-1.3483053,-0.022870092,0.0,-0.0052585825,-0.0035253167,0.0063504577,0.009411343,-0.07164088,-6.6611085,0.0,0.0,0.0
1420256102,-0.17698365,-1.57135,-1.3483053,-0.022870092,0.0,-0.0064864308,-0.01632893,0.0064605474,0.022174863,-0.07103659,-6.595436,0.0,0.0,0.0
1420356795,-0.17698365,-1.57135,-1.3483053,-0.022870092,0.0,-0.0045170635,-0.034779847,0.006795168,0.030561551,-0.10988778,-6.6391854,0.0,0.0,0.0
1420456410,-0.17698365,-1.57135,-1.3483053,-0.022870092,0.0,-0.0044274554,-0.051551342,0.006932676,0.02532686,-0.12343091,-6.6414523,0.0,0.0,0.0
1420557204,-0.17698365,-1.57135,-1.3483053,-0.022870092,0.0,-0.005661875,-0.06773865,0.0072281957,0.013138541,-0.13543497,-6.6222563,0.0,0.0,0.0
1420661517,-0.17698365,-1.57135,-1.3483053,-0.022870092,0.0,-0.008719727,-0.0809564,0.007546425,0.0028702125,-0.11790864,-6.642876,0.0,0.0,0.0
1420760846,-0.17698365,-1.57135,-1.3483053,-0.022870092,0.0,-0.013612725,-0.0893991,0.0076315403,0.009332308,-0.11240737,-6.632507,0.0,0.0,0.0
1420865237,-0.17698365,-1.57135,-1.3483053,-0.022870092,0.0,-0.019612871,-0.093845844,0.0076724887,-0.01124532,-0.10162613,-6.6605077,0.0,0.0,0.0
1420965533,-0.17698365,-1.57135,-1.3483053,-0.022870092,0.0,-0.022812769,-0.094080806,0.007532239,-0.007413222,-0.07966441,-6.65687,0.0,0.0,0.0
1421066861,-0.17698365,-1.57135,-1.3483053,-0.022870092,0.0,-0.021618024,-0.09134585,0.007353127,0.0010666361,-0.07050757,-6.6832514,0.0,0.0,0.0
1421169980,-0.17698365,-1.57135,-1.3483053,-0.022870092,0.0,-0.018547073,-0.08686155,0.007279098,0.0021514264,-0.06341838,-6.671417,0.0,0.0,0.0
1421270111,-0.17698365,-1.57135,-1.3483053,-0.022870092,0.0,-0.013227224,-0.08142024,0.0070767403,0.023467118,-0.034037117,-6.668901,0.0,0.0,0.0
1421370350,-0.17698365,-1.57135,-1.3483053,-0.022870092,0.0,-0.0058359727,-0.07569176,0.0070225596,0.03616517,-0.033416376,-6.677584,0.0,0.0,0.0
1421474775,-0.17698365,-1.57135,-1.3483053,-0.022870092,0.0,0.002561286,-0.06967789,0.00693053,0.063675776,-0.034219448,-6.650203,0.0,0.0,0.0
1421575099,-0.17698365,-1.57135,-1.3483053,-0.022870092,0.0,0.010221563,-0.064098716,0.0068035126,0.07556013,-0.021976715,-6.6373987,0.0,0.0,0.0
1421675108,-0.17698365,-1.57135,-1.3483053,-0.022870092,0.0,0.015736096,-0.05915934,0.006773412,0.07683375,-0.026163748,-6.64132,0.0,0.0,0.0
1421779121,-0.17698365,-1.57135,-1.3483053,-0.022870092,0.0,0.019744433,-0.05438447,0.006626487,0.07403934,-0.026694207,-6.6497145,0.0,0.0,0.0
1421878459,-0.1930992,-1.5376972,-1.3483053,-0.022870092,0.0,0.046532966,-0.0010643988,0.006435871,0.11105132,0.04950949,-6.639443,0.0,0.0,0.0
1421980002,-0.21511653,-1.5330384,-1.3483053,-0.022870092,0.0,0.13576497,-0.003105499,0.0064392686,0.23410766,0.03391781,-6.658255,0.0,0.0,0.0
1422083939,-0.2048369,-1.5377811,-1.3483053,-0.022870092,0.0,0.20377886,-0.0046612537,0.006515205,0.28546533,0.01015428,-6.619454,0.0,0.0,0.0
1422183870,-0.20054145,-1.5383127,-1.3483053,-0.022870092,0.0,0.24103232,-0.005513393,0.0067236423,0.28352067,-0.006167772,-6.6184525,0.0,0.0,0.0
1422283751,-0.18917724,-1.5368205,-1.3483053,-0.022870092,0.0,0.2635708,-0.0060289386,0.006997645,0.27088383,-0.010837003,-6.632933,0.0,0.0,0.0
1422384636,-0.17330505,-1.5341322,-1.3483053,-0.022870092,0.0,0.27931538,-0.0063890824,0.007189691,0.23889332,-0.021505615,-6.625012,0.0,0.0,0.0
1422488442,-0.15425034,-1.529932,-1.3483053,-0.022870092,0.0,0.2924556,-0.0066896533,0.0074682236,0.22993289,-0.02858363,-6.649781,0.0,0.0,0.0
1422588355,-0.13510583,-1.5257391,-1.3483053,-0.022870092,0.0,0.29280806,-0.006697715,0.007642925,0.21086988,-0.031007629,-6.607426,0.0,0.0,0.0
1422692379,-0.11749628,-1.5426962,-1.3483053,-0.022870092,0.0,0.3067717,-0.0070171203,0.0077878833,0.12429694,0.15263058,-6.62872,0.0,0.0,0.0
1422792900,-0.09544079,-1.5397617,-1.3483053,-0.022870092,0.0,0.31027022,-0.007097146,0.0076218247,0.17554176,0.014106065,-6.7279477,0.0,0.0,0.0
1422893737,-0.07507276,-1.5443792,-1.3483053,-0.022870092,0.0,0.32084104,-0.007338944,0.007511556,0.19072399,0.028424218,-6.6536293,0.0,0.0,0.0
1422992939,-0.055263083,-1.5486652,-1.3483053,-0.022870092,0.0,0.3233364,-0.0073960223,0.0075775385,0.18734676,0.027171465,-6.6443405,0.0,0.0,0.0
1423097321,-0.034425598,-1.5525355,-1.3483053,-0.022870092,0.0,0.33401278,-0.0076402347,0.0076287985,0.19334511,0.027125932,-6.6400023,0.0,0.0,0.0
1423197659,-0.015024148,-1.5582379,-1.3483053,-0.022870092,0.0,0.3380538,-0.0077326694,0.0076162815,0.2000029,0.032474883,-6.6114507,0.0,0.0,0.0
1423297690,0.005334148,-1.5652865,-1.3483053,-0.022870092,0.0,0.33914596,-0.007757652,0.0075591207,0.19523408,0.03742924,-6.6355615,0.0,0.0,0.0
1423401663,0.02861124,-1.5744641,-1.3483053,-0.022870092,0.0,0.34140027,-0.007809217,0.0073742867,0.16969083,0.05655815,-6.6666675,0.0,0.0,0.0
1423502342,0.052742966,-1.5829778,-1.3483053,-0.022870092,0.0,0.34466362,-0.007883863,0.0071323514,0.1592806,0.042648986,-6.657804,0.0,0.0,0.0
1423606410,0.08032282,-1.5909591,-1.3483053,-0.022870092,0.0,0.34961954,-0.007997226,0.0068469644,0.16207609,0.033411153,-6.6220336,0.0,0.0,0.0
1423706823,0.109150045,-1.5975096,-1.3483053,-0.022870092,0.0,0.35038012,-0.008014623,0.006810069,0.15651706,0.033063434,-6.5686693,0.0,0.0,0.0
1423806800,0.13878416,-1.6035107,-1.3483053,-0.022870092,0.0,0.353845,-0.008093879,0.006857574,0.15306017,0.03228694,-6.589299,0.0,0.0,0.0
1423906494,0.16857643,-1.6078173,-1.3483053,-0.022870092,0.0,0.35563934,-0.008134923,0.006849766,0.13311957,0.027007163,-6.607213,0.0,0.0,0.0
1424010853,0.19981517,-1.6104145,-1.3483053,-0.022870092,0.0,0.35550055,-0.008131748,0.0066744685,0.1470029,0.031770997,-6.602723,0.0,0.0,0.0
1424111682,0.22902484,-1.6099858,-1.3483053,-0.022870092,0.0,0.35549873,-0.008131707,0.0064020753,0.1502726,0.020855736,-6.6201057,0.0,0.0,0.0
1424212501,0.2565789,-1.6068536,-1.3483053,-0.022870092,0.0,0.35746342,-0.008176647,0.006045401,0.15120196,0.0005800865,-6.649069,0.0,0.0,0.0
1424315898,0.28497955,-1.6016352,-1.3483053,-0.022870092,0.0,0.35978422,-0.008229733,0.005791068,0.15450971,-0.011332306,-6.604709,0.0,0.0,0.0
1424415380,0.3136527,-1.5958598,-1.3483053,-0.022870092,0.0,0.36097905,-0.008257064,0.0058099627,0.15904418,-0.013460222,-6.563632,0.0,0.0,0.0
1424516488,0.34278607,-1.588699,-1.3483053,-0.022870092,0.0,0.3609797,-0.008257079,0.0057274103,0.15662698,-0.013966359,-6.613302,0.0,0.0,0.0
1424620721,0.37273976,-1.5822691,-1.3483053,-0.022870092,0.0,0.36097932,-0.008257071,0.0055156946,0.15613736,-0.012477879,-6.629119,0.0,0.0,0.0
1424720316,0.4011282,-1.5769206,-1.3483053,-0.022870092,0.0,0.3609793,-0.00825707,0.0052855015,0.15503271,-0.010909558,-6.606437,0.0,0.0,0.0
1424820911,0.42889154,-1.5717204,-1.3483053,-0.022870092,0.0,0.36288467,-0.008300654,0.0050700307,0.15459087,-0.015810149,-6.61138,0.0,0.0,0.0
1424925725,0.46049443,-1.5676223,-1.3483053,-0.022870092,0.0,0.36094207,-0.008256217,0.0049373507,0.15257137,0.0024368642,-6.6300483,0.0,0.0,0.0
1425025198,0.4938506,-1.564762,-1.3483053,-0.022870092,0.0,0.36097825,-0.008257045,0.004911363,0.1377297,-0.0052348315,-6.6472993,0.0,0.0,0.0
1425125539,0.5311356,-1.5620818,-1.3483053,-0.022870092,0.0,0.3609793,-0.00825707,0.0049130917,0.1264814,-0.021304356,-6.6036973,0.0,0.0,0.0
1425229251,0.58374786,-1.549362,-1.3483053,-0.022870092,0.0,0.3609793,-0.00825707,0.004900515,0.11609505,0.043852337,-6.624963,0.0,0.0,0.0
1425328892,0.62407535,-1.5541157,-1.3483053,-0.022870092,0.0,0.35991603,-0.008232748,0.004354,0.101314634,0.034984853,-6.6742363,0.0,0.0,0.0
1425430273,0.6736688,-1.5543731,-1.3483053,-0.022870092,0.0,0.36021408,-0.008239565,0.0038130283,0.09293487,0.04199825,-6.650386,0.0,0.0,0.0
1425534334,0.7206564,-1.5556449,-1.3483053,-0.022870092,0.0,0.3598105,-0.008230334,0.0032673478,0.09017755,0.03157332,-6.687733,0.0,0.0,0.0
1425634025,0.7652879,-1.5568135,-1.3483053,-0.022870092,0.0,0.3609772,-0.008257021,0.0026897192,0.09074002,0.029346015,-6.640077,0.0,0.0,0.0
1425735257,0.8129791,-1.5578187,-1.3483053,-0.022870092,0.0,0.3609797,-0.008257079,0.0022755861,0.07569157,0.023035448,-6.6534886,0.0,0.0,0.0
1425839142,0.8642687,-1.5601226,-1.3483053,-0.022870092,0.0,0.3628416,-0.008299668,0.0020235777,0.05911566,0.023914697,-6.6200776,0.0,0.0,0.0
1425938693,0.91128045,-1.57931,-1.3483053,-0.022870092,0.0,0.3631852,-0.008307528,0.0018009543,0.1666942,-0.01758297,-6.71435,0.0,0.0,0.0
1426039143,0.9482035,-1.5762998,-1.3483053,-0.022870092,0.0,0.36461908,-0.008340326,0.0016804934,0.102433145,0.010204377,-6.654174,0.0,0.0,0.0
1426143877,0.9964705,-1.583329,-1.3483053,-0.022870092,0.0,0.36457378,-0.00833929,0.0017524362,0.09363591,0.014410252,-6.6162176,0.0,0.0,0.0
1426247844,1.0407132,-1.5871419,-1.3483053,-0.022870092,0.0,0.36462256,-0.008340405,0.0019341707,0.103828415,0.017540056,-6.6396832,0.0,0.0,0.0
1426347639,1.0802339,-1.5868272,-1.3483053,-0.022870092,0.0,0.3650101,-0.0083492715,0.0020173788,0.11394204,0.009608922,-6.6321616,0.0,0.0,0.0
1426451654,1.1219661,-1.5840366,-1.3483053,-0.022870092,0.0,0.36644587,-0.008382113,0.0020614862,0.107939556,0.00072466105,-6.6268697,0.0,0.0,0.0
1426551768,1.1615374,-1.5805254,-1.3483053,-0.022870092,0.0,0.3645552,-0.008338865,0.002030313,0.093209304,0.0017882375,-6.651972,0.0,0.0,0.0
1426652576,1.1935022,-1.5823117,-1.3483053,-0.022870092,0.0,0.3646347,-0.008340683,0.0019528866,0.21811348,-0.021731025,-6.7327337,0.0,0.0,0.0
1426752772,1.2309295,-1.5796409,-1.3483053,-0.022870092,0.0,0.3642557,-0.008332014,0.0015755892,0.10738653,-0.0042451858,-6.640627,0.0,0.0,0.0
1426856960,1.27498,-1.5849596,-1.3483053,-0.022870092,0.0,0.36468226,-0.008341772,0.0016258955,0.11745385,0.1171691,-6.693257,0.0,0.0,0.0
1426956438,1.3086638,-1.5864006,-1.3483053,-0.022870092,0.0,0.3659054,-0.008369749,0.001337409,0.11261268,0.027310396,-6.716722,0.0,0.0,0.0
1427060600,1.3496358,-1.5904583,-1.3483053,-0.022870092,0.0,0.3663867,-0.008380759,0.0012952685,0.096959464,0.046637725,-6.6464233,0.0,0.0,0.0
1427161247,1.3883961,-1.5938016,-1.3483053,-0.022870092,0.0,0.36607888,-0.008373718,0.0012103915,0.11553854,0.03334644,-6.6607966,0.0,0.0,0.0
1427261122,1.4239907,-1.5974472,-1.3483053,-0.022870092,0.0,0.365928,-0.008370266,0.0010501146,0.11192887,0.022840813,-6.6524315,0.0,0.0,0.0
1427361132,1.4558761,-1.6034999,-1.3483053,-0.022870092,0.0,0.36645016,-0.0083822105,0.0009045005,0.12052051,0.03918565,-6.6866,0.0,0.0,0.0
1427465338,1.4898945,-1.6106142,-1.3483053,-0.022870092,0.0,0.36645958,-0.008382427,0.0007312298,0.1268595,0.026780298,-6.6370106,0.0,0.0,0.0
1427565727,1.5193504,-1.6129061,-1.3483053,-0.022870092,0.0,0.36836517,-0.008426015,0.0005273223,-0.02103656,0.030745188,-6.694507,0.0,0.0,0.0
1427666490,1.5643846,-1.6147697,-1.3483053,-0.022870092,0.0,0.3702494,-0.008469114,0.00019341707,0.107287586,0.000892485,-6.7245936,0.0,0.0,0.0
1427770234,1.6060998,-1.617485,-1.3483053,-0.022870092,0.0,0.3740442,-0.008555917,-0.00045734644,0.094776124,-0.014874772,-6.681938,0.0,0.0,0.0
1427870513,1.6443119,-1.6223356,-1.3483053,-0.022870092,0.0,0.37465763,-0.008569948,-0.0009313822,0.09623739,0.00088421436,-6.711949,0.0,0.0,0.0
1427971043,1.6632762,-1.6395816,-1.3483053,-0.022870092,0.0,0.37563097,-0.008592213,-0.0016099811,0.21685196,-0.015850551,-6.7573023,0.0,0.0,0.0
1428074948,1.6946713,-1.6498346,-1.3483053,-0.022870092,0.0,0.37750006,-0.008634967,-0.0018472075,0.19989966,0.008349814,-6.6977625,0.0,0.0,0.0
1428174807,1.7323705,-1.6615123,-1.3483053,-0.022870092,0.0,0.3774189,-0.008633111,-0.001804173,0.16275665,0.021541553,-6.675542,0.0,0.0,0.0
1428275153,1.7794168,-1.6733738,-1.3483053,-0.022870092,0.0,0.37742049,-0.008633147,-0.0015966296,0.09810165,0.02713547,-6.659745,0.0,0.0,0.0
1428379894,1.8352224,-1.6842662,-1.3483053,-0.022870092,0.0,0.37742063,-0.00863315,-0.0012254119,0.07513626,0.024973027,-6.641975,0.0,0.0,0.0
1428479290,1.8928689,-1.6943436,-1.3483053,-0.022870092,0.0,0.37742063,-0.00863315,-0.00096583366,0.04688221,0.019892069,-6.667093,0.0,0.0,0.0
1428579922,1.9540318,-1.7029697,-1.3483053,-0.022870092,0.0,0.37742063,-0.00863315,-0.0008714795,0.027350876,0.007689275,-6.648858,0.0,0.0,0.0
1428683811,2.0150642,-1.7096498,-1.3483053,-0.022870092,0.0,0.3774207,-0.008633151,-0.000972569,0.044714753,0.019268582,-6.6650186,0.0,0.0,0.0
1428784136,2.0729833,-1.714808,-1.3483053,-0.022870092,0.0,0.37742063,-0.00863315,-0.0011552572,0.0394452,0.005088222,-6.6213684,0.0,0.0,0.0
1428884651,2.1287313,-1.7190316,-1.3483053,-0.022870092,0.0,0.37742063,-0.00863315,-0.0012972951,0.022940174,0.007907895,-6.6636786,0.0,0.0,0.0
1428988765,2.179229,-1.7217611,-1.3483053,-0.022870092,0.0,0.37742063,-0.00863315,-0.0015584826,0.051312566,0.00072681415,-6.6547103,0.0,0.0,0.0
1429088087,2.220487,-1.7230476,-1.3483053,-0.022870092,0.0,0.375456,-0.008588212,-0.0017813444,0.082623556,-0.0009806108,-6.6524286,0.0,0.0,0.0
1429189752,2.2578692,-1.7240678,-1.3483053,-0.022870092,0.0,0.3755956,-0.008591403,-0.0019499063,0.10422753,0.0012408989,-6.6829243,0.0,0.0,0.0
1429293379,2.2951128,-1.7247072,-1.3483053,-0.022870092,0.0,0.3755939,-0.008591365,-0.0018590689,0.10991333,0.0054518324,-6.624867,0.0,0.0,0.0
1429597198,2.4164326,-1.7383049,-1.3483053,-0.022870092,0.0,0.36906093,-0.008441929,-0.00060224533,0.079861395,0.027292868,-6.619961,0.0,0.0,0.0
1429798047,2.4979837,-1.7509363,-1.3483053,-0.022870092,0.0,0.1657596,-0.0037915981,0.00022417307,-0.22605205,0.045300093,-6.632092,0.0,0.0,0.0
1430006322,2.5490603,-1.755047,-1.3483053,-0.022870092,0.0,-0.022695422,-0.002747655,0.00022011995,-0.3402217,0.021703219,-6.6983724,0.0,0.0,0.0
1430107111,2.5490603,-1.755047,-1.3483053,-0.022870092,0.0,-0.047533393,-0.010639071,7.414818e-05,-0.27676746,-0.010625386,-6.618626,0.0,0.0,0.0
1430206478,2.5490603,-1.755047,-1.3483053,-0.022870092,0.0,-0.059288263,-0.022816122,-0.00023597479,-0.19796912,-0.034476936,-6.658793,0.0,0.0,0.0
1430411157,2.5490603,-1.755047,-1.3483053,-0.022870092,0.0,-0.05310881,-0.053904712,-0.0011573434,-0.056732357,-0.07595701,-6.623662,0.0,0.0,0.0
1430511646,2.5490603,-1.755047,-1.3483053,-0.022870092,0.0,-0.042702913,-0.06788921,-0.0014604926,-0.0062381914,-0.1009481,-6.66562,0.0,0.0,0.0
1430615639,2.5490603,-1.755047,-1.3483053,-0.022870092,0.0,-0.029924512,-0.08060539,-0.0017086864,0.032454062,-0.097201526,-6.6472006,0.0,0.0,0.0
1430819855,2.6113818,-1.7299773,-1.3483053,-0.022870092,0.0,-0.005834341,-0.0038089156,-0.0021143556,-0.026192097,0.068192996,-6.775071,0.0,0.0,0.0
1431020573,2.6113818,-1.7299773,-1.3483053,-0.022870092,0.0,-0.049879074,0.009203374,-0.0020014644,-0.09326264,0.06627578,-6.623165,0.0,0.0,0.0
1431120618,2.6113818,-1.7299773,-1.3483053,-0.022870092,0.0,-0.059097648,0.004791498,-0.00092351437,-0.085812524,0.030560456,-6.641634,0.0,0.0,0.0
1431224510,2.6113818,-1.7299773,-1.3483053,-0.022870092,0.0,-0.058500767,-0.0051439404,-7.5101852e-06,-0.045418117,0.00825735,-6.6676865,0.0,0.0,0.0
1431425652,2.5958242,-1.7082322,-1.3483053,-0.022870092,0.0,-0.04083717,0.021202862,9.447336e-05,-0.033671822,0.08416808,-6.769884,0.0,0.0,0.0
1431629399,2.5958242,-1.7082322,-1.3483053,-0.022870092,0.0,-0.016608238,0.026491463,-0.00042802095,0.011121009,0.08267856,-6.657746,0.0,0.0,0.0
1431834085,2.5958242,-1.7082322,-1.3483053,-0.022870092,0.0,0.0020198822,0.026499867,-2.4318695e-05,0.048467126,0.046041813,-6.696761,0.0,0.0,0.0
1432034036,2.5958242,-1.7082322,-1.3483053,-0.022870092,0.0,0.036539912,0.010342598,0.00046253204,0.12300619,-0.0076318923,-6.595098,0.0,0.0,0.0
1432138090,2.5958242,-1.7082322,-1.3483053,-0.022870092,0.0,0.047941804,0.0052013397,0.0007843971,0.11601058,-0.004289304,-6.6166306,0.0,0.0,0.0
1432240417,2.5633507,-1.7124035,-1.3483053,-0.022870092,0.0,0.0023092707,0.100955784,0.0011448264,0.03484488,0.1350276,-6.601204,0.0,0.0,0.0
1432338801,2.5659373,-1.714733,-1.3483053,-0.022870092,0.0,0.0037359477,0.1633267,0.0014773607,0.03355286,0.19693784,-6.5996943,0.0,0.0,0.0
1432442803,2.5672052,-1.7146509,-1.3483053,-0.022870092,0.0,0.006584112,0.28784162,0.0016813874,0.051047713,0.3295762,-6.6297297,0.0,0.0,0.0
1432543641,2.5672612,-1.710153,-1.3483053,-0.022870092,0.0,0.0077816895,0.34019682,0.0017927289,0.052538663,0.33172458,-6.599402,0.0,0.0,0.0
1432644589,2.5663478,-1.7005228,-1.3483053,-0.022870092,0.0,0.007774385,0.3398775,0.0020996332,0.056811687,0.2771502,-6.631058,0.0,0.0,0.0
1432748309,2.55719,-1.6805735,-1.3483053,-0.022870092,0.0,0.008028447,0.35098445,0.0023206472,0.05092741,0.28438166,-6.6594434,0.0,0.0,0.0
1432847634,2.5505488,-1.6628653,-1.3483053,-0.022870092,0.0,0.0080673015,0.35268316,0.0024293065,0.029916214,0.24069998,-6.597832,0.0,0.0,0.0
1432947904,2.5399752,-1.6409082,-1.3483053,-0.022870092,0.0,0.008065235,0.35259274,0.0028988123,0.04808786,0.21485049,-6.5966167,0.0,0.0,0.0
1433053106,2.5306718,-1.6170517,-1.3483053,-0.022870092,0.0,0.008079735,0.35322666,0.0034527183,0.047562182,0.17874229,-6.625901,0.0,0.0,0.0
1433156723,2.5264652,-1.5939536,-1.3483053,-0.022870092,0.0,0.008110138,0.35455582,0.0039334297,0.050959572,0.16691215,-6.586223,0.0,0.0,0.0
1433256084,2.5297563,-1.573059,-1.3483053,-0.022870092,0.0,0.008070774,0.35283494,0.0043513775,0.033940755,0.15993425,-6.623296,0.0,0.0,0.0
1433360425,2.5408757,-1.5549105,-1.3483053,-0.022870092,0.0,0.008097989,0.35402465,0.0048202276,0.00077821326,0.17020155,-6.6114454,0.0,0.0,0.0
1433461174,2.5579267,-1.53914,-1.3483053,-0.022870092,0.0,0.008050023,0.35192776,0.0049737096,-0.005200838,0.1732806,-6.621582,0.0,0.0,0.0
1433561194,2.5818825,-1.5201727,-1.3483053,-0.022870092,0.0,0.008036004,0.35131487,0.0045271516,0.116891645,0.112609915,-6.733715,0.0,0.0,0.0
1433661670,2.580809,-1.4924545,-1.3483053,-0.022870092,0.0,0.008015303,0.35040987,0.0040917397,0.053797957,0.13472746,-6.6795263,0.0,0.0,0.0
1433765505,2.584871,-1.4623841,-1.3483053,-0.022870092,0.0,0.007895276,0.34516257,0.0038167834,0.011378895,0.02913119,-6.729689,0.0,0.0,0.0
1433866685,2.5923007,-1.428051,-1.3483053,-0.022870092,0.0,0.007898629,0.34530914,0.0032943487,0.038669527,0.068720646,-6.73636,0.0,0.0,0.0
1433966048,2.604458,-1.398324,-1.3483053,-0.022870092,0.0,0.007889947,0.3449296,0.003049612,0.02116003,0.070047796,-6.650599,0.0,0.0,0.0
1434069653,2.6204066,-1.3698418,-1.3483053,-0.022870092,0.0,0.007857185,0.34349734,0.0031657815,0.013642163,0.091725476,-6.631492,0.0,0.0,0.0
1434170367,2.642198,-1.3480204,-1.3483053,-0.022870092,0.0,0.007856867,0.34348342,0.0035476089,-0.027013415,0.114091404,-6.653218,0.0,0.0,0.0
1434274380,2.6685843,-1.3305287,-1.3483053,-0.022870092,0.0,0.007900343,0.3453841,0.003730476,-0.044077363,0.12979491,-6.6507106,0.0,0.0,0.0
1434374874,2.6942446,-1.3172382,-1.3483053,-0.022870092,0.0,0.0078985095,0.34530395,0.0038375258,-0.043221563,0.16216734,-6.659412,0.0,0.0,0.0
1434475575,2.7186055,-1.3067884,-1.3483053,-0.022870092,0.0,0.007985496,0.34910676,0.0036566257,-0.030098522,0.17199558,-6.6208253,0.0,0.0,0.0
1434574798,2.7377684,-1.2929791,-1.3483053,-0.022870092,0.0,0.008031323,0.35111022,0.0033575296,-0.037019335,0.16980065,-6.6857896,0.0,0.0,0.0
1434679642,2.7543793,-1.2738909,-1.3483053,-0.022870092,0.0,0.0080236625,0.3507753,0.0029884577,-0.03148144,0.14409101,-6.7287283,0.0,0.0,0.0
1434779939,2.7670286,-1.2513586,-1.3483053,-0.022870092,0.0,0.008023587,0.35077196,0.0026562214,-0.0036981376,0.1292494,-6.6678863,0.0,0.0,0.0
1434879638,2.776429,-1.2247635,-1.3483053,-0.022870092,0.0,0.008023593,0.35077223,0.002462089,-0.0059655346,0.11594555,-6.6568494,0.0,0.0,0.0
1434983316,2.7942955,-1.1874769,-1.3483053,-0.022870092,0.0,0.008111892,0.3546325,0.0022237897,0.04852031,0.0039467514,-6.7140393,0.0,0.0,0.0
1435083603,2.7971516,-1.1546147,-1.3483053,-0.022870092,0.0,0.008150114,0.35630348,0.0019891262,0.01299007,0.089306034,-6.6299167,0.0,0.0,0.0
1435288446,2.7929401,-1.1072166,-1.3483053,-0.022870092,0.0,0.00828198,0.3620683,0.0018366575,0.022463478,0.24282773,-6.655089,0.0,0.0,0.0
1435488440,2.788472,-1.0417103,-1.3483053,-0.022870092,0.0,0.008273673,0.36170518,0.001726687,0.049414847,0.08737962,-6.600831,0.0,0.0,0.0
1435593251,2.781668,-1.0042673,-1.3483053,-0.022870092,0.0,0.00830269,0.36297375,0.0022153258,0.050714146,0.09135489,-6.6432614,0.0,0.0,0.0
1435793239,2.7801898,-0.92586577,-1.3483053,-0.022870092,0.0,0.008357851,0.36538526,0.0037673712,0.029937265,0.0708911,-6.607456,0.0,0.0,0.0
1435897232,2.7825103,-0.88273597,-1.3483053,-0.022870092,0.0,0.008386073,0.36661902,0.0039750934,0.020326424,0.060086954,-6.62688,0.0,0.0,0.0
1435997978,2.7854285,-0.83928996,-1.3483053,-0.022870092,0.0,0.008398445,0.3671599,0.0040338635,0.016549055,0.059015814,-6.642392,0.0,0.0,0.0
1436097689,2.7874963,-0.7954508,-1.3483053,-0.022870092,0.0,0.008398721,0.36717194,0.003889501,0.01720859,0.054054383,-6.6605535,0.0,0.0,0.0
1436202034,2.7896843,-0.7495466,-1.3483053,-0.022870092,0.0,0.00839872,0.3671719,0.0037175417,0.02438801,0.031168573,-6.5942473,0.0,0.0,0.0
1436302578,2.7917068,-0.7058919,-1.3483053,-0.022870092,0.0,0.00839872,0.3671719,0.0035478473,0.022078652,0.026115881,-6.619446,0.0,0.0,0.0
1436402797,2.794183,-0.66298497,-1.3483053,-0.022870092,0.0,0.00839872,0.3671719,0.0034685135,0.027642675,0.038025606,-6.6281786,0.0,0.0,0.0
1436506496,2.7980964,-0.61853766,-1.3483053,-0.022870092,0.0,0.00839872,0.3671719,0.0033371449,0.025810925,0.042953674,-6.6446176,0.0,0.0,0.0
1436607167,2.802983,-0.5765389,-1.3483053,-0.022870092,0.0,0.00840733,0.36754835,0.0031994581,0.022454673,0.049644567,-6.633082,0.0,0.0,0.0
1436706820,2.8084915,-0.5360822,-1.3483053,-0.022870092,0.0,0.008419684,0.3680884,0.0031701326,0.00574551,0.048819017,-6.6704082,0.0,0.0,0.0
1436811908,2.8145974,-0.49488235,-1.3483053,-0.022870092,0.0,0.008440362,0.36899242,0.0032301545,0.020529363,0.053530112,-6.635616,0.0,0.0,0.0
1436911506,2.818713,-0.45740572,-1.3483053,-0.022870092,0.0,0.008411412,0.3677268,0.00331074,0.034843042,0.06276176,-6.6084356,0.0,0.0,0.0
1437011648,2.821222,-0.42112225,-1.3483053,-0.022870092,0.0,0.00844382,0.36914358,0.0033898354,0.036924943,0.07867946,-6.6003556,0.0,0.0,0.0
1437115841,2.8223624,-0.3842951,-1.3483053,-0.022870092,0.0,0.008440361,0.3689924,0.00351578,0.03771756,0.08414216,-6.664257,0.0,0.0,0.0
1437216598,2.833704,-0.36191648,-1.3483053,-0.022870092,0.0,0.008483876,0.3708947,0.0032372475,0.031028623,0.13682029,-6.7267885,0.0,0.0,0.0
1437316359,2.8421624,-0.32963532,-1.3483053,-0.022870092,0.0,0.008481806,0.37080425,0.0030456185,0.029950231,0.12547384,-6.672665,0.0,0.0,0.0
1437420352,2.8516548,-0.29836732,-1.3483053,-0.022870092,0.0,0.008482078,0.37081614,0.0032874346,0.037094306,0.116966486,-6.64698,0.0,0.0,0.0
1437520335,2.859967,-0.26762047,-1.3483053,-0.022870092,0.0,0.008482083,0.37081635,0.0035111904,0.019913858,0.116245694,-6.644255,0.0,0.0,0.0
1437620753,2.8694003,-0.23611404,-1.3483053,-0.022870092,0.0,0.008482083,0.37081635,0.003801167,0.006747981,0.109508544,-6.6618013,0.0,0.0,0.0
1437721235,2.8772717,-0.20372796,-1.3483053,-0.022870092,0.0,0.008499303,0.37156916,0.003904879,0.0032881275,0.10819721,-6.686283,0.0,0.0,0.0
1437824891,2.886151,-0.17090745,-1.3483053,-0.022870092,0.0,0.008564813,0.37443307,0.0038197637,-0.01373087,0.10467487,-6.6803656,0.0,0.0,0.0
1437925145,2.8943284,-0.1404595,-1.3483053,-0.022870092,0.0,0.008610314,0.37642232,0.003665328,-0.0007929793,0.10636796,-6.65558,0.0,0.0,0.0
1438029550,2.9024522,-0.10849277,-1.3483053,-0.022870092,0.0,0.008586763,0.37539274,0.0035197735,0.0049681347,0.10388314,-6.652084,0.0,0.0,0.0
1438130035,2.9099278,-0.076709844,-1.3483053,-0.022870092,0.0,0.008607085,0.37628114,0.0032163262,-0.010122177,0.09743315,-6.6654487,0.0,0.0,0.0
1438333696,2.9197996,-0.009526621,-1.3483053,-0.022870092,0.0,0.008565485,0.3744625,0.0032111406,-0.0053565106,0.09417044,-6.648658,0.0,0.0,0.0
1438434402,2.9234073,0.023875877,-1.3483053,-0.022870092,0.0,0.008565449,0.37446094,0.0032028556,0.00347762,0.08986768,-6.6461263,0.0,0.0,0.0
1438534479,2.928062,0.05778303,-1.3483053,-0.022870092,0.0,0.008594456,0.37572902,0.003179133,-0.0004352519,0.08882265,-6.642013,0.0,0.0,0.0
1438638680,2.9599013,0.08609979,-1.3483053,-0.022870092,0.0,0.008606849,0.37627083,0.0029332042,-0.022395862,0.12963377,-6.6600747,0.0,0.0,0.0
1438739664,2.9641495,0.12286493,-1.3483053,-0.022870092,0.0,0.008650601,0.37818357,0.0022792816,-0.02613107,0.10610596,-6.6963425,0.0,0.0,0.0
1438838734,2.9740725,0.15756941,-1.3483053,-0.022870092,0.0,0.008648767,0.37810338,0.001627922,-0.02235553,0.098908104,-6.6781077,0.0,0.0,0.0
1438940083,2.9765108,0.17301644,-1.3483053,-0.022870092,0.0,0.008657411,0.3784813,0.0011905432,-0.022659028,0.0673346,-6.683923,0.0,0.0,0.0
1439143298,2.9962273,0.24747017,-1.3483053,-0.022870092,0.0,0.008731914,0.3817384,-0.0003734231,-0.014980116,0.0942009,-6.620388,0.0,0.0,0.0
1439349092,3.0156581,0.31582966,-1.3483053,-0.022870092,0.0,0.008820277,0.38560137,-0.0018186569,-0.027343871,0.10448821,-6.675333,0.0,0.0,0.0
1439448460,3.024138,0.34822005,-1.3483053,-0.022870092,0.0,0.008815369,0.3853868,-0.0023784637,-0.026401497,0.08815865,-6.673739,0.0,0.0,0.0
1439548693,3.0317912,0.37906355,-1.3483053,-0.022870092,0.0,0.008859001,0.38729432,-0.0029533505,-0.014868753,0.09878513,-6.6485047,0.0,0.0,0.0
1439652760,3.0391502,0.41067246,-1.3483053,-0.022870092,0.0,0.008857171,0.38721433,-0.0031218529,-0.02223596,0.10544216,-6.6958423,0.0,0.0,0.0
1439753261,3.045539,0.44125754,-1.3483053,-0.022870092,0.0,0.008857207,0.3872159,-0.003262937,-0.024682317,0.113998555,-6.6616635,0.0,0.0,0.0
1439853529,3.0513718,0.4706074,-1.3483053,-0.022870092,0.0,0.008857212,0.3872161,-0.003370285,-0.032487758,0.11723938,-6.679866,0.0,0.0,0.0
1439957505,3.0573266,0.5024097,-1.3483053,-0.022870092,0.0,0.008835461,0.38626516,-0.0035232902,-0.023520038,0.1133901,-6.625919,0.0,0.0,0.0
1440057405,3.0626323,0.5345615,-1.3483053,-0.022870092,0.0,0.008848482,0.3868344,-0.0035054088,-0.03284017,0.11534988,-6.6963716,0.0,0.0,0.0
1440158085,3.067502,0.5678959,-1.3483053,-0.022870092,0.0,0.008858342,0.38726547,-0.0033625364,-0.026902078,0.12630814,-6.7117043,0.0,0.0,0.0
1440262014,3.0714025,0.6032366,-1.3483053,-0.022870092,0.0,0.00885723,0.38721687,-0.0030652285,-0.03540506,0.111568205,-6.6732063,0.0,0.0,0.0
1440362823,3.0741427,0.6380229,-1.3483053,-0.022870092,0.0,0.008835461,0.38626516,-0.0029130578,-0.03045826,0.11067789,-6.6852236,0.0,0.0,0.0
1440462043,3.0750804,0.6740442,-1.3483053,-0.022870092,0.0,0.008848482,0.3868344,-0.0028772354,-0.01988631,0.114926614,-6.6816025,0.0,0.0,0.0
1440566887,3.0757644,0.71213216,-1.3483053,-0.022870092,0.0,0.008859564,0.3873189,-0.0027694702,-0.025141839,0.09978855,-6.6970935,0.0,0.0,0.0
1440667140,3.0783057,0.74764496,-1.3483053,-0.022870092,0.0,0.008900704,0.38911748,-0.0026647449,-0.02387712,0.11096741,-6.7022195,0.0,0.0,0.0
1440766859,3.0842552,0.7833285,-1.3483053,-0.022870092,0.0,0.00894209,0.39092678,-0.0024875998,-0.03758732,0.109015286,-6.6879635,0.0,0.0,0.0
1440871618,3.0955315,0.8206991,-1.3483053,-0.022870092,0.0,0.009026496,0.3946168,-0.0019664764,-0.04442364,0.12631524,-6.6424,0.0,0.0,0.0
1440971837,3.1108468,0.8577521,-1.3483053,-0.022870092,0.0,0.009041137,0.39525685,-0.0012426972,-0.057242136,0.11519878,-6.625937,0.0,0.0,0.0
1441071669,3.1270537,0.89553857,-1.3483053,-0.022870092,0.0,0.009108915,0.39821994,-0.00053972006,-0.083900094,0.11212464,-6.6464634,0.0,0.0,0.0
1441175285,3.1428013,0.93601614,-1.3483053,-0.022870092,0.0,0.009107342,0.39815122,0.0004091859,-0.06537932,0.09520836,-6.6276255,0.0,0.0,0.0
1441275936,3.158082,0.97503215,-1.3483053,-0.022870092,0.0,0.009150773,0.4000499,0.001250267,-0.0688236,0.10052903,-6.609986,0.0,0.0,0.0
1441376316,3.173019,1.0132353,-1.3483053,-0.022870092,0.0,0.00914894,0.39996973,0.0019118786,-0.07047772,0.11563889,-6.641625,0.0,0.0,0.0
1441480508,3.190222,1.0393263,-1.3483053,-0.022870092,0.0,0.009191468,0.401829,0.0015881062,-0.014931134,0.08517147,-6.6833277,0.0,0.0,0.0
1441580886,3.19643,1.079296,-1.3483053,-0.022870092,0.0,0.009168947,0.4008444,0.001871407,-0.0026543334,0.0896475,-6.6176677,0.0,0.0,0.0
1441680382,3.2035418,1.1180944,-1.3483053,-0.022870092,0.0,0.00919054,0.4017884,0.0021630526,0.010376921,0.10740272,-6.638207,0.0,0.0,0.0
1441780580,3.2089574,1.1568866,-1.3483053,-0.022870092,0.0,0.00919068,0.40179452,0.002418816,-0.0024104565,0.10999191,-6.63517,0.0,0.0,0.0
1441885156,3.2141302,1.1979752,-1.3483053,-0.022870092,0.0,0.00919066,0.40179363,0.0026561618,-0.00073133165,0.10503268,-6.6118307,0.0,0.0,0.0
1441985264,3.2199695,1.2350767,-1.3483053,-0.022870092,0.0,0.0091893105,0.40173465,0.0026245713,-0.017725691,0.12079536,-6.6405635,0.0,0.0,0.0
1442089232,3.2269995,1.2712584,-1.3483053,-0.022870092,0.0,0.009190424,0.40178335,0.0027481318,-0.029244142,0.13435051,-6.660582,0.0,0.0,0.0
1442190767,3.2343724,1.2840934,-1.3483053,-0.022870092,0.0,0.009170256,0.40090162,0.0027403831,0.0072192177,0.09594418,-6.6701503,0.0,0.0,0.0
1442290015,3.2410243,1.3227067,-1.3483053,-0.022870092,0.0,0.009182008,0.40141544,0.0032405853,-0.00033124012,0.10596577,-6.6302595,0.0,0.0,0.0
1442394043,3.2523177,1.3574706,-1.3483053,-0.022870092,0.0,0.009178552,0.4012643,0.0038194656,-0.019672472,0.10899347,-6.635609,0.0,0.0,0.0
1442494806,3.2634635,1.3931965,-1.3483053,-0.022870092,0.0,0.009190441,0.4017841,0.0041656494,-0.034917865,0.105448425,-6.6526704,0.0,0.0,0.0
1442593998,3.2731109,1.4321885,-1.3483053,-0.022870092,0.0,0.009189313,0.40173477,0.004368961,-0.023442466,0.104338504,-6.664354,0.0,0.0,0.0
1442694903,3.282219,1.473753,-1.3483053,-0.022870092,0.0,0.00919058,0.40179014,0.0049725175,-0.017472789,0.10335205,-6.688727,0.0,0.0,0.0
1442798458,3.2896838,1.5178065,-1.3483053,-0.022870092,0.0,0.009190658,0.40179354,0.005310178,0.00212855,0.094545126,-6.6297626,0.0,0.0,0.0
1442899100,3.2953253,1.5612402,-1.3483053,-0.022870092,0.0,0.009182049,0.4014172,0.0057454705,-0.0058107716,0.082015686,-6.651401,0.0,0.0,0.0
1442999645,3.2998703,1.6050024,-1.3483053,-0.022870092,0.0,0.0091773225,0.40121055,0.0058808923,0.015020231,0.06172877,-6.637083,0.0,0.0,0.0
1443103616,3.3047762,1.6503469,-1.3483053,-0.022870092,0.0,0.009190446,0.40178427,0.0061139464,0.00438553,0.07212907,-6.6946707,0.0,0.0,0.0
1443203666,3.3090098,1.6929334,-1.3483053,-0.022870092,0.0,0.009189314,0.4017348,0.0063769817,0.0148017155,0.0658565,-6.6491823,0.0,0.0,0.0
1443307692,3.3108199,1.7362846,-1.3483053,-0.022870092,0.0,0.009176117,0.4011579,0.0065398216,0.02153001,0.07448802,-6.634576,0.0,0.0,0.0
1443407287,3.3095133,1.7782781,-1.3483053,-0.022870092,0.0,0.009145791,0.3998321,0.0065232515,0.029067982,0.062391594,-6.6478086,0.0,0.0,0.0
1443508503,3.2616258,1.8289009,-1.3483053,-0.022870092,0.0,0.009148944,0.39996994,0.006261587,-0.026535366,0.07753924,-6.6256223,0.0,0.0,0.0
1443608128,3.2720256,1.86906,-1.3483053,-0.022870092,0.0,0.009106487,0.39811382,0.0057345033,0.020215856,0.049204867,-6.689959,0.0,0.0,0.0
1443712613,3.2536535,1.9154527,-1.3483053,-0.022870092,0.0,0.009107258,0.39814752,0.004805863,0.0515204,0.058550134,-6.634367,0.0,0.0,0.0
1443812671,3.2375624,1.9556923,-1.3483053,-0.022870092,0.0,0.0089428555,0.39096022,0.003858149,0.056037378,0.061238572,-6.636725,0.0,0.0,0.0
1443913197,3.2263262,1.9941204,-1.3483053,-0.022870092,0.0,0.007440139,0.32526505,0.0030901432,0.05049146,-0.03210626,-6.694555,0.0,0.0,0.0
1444117156,3.229359,2.0592518,-1.3483053,-0.022870092,0.0,0.0015711895,0.068688646,0.0022901297,0.039084807,-0.36033624,-6.6615715,0.0,0.0,0.0
1444217264,3.226199,2.0902166,-1.3483053,-0.022870092,0.0,0.00055396557,-0.011872172,0.0016462803,0.03055154,-0.34264484,-6.795899,0.0,0.0,0.0
1444322327,3.226199,2.0902166,-1.3483053,-0.022870092,0.0,0.00925827,-0.056477666,0.0012090802,0.044282824,-0.43056932,-6.6656666,0.0,0.0,0.0
1444421703,3.226199,2.0902166,-1.3483053,-0.022870092,0.0,0.02387631,-0.10178697,0.0007953644,0.060963854,-0.41082582,-6.643312,0.0,0.0,0.0
1444522846,3.226199,2.0902166,-1.3483053,-0.022870092,0.0,0.038114905,-0.13970625,0.00045788288,0.08418979,-0.3857472,-6.6461067,0.0,0.0,0.0
1444626398,3.226199,2.0902166,-1.3483053,-0.022870092,0.0,0.051754475,-0.16626334,0.00012606382,0.10562366,-0.32693443,-6.634486,0.0,0.0,0.0
1444726507,3.226199,2.0902166,-1.3483053,-0.022870092,0.0,0.062874556,-0.17984855,-0.00013124943,0.11115159,-0.2569434,-6.6200924,0.0,0.0,0.0
1444827027,3.168394,2.2480872,-1.3483053,-0.022870092,0.0,0.021314748,-0.05473487,-0.0002770424,-0.1134909,0.43899694,-6.61237,0.0,0.0,0.0
1444931180,3.168394,2.2480872,-1.3483053,-0.022870092,0.0,-0.011225939,0.050129056,-0.0008896589,-0.014881722,0.19631422,-6.874348,0.0,0.0,0.0
1445030847,3.168394,2.2480872,-1.3483053,-0.022870092,0.0,0.00016880035,0.049489617,-0.0024861693,0.018076804,0.18661472,-6.9412613,0.0,0.0,0.0
1445131825,3.168394,2.2480872,-1.3483053,-0.022870092,0.0,0.014261842,0.035696268,-0.003898561,0.06568545,0.08282337,-6.8974843,0.0,0.0,0.0
1445235566,3.168394,2.2480872,-1.3483053,-0.022870092,0.0,0.030682325,0.01061368,-0.0050187707,0.110895775,-0.035382137,-6.824077,0.0,0.0,0.0
1445335668,3.168394,2.2480872,-1.3483053,-0.022870092,0.0,0.04567051,-0.018579125,-0.0058107376,0.10631203,-0.11515225,-6.8018517,0.0,0.0,0.0
1445435576,3.168394,2.2480872,-1.3483053,-0.022870092,0.0,0.058879137,-0.050488472,-0.006133437,0.14192006,-0.1571333,-6.88767,0.0,0.0,0.0
1445540736,3.168394,2.2480872,-1.3483053,-0.022870092,0.0,0.067581296,-0.07895887,-0.006476283,0.14946693,-0.15676202,-6.9106774,0.0,0.0,0.0
1445640614,3.168394,2.2480872,-1.3483053,-0.022870092,0.0,0.07237351,-0.09945989,-0.0068334937,0.13036552,-0.15161417,-6.854785,0.0,0.0,0.0
1445741175,3.168394,2.2480872,-1.3483053,-0.022870092,0.0,0.07459259,-0.11430645,-0.0068281293,0.13308407,-0.1423805,-6.8417583,0.0,0.0,0.0
1445845683,3.168394,2.2480872,-1.3483053,-0.022870092,0.0,0.07588613,-0.12578595,-0.0068674684,0.13380466,-0.15639198,-6.777569,0.0,0.0,0.0
1446053340,3.168394,2.2480872,-1.3483053,-0.022870092,0.0,0.07472491,-0.14252472,-0.006534219,0.110179864,-0.15771261,-6.8183017,0.0,0.0,0.0
1446152870,3.168394,2.2480872,-1.3483053,-0.022870092,0.0,0.07299793,-0.14869165,-0.0063714385,0.08894217,-0.15377401,-6.932313,0.0,0.0,0.0
1446257218,3.168394,2.2480872,-1.3483053,-0.022870092,0.0,0.0711658,-0.15509605,-0.006425798,0.10770911,-0.13536376,-6.944042,0.0,0.0,0.0
1446358721,3.168394,2.2480872,-1.3483053,-0.022870092,0.0,0.070611835,-0.1629796,-0.006570518,0.09848982,-0.1376119,-6.906194,0.0,0.0,0.0
1446458026,3.168394,2.2480872,-1.3483053,-0.022870092,0.0,0.07108247,-0.17060852,-0.0069850087,0.11677563,-0.18062674,-6.823607,0.0,0.0,0.0
1446561984,3.168394,2.2480872,-1.3483053,-0.022870092,0.0,0.07411516,-0.18095863,-0.007478416,0.119710885,-0.20228826,-6.7887897,0.0,0.0,0.0
1446662133,3.168394,2.2480872,-1.3483053,-0.022870092,0.0,0.077554464,-0.19043648,-0.007961214,0.11139039,-0.22446604,-6.827469,0.0,0.0,0.0
1446762767,3.1193979,2.3732157,-1.3483053,-0.022870092,0.0,-0.0077558756,0.012898922,-0.007859588,-0.040752795,0.15899688,-6.855396,0.0,0.0,0.0
1446867171,3.1193979,2.3732157,-1.3483053,-0.022870092,0.0,-0.011767745,0.01903689,-0.008392096,-0.024523605,0.123590924,-6.932149,0.0,0.0,0.0
1446971109,3.1193979,2.3732157,-1.3483053,-0.022870092,0.0,-0.0099931955,0.019634128,-0.009350777,0.016391743,0.099825904,-6.931222,0.0,0.0,0.0
1447071660,3.1193979,2.3732157,-1.3483053,-0.022870092,0.0,-0.0038137436,0.017827034,-0.010477424,0.038730167,0.057119682,-6.8880877,0.0,0.0,0.0
1447171539,3.1193979,2.3732157,-1.3483053,-0.022870092,0.0,-0.00065231323,0.011027098,-0.0115071535,0.042794324,-0.0005588269,-6.859568,0.0,0.0,0.0
1447276084,3.1193979,2.3732157,-1.3483053,-0.022870092,0.0,-0.0023331642,0.005262494,-0.012655556,0.029753847,-0.014596512,-6.7795978,0.0,0.0,0.0
1447375281,3.1193979,2.3732157,-1.3483053,-0.022870092,0.0,-0.009268284,0.0024461746,-0.013550818,0.013301474,-0.01491273,-6.906981,0.0,0.0,0.0
1447479665,3.1193979,2.3732157,-1.3483053,-0.022870092,0.0,-0.02053821,0.002427578,-0.014449775,0.005632718,0.0024598096,-6.8923683,0.0,0.0,0.0
1447580711,3.1193979,2.3732157,-1.3483053,-0.022870092,0.0,-0.033873796,0.00605464,-0.015329421,-0.031926222,0.04288423,-6.9110994,0.0,0.0,0.0
1447680433,3.1193979,2.3732157,-1.3483053,-0.022870092,0.0,-0.04362631,0.011185169,-0.016275346,-0.00066324516,0.034758378,-6.875088,0.0,0.0,0.0
1447781097,3.1193979,2.3732157,-1.3483053,-0.022870092,0.0,-0.051066756,0.018738627,-0.017015934,-0.012358302,0.015948016,-6.789751,0.0,0.0,0.0
1447884707,3.1571445,2.351777,-1.3483053,-0.022870092,0.0,-0.22196421,0.005077227,-0.01703304,-0.24417372,-0.034637414,-6.812239,0.0,0.0,0.0
1447985272,3.1553936,2.3527918,-1.3483053,-0.022870092,0.0,-0.31508824,0.007207354,-0.016964316,-0.33136365,-0.0032476003,-6.882845,0.0,0.0,0.0
1448086251,3.1525116,2.3449655,-1.3483053,-0.022870092,0.0,-0.32991093,0.0075464086,-0.017276645,-0.2904036,0.029104725,-6.86921,0.0,0.0,0.0
1448189544,3.1433215,2.337943,-1.3483053,-0.022870092,0.0,-0.33036116,0.0075567076,-0.017777205,-0.22027439,0.044047095,-6.902072,0.0,0.0,0.0
1448288855,3.1299558,2.3316498,-1.3483053,-0.022870092,0.0,-0.33306766,0.007618617,-0.018212974,-0.19764085,0.043071244,-6.853601,0.0,0.0,0.0
1448390038,3.1151733,2.325143,-1.3483053,-0.022870092,0.0,-0.33787265,0.007728526,-0.01848501,-0.17174529,0.022022668,-6.7759824,0.0,0.0,0.0
1448494007,3.0985422,2.3189027,-1.3483053,-0.022870092,0.0,-0.33942422,0.007764017,-0.01844871,-0.16727634,0.023715323,-6.839632,0.0,0.0,0.0
1448593954,3.0803542,2.3133993,-1.3483053,-0.022870092,0.0,-0.3431849,0.007850038,-0.018047392,-0.16007203,0.04432465,-6.9071975,0.0,0.0,0.0
1448694078,3.0587273,2.308372,-1.3483053,-0.022870092,0.0,-0.36505812,0.008350369,-0.017667353,-0.16770254,0.064535365,-6.93897,0.0,0.0,0.0
1448898954,3.0065835,2.2938151,-1.3483053,-0.022870092,0.0,-0.36991832,0.05595147,-0.017199278,-0.12705797,0.14586762,-6.914795,0.0,0.0,0.0
1448998832,2.9786162,2.2852771,-1.3483053,-0.022870092,0.0,-0.39151964,0.09451395,-0.017038465,-0.15847297,0.17159314,-6.839211,0.0,0.0,0.0
1449102864,2.9498413,2.2761111,-1.3483053,-0.022870092,0.0,-0.39530635,0.11786709,-0.016854167,-0.15297778,0.2062162,-6.866547,0.0,0.0,0.0
1449204348,2.9230003,2.267863,-1.3483053,-0.022870092,0.0,-0.3953186,0.1285552,-0.016452432,-0.12661134,0.22257529,-6.98285,0.0,0.0,0.0
1449303277,2.8966186,2.2616558,-1.3483053,-0.022870092,0.0,-0.38364306,0.13050973,-0.016180634,-0.11691205,0.22016512,-6.9430394,0.0,0.0,0.0
1449407660,2.8689678,2.256151,-1.3483053,-0.022870092,0.0,-0.38332403,0.13371983,-0.015665472,-0.13106064,0.21380544,-6.90567,0.0,0.0,0.0
1449507948,2.84233,2.2518756,-1.3483053,-0.022870092,0.0,-0.3778978,0.13613974,-0.01517868,-0.104694426,0.19740136,-6.866395,0.0,0.0,0.0
1449608297,2.8143768,2.2486703,-1.3483053,-0.022870092,0.0,-0.3762302,0.13724858,-0.014822662,-0.100419454,0.14658287,-6.827374,0.0,0.0,0.0
1449712640,2.7843812,2.245601,-1.3483053,-0.022870092,0.0,-0.3743203,0.14081727,-0.014498591,-0.087850966,0.15689518,-6.9092913,0.0,0.0,0.0
1449812952,2.753265,2.24318,-1.3483053,-0.022870092,0.0,-0.3744296,0.13947257,-0.013997495,-0.09086472,0.16637397,-7.00897,0.0,0.0,0.0
1449912400,2.7207644,2.2421176,-1.3483053,-0.022870092,0.0,-0.37448114,0.1371498,-0.01342684,-0.06867169,0.15961432,-6.97435,0.0,0.0,0.0
1450013412,2.6878572,2.2414718,-1.3483053,-0.022870092,0.0,-0.37452552,0.13520116,-0.012839079,-0.057706468,0.15809953,-6.9265413,0.0,0.0,0.0
1450117550,2.654566,2.2412727,-1.3483053,-0.022870092,0.0,-0.37457594,0.13299699,-0.012546837,-0.05231113,0.13167289,-6.9176664,0.0,0.0,0.0
1450216920,2.6230054,2.241527,-1.3483053,-0.022870092,0.0,-0.37492064,0.11792937,-0.012129366,-0.06495204,0.074349284,-6.8926907,0.0,0.0,0.0
1450421998,2.5596416,2.2423258,-1.3483053,-0.022870092,0.0,-0.37523198,0.10431709,-0.011022627,-0.058853135,0.09308849,-6.949189,0.0,0.0,0.0
1450522054,2.526896,2.2430868,-1.3483053,-0.022870092,0.0,-0.37599623,0.07090385,-0.010429025,-0.065323316,0.05980029,-6.940317,0.0,0.0,0.0
1450623474,2.492472,2.2439735,-1.3483053,-0.022870092,0.0,-0.37672475,0.039055638,-0.009794354,-0.040314518,0.009833521,-6.921011,0.0,0.0,0.0
1450726904,2.4543178,2.2449386,-1.3483053,-0.022870092,0.0,-0.37742063,0.00863315,-0.00918138,-0.03932846,-0.041488975,-6.8430405,0.0,0.0,0.0
1450826830,2.4154427,2.2456474,-1.3483053,-0.022870092,0.0,-0.39262116,0.008980848,-0.0084632635,-0.05005814,-0.02366863,-6.833864,0.0,0.0,0.0
1450928291,2.3733845,2.2443278,-1.3483053,-0.022870092,0.0,-0.3919524,0.00896555,-0.007533431,-0.01329375,0.0095856935,-6.8976126,0.0,0.0,0.0
1451031897,2.3262901,2.2425866,-1.3483053,-0.022870092,0.0,-0.39165655,0.008958783,-0.006613672,-0.014919748,0.033618137,-6.9656205,0.0,0.0,0.0
1451130456,2.2801666,2.2415626,-1.3483053,-0.022870092,0.0,-0.36831114,0.0084247785,-0.0059176087,0.03696183,0.038163856,-6.9001536,0.0,0.0,0.0
1451232107,2.2342975,2.240476,-1.3483053,-0.022870092,0.0,-0.35358477,0.008087927,-0.005354166,0.038469844,0.0137740625,-6.83871,0.0,0.0,0.0
1451335922,2.1893826,2.2396607,-1.3483053,-0.022870092,0.0,-0.35367635,0.00809002,-0.004850805,0.02923396,0.0073225503,-6.771183,0.0,0.0,0.0
1451435633,2.1494339,2.2390401,-1.3483053,-0.022870092,0.0,-0.35367236,0.00808993,-0.0044441223,0.015762169,0.0230447,-6.816614,0.0,0.0,0.0
1451539601,2.111056,2.2389538,-1.3483053,-0.022870092,0.0,-0.36583698,0.008368185,-0.003879726,-0.018260809,0.030068658,-6.883692,0.0,0.0,0.0
1451640757,2.0760098,2.239385,-1.3483053,-0.022870092,0.0,-0.36645615,0.008382347,-0.0034307837,-0.060805693,0.05112317,-6.9481134,0.0,0.0,0.0
1451740298,2.0415668,2.2414613,-1.3483053,-0.022870092,0.0,-0.3664603,0.008382442,-0.0030409694,-0.056980778,0.057454437,-6.9158344,0.0,0.0,0.0
1451840890,2.0079594,2.2451096,-1.3483053,-0.022870092,0.0,-0.3807661,0.008709675,-0.0028169751,-0.05878202,0.0393835,-6.878215,0.0,0.0,0.0
1451944438,1.9730715,2.2494066,-1.3483053,-0.022870092,0.0,-0.3928285,0.008985589,-0.002752483,-0.097549506,0.007224494,-6.8853126,0.0,0.0,0.0
1452044868,1.9384323,2.2532861,-1.3483053,-0.022870092,0.0,-0.39639145,0.00906709,-0.0029857159,-0.09248412,0.007967751,-6.8816786,0.0,0.0,0.0
1452146010,1.9026742,2.2572048,-1.3483053,-0.022870092,0.0,-0.39748904,0.009092196,-0.0031582713,-0.086338185,0.019720795,-6.9535446,0.0,0.0,0.0
1452249129,1.8650367,2.262382,-1.3483053,-0.022870092,0.0,-0.3994802,0.009137741,-0.0031301975,-0.078309506,0.004309988,-6.93276,0.0,0.0,0.0
1452350083,1.8287604,2.2685792,-1.3483053,-0.022870092,0.0,-0.39934427,0.009134632,-0.0028803349,-0.078560255,0.029963057,-6.8765507,0.0,0.0,0.0
1452450713,1.7940001,2.2760491,-1.3483053,-0.022870092,0.0,-0.40124786,0.009178176,-0.0029966831,-0.0923243,0.016061308,-6.9021893,0.0,0.0,0.0
1452553989,1.757821,2.2842782,-1.3483053,-0.022870092,0.0,-0.4015449,0.0091849705,-0.0032232404,-0.084076844,-0.014704516,-6.825098,0.0,0.0,0.0
1452653948,1.7227733,2.2928345,-1.3483053,-0.022870092,0.0,-0.4118831,0.009421445,-0.0037543178,-0.09906091,-0.03416952,-6.845818,0.0,0.0,0.0
1452754816,1.6880518,2.3017812,-1.3483053,-0.022870092,0.0,-0.41840708,0.009570677,-0.0041462183,-0.10139968,-0.0013467522,-6.9519715,0.0,0.0,0.0
1452858963,1.6518564,2.3102171,-1.3483053,-0.022870092,0.0,-0.42123848,0.009635443,-0.0047068596,-0.088755816,0.016588604,-6.9192834,0.0,0.0,0.0
1452958797,1.6184071,2.317835,-1.3483053,-0.022870092,0.0,-0.4250322,0.00972222,-0.005100012,-0.099561416,0.010528036,-6.893943,0.0,0.0,0.0
1453059185,1.586588,2.3248627,-1.3483053,-0.022870092,0.0,-0.42490757,0.00971937,-0.0057458878,-0.09450494,0.0007080958,-6.8795557,0.0,0.0,0.0
1453163922,1.5529168,2.3305378,-1.3483053,-0.022870092,0.0,-0.4249177,0.009719602,-0.0066056848,-0.09465534,0.004328688,-6.8659105,0.0,0.0,0.0
1453268144,1.5177794,2.3345602,-1.3483053,-0.022870092,0.0,-0.4268233,0.0097631905,-0.007630646,-0.111210205,-0.0051585794,-6.833794,0.0,0.0,0.0
1453367292,1.4815027,2.3371277,-1.3483053,-0.022870092,0.0,-0.4267326,0.009761116,-0.00832957,-0.11196924,-0.017977247,-6.852295,0.0,0.0,0.0
1453467693,1.4431896,2.3392637,-1.3483053,-0.022870092,0.0,-0.42674455,0.009761388,-0.009103298,-0.09771396,-0.01004194,-6.9524603,0.0,0.0,0.0
1453571811,1.401313,2.3420572,-1.3483053,-0.022870092,0.0,-0.4267447,0.009761392,-0.009688497,-0.081177846,-0.0117688915,-6.953023,0.0,0.0,0.0
1453672845,1.3585397,2.3454578,-1.3483053,-0.022870092,0.0,-0.4248824,0.009718794,-0.010415614,-0.050913457,-0.00824551,-6.903616,0.0,0.0,0.0
1453772419,1.3155688,2.348949,-1.3483053,-0.022870092,0.0,-0.42491618,0.009719566,-0.010908961,-0.05762414,-0.032179553,-6.84522,0.0,0.0,0.0
1453876140,1.2693577,2.352032,-1.3483053,-0.022870092,0.0,-0.42301244,0.009676021,-0.011311352,-0.046242543,-0.027269391,-6.842579,0.0,0.0,0.0
1453976849,1.222443,2.3545961,-1.3483053,-0.022870092,0.0,-0.42047575,0.009617996,-0.011489749,-0.020288559,-0.051186554,-6.7910385,0.0,0.0,0.0
1454077219,1.1727916,2.3567574,-1.3483053,-0.022870092,0.0,-0.40575042,0.009281168,-0.011510611,0.016348429,-0.04351603,-6.8659577,0.0,0.0,0.0
1454181549,1.12111,2.3578885,-1.3483053,-0.022870092,0.0,-0.29326606,0.0067081917,-0.011395156,0.18567896,-0.04034191,-6.913794,0.0,0.0,0.0
1454281212,1.0729678,2.3585713,-1.3483053,-0.022870092,0.0,-0.017243331,0.00039442533,-0.011037648,0.54141146,-0.019211994,-6.977627,0.0,0.0,0.0
1454381288,1.053323,2.3603625,-1.3483053,-0.022870092,0.0,0.03657639,0.0018260479,-0.010206997,0.54549277,-0.018504096,-6.8851695,0.0,0.0,0.0
1454486251,1.053323,2.3603625,-1.3483053,-0.022870092,0.0,0.09455788,6.401539e-05,-0.009558499,0.5203668,-0.022026896,-6.8799176,0.0,0.0,0.0
1454586538,0.97814953,2.348326,-1.3483053,-0.022870092,0.0,0.013496339,-0.0020109415,-0.0086836815,0.28555408,0.01863713,-6.730591,0.0,0.0,0.0
1454686112,0.97814953,2.348326,-1.3483053,-0.022870092,0.0,0.05391857,-0.007611394,-0.00812906,0.26406848,-0.06105342,-6.93638,0.0,0.0,0.0
1454790038,0.97814953,2.348326,-1.3483053,-0.022870092,0.0,0.08122775,-0.0031360388,-0.0069295764,0.23543862,0.005992272,-6.980088,0.0,0.0,0.0
1454891047,0.97814953,2.348326,-1.3483053,-0.032485485,0.0,0.096797705,0.004615903,-0.0060710907,0.22120084,0.064887546,-6.9407177,0.0,0.0,0.0
1454990823,0.97814953,2.348326,-1.3483053,-0.12507288,0.0,0.10444844,0.0155164,-0.0052636266,0.20363507,0.08682513,-6.8740144,0.0,0.0,0.0
1455094853,0.97814953,2.348326,-1.3483053,-0.2993103,0.0,0.10738474,0.028949618,-0.004212737,0.19737425,0.09963406,-6.750137,0.0,0.0,0.0
1455195118,0.97814953,2.348326,-1.3483053,-0.37535575,0.0,0.10441151,0.038722873,-0.0033432245,0.13455173,0.065382,-6.836461,0.0,0.0,0.0
1455295281,0.97814953,2.348326,-1.3483053,-0.37421682,0.0,0.09720209,0.040741324,-0.002788663,0.0905585,0.03757232,-6.9546742,0.0,0.0,0.0
1455399294,0.97814953,2.348326,-1.3483053,-0.32480028,0.0,0.08653334,0.03412807,-0.0023624897,0.04984811,0.0056334236,-6.9445443,0.0,0.0,0.0
1455501466,0.97814953,2.348326,-1.3483053,-0.18956548,0.0,0.078760654,0.022349596,-0.0018547177,0.03189838,-0.05324595,-6.7888827,0.0,0.0,0.0
1455704472,0.97814953,2.348326,-1.3483053,0.002351677,0.0,0.068244606,-0.012597442,0.00026082993,0.04104445,-0.09940065,-6.762091,0.0,0.0,0.0
1455904581,0.9239458,2.3543565,-1.3483053,0.0018821728,0.0,-0.01727423,-0.026874304,0.0025639534,-0.053783644,-0.10734155,-6.664216,0.0,0.0,0.0
1456008414,0.9239458,2.3543565,-1.3483053,0.0018821545,0.0,-0.01804912,-0.048005104,0.003931999,-0.051437642,-0.116400465,-6.686929,0.0,0.0,0.0
1456209162,0.9239458,2.3543565,-1.3483053,0.0018821602,0.0,-0.01853764,-0.07898533,0.006581843,-0.018800247,-0.11802306,-6.6098022,0.0,0.0,0.0
1456313249,0.93829894,2.4119034,-1.3483053,0.0018821602,0.0,9.695632e-05,-0.05151326,0.007954419,-0.00026363536,-0.0606262,-6.6140757,0.0,0.0,0.0
1456513655,0.95101374,2.4092586,-1.3483053,0.0018821602,0.0,0.00027083285,-0.14389452,0.009421051,-0.041030794,-0.1584785,-6.6509943,0.0,0.0,0.0
1456718000,0.975038,2.3994977,-1.3483053,0.0018821602,0.0,0.0002965839,-0.15757614,0.010713875,-0.05679892,-0.13724439,-6.5965295,0.0,0.0,0.0
1456817750,0.98674065,2.393036,-1.3483053,0.0018821602,0.0,0.00039411092,-0.20939262,0.011265039,-0.053469665,-0.18555987,-6.6355944,0.0,0.0,0.0
1456919188,0.99638623,2.3846507,-1.3483053,0.0018821602,0.0,0.0004579245,-0.243297,0.011608362,-0.04080363,-0.20747042,-6.62893,0.0,0.0,0.0
1457023149,1.003245,2.3731496,-1.3483053,0.0018821602,0.0,0.00046114586,-0.24500854,0.011902273,-0.028845668,-0.18211417,-6.6655526,0.0,0.0,0.0
1457122855,1.0070016,2.359468,-1.3483053,0.0018821602,0.0,0.00050152343,-0.26646128,0.011980355,-0.023659842,-0.18192811,-6.7031474,0.0,0.0,0.0
1457223699,1.0084814,2.3439367,-1.3483053,0.0018821602,0.0,0.00053450407,-0.28398404,0.011994064,-0.016928675,-0.18631515,-6.6619744,0.0,0.0,0.0
1457328301,1.0084606,2.325809,-1.3483053,0.0018821602,0.0,0.0005462878,-0.2902448,0.012244165,0.00248002,-0.17204942,-6.647272,0.0,0.0,0.0
1457531626,1.0072851,2.2816126,-1.3483053,0.0018821602,0.0,0.00061659544,-0.3275995,0.012818754,0.0021864648,-0.17943087,-6.6592975,0.0,0.0,0.0
1457737471,1.0096837,2.2298307,-1.3483053,0.0018821602,0.0,0.0006622873,-0.35187572,0.012963355,-0.031253796,-0.1467331,-6.693391,0.0,0.0,0.0
1457940443,1.0198032,2.177055,-1.3483053,0.0018821602,0.0,0.00068239763,-0.36256045,0.013082445,-0.041844703,-0.14794041,-6.6720486,0.0,0.0,0.0
1458141190,1.0316114,2.1254277,-1.3483053,0.0018821602,0.0,0.0007103498,-0.37741157,0.013363898,-0.03440366,-0.14116545,-6.692666,0.0,0.0,0.0
1458245223,1.0361091,2.098572,-1.3483053,0.0018821602,0.0,0.00073564966,-0.39085343,0.013584435,-0.028836347,-0.16363452,-6.622656,0.0,0.0,0.0
1458345430,1.0392997,2.072589,-1.3483053,0.0018821602,0.0,0.0007584682,-0.402977,0.014059603,-0.02427037,-0.16244186,-6.610734,0.0,0.0,0.0
1458550515,1.0418819,2.018832,-1.3483053,0.0018821602,0.0,-0.011137971,-0.42742184,0.014695287,-0.036456387,-0.16496336,-6.654116,0.0,0.0,0.0
1458654391,1.0410918,1.9906557,-1.3483053,0.0018821602,0.0,-0.024870075,-0.42827275,0.014738619,-0.02489734,-0.16597632,-6.6120625,0.0,0.0,0.0
1458754258,1.0380759,1.9624333,-1.3483053,0.0018821602,0.0,-0.03662385,-0.42819625,0.014655411,-0.04070966,-0.16027707,-6.674723,0.0,0.0,0.0
1458959392,1.0270146,1.9023271,-1.3483053,0.0018821602,0.0,-0.06408882,-0.40156737,0.01571107,-0.03018746,-0.09763229,-6.6209483,0.0,0.0,0.0
1459058842,1.0212755,1.8720402,-1.3483053,0.0018821602,0.0,-0.07524518,-0.4006939,0.01623863,-0.04235783,-0.10031624,-6.6531687,0.0,0.0,0.0
1459159587,1.0154246,1.8413932,-1.3483053,0.0018821602,0.0,-0.0752581,-0.39926898,0.016452432,-0.023334462,-0.094408944,-6.6489553,0.0,0.0,0.0
1459363689,0.998188,1.7743257,-1.3483053,0.0018821602,0.0,-0.081205174,-0.38623902,0.016183138,-0.022687117,-0.08636725,-6.6452274,0.0,0.0,0.0
1459464104,0.9860492,1.7406651,-1.3483053,0.0018821602,0.0,-0.094908044,-0.38616434,0.01591456,-0.030549599,-0.076447725,-6.675284,0.0,0.0,0.0
1459568577,0.97133785,1.7177925,-1.3483053,0.0018821602,0.0,-0.11098151,-0.3865788,0.01551187,-0.24974988,-0.08568594,-6.674114,0.0,0.0,0.0
1459668410,0.97105026,1.6789967,-1.3483053,0.0018821602,0.0,-0.12495153,-0.38814738,0.0149104595,-0.08309608,-0.08405573,-6.771305,0.0,0.0,0.0
1459768761,0.9622928,1.6419855,-1.3483053,0.0018821602,0.0,-0.14286976,-0.38808995,0.013628125,-0.09793276,-0.06756759,-6.7200904,0.0,0.0,0.0
1459872894,0.9523911,1.6003088,-1.3483053,0.0018821602,0.0,-0.14478117,-0.38776073,0.012655973,-0.075280204,-0.057635747,-6.6742735,0.0,0.0,0.0
1459972447,0.9425386,1.559167,-1.3483053,0.0018821602,0.0,-0.14471297,-0.38621452,0.011868417,-0.062398795,-0.06483716,-6.6796107,0.0,0.0,0.0
1460073788,0.93218935,1.5173836,-1.3483053,0.0018821602,0.0,-0.14663178,-0.3862664,0.01069057,-0.060006343,-0.069641024,-6.696181,0.0,0.0,0.0
1460177591,0.92093205,1.4733894,-1.3483053,0.0018821602,0.0,-0.14468871,-0.38626394,0.009630501,-0.03834787,-0.05810026,-6.679348,0.0,0.0,0.0
1460277220,0.90925944,1.4310783,-1.3483053,0.0018821602,0.0,-0.1447241,-0.38626397,0.0089069605,-0.02630528,-0.05611812,-6.6815743,0.0,0.0,0.0
1460377575,0.9054589,1.3880444,-1.3483053,0.0018821602,0.0,-0.1428632,-0.3862605,0.008456886,-0.18381312,-0.15907942,-6.629515,0.0,0.0,0.0
1460483205,0.89503497,1.3513236,-1.3483053,0.0018821602,0.0,-0.14254537,-0.3725245,0.0081909895,-0.028846942,-0.071098045,-6.717564,0.0,0.0,0.0
1460586402,0.8913546,1.3056885,-1.3483053,0.0018821602,0.0,-0.13441835,-0.34906864,0.0073835254,-0.022902146,-0.031497747,-6.6737523,0.0,0.0,0.0
1460686020,0.88832676,1.2608362,-1.3483053,0.0018821602,0.0,-0.12830754,-0.33802465,0.007000208,-0.013224308,-0.011542065,-6.658068,0.0,0.0,0.0
1460790043,0.8861126,1.2138808,-1.3483053,0.0018821602,0.0,-0.1253817,-0.32225063,0.006664872,-0.018147765,-0.008210016,-6.67321,0.0,0.0,0.0
1460891888,0.88266826,1.1700916,-1.3483053,0.0018821602,0.0,-0.113932975,-0.30119333,0.0064659715,-0.008039264,-0.0045886384,-6.5997677,0.0,0.0,0.0
1460996055,0.8753204,1.1268377,-1.3483053,0.0018821602,0.0,-0.11185534,-0.30192196,0.0063402057,0.021932714,-0.031146847,-6.639715,0.0,0.0,0.0
1461094793,0.86584395,1.0865752,-1.3483053,0.0018821602,0.0,-0.111969076,-0.3156872,0.00619781,0.004330836,-0.059296533,-6.644237,0.0,0.0,0.0
1461198855,0.8547669,1.0475364,-1.3483053,0.0018821602,0.0,-0.114548154,-0.33542317,0.0060191154,0.01211212,-0.11098625,-6.6674285,0.0,0.0,0.0
1461299756,0.84167045,1.0108856,-1.3483053,0.0018821602,0.0,-0.11744026,-0.35214373,0.0058850646,0.0061321314,-0.15467401,-6.6625857,0.0,0.0,0.0
1461400356,0.8276989,0.9756423,-1.3483053,0.0018821602,0.0,-0.117356546,-0.35138655,0.005609274,0.005760664,-0.1660268,-6.711031,0.0,0.0,0.0
1461603745,0.79579407,0.9072758,-1.3483053,0.0018821602,0.0,-0.11737975,-0.35268068,0.0051214695,0.036461387,-0.1738998,-6.733997,0.0,0.0,0.0
1461704744,0.78031236,0.8737383,-1.3483053,0.0018821602,0.0,-0.11744137,-0.35135794,0.0048173666,0.027659042,-0.18009233,-6.695539,0.0,0.0,0.0
1461808870,0.76486546,0.8396769,-1.3483053,0.0018821602,0.0,-0.118280746,-0.3510276,0.004572153,0.017321894,-0.17002188,-6.694988,0.0,0.0,0.0
1462009100,0.73903483,0.7751499,-1.3483053,0.0018821602,0.0,-0.11730272,-0.3439328,0.0039750338,0.01544969,-0.15634605,-6.7086077,0.0,0.0,0.0
1462113224,0.72539854,0.7416282,-1.3483053,0.0018821602,0.0,-0.11740625,-0.3395214,0.003815174,0.015093219,-0.15211535,-6.6675844,0.0,0.0,0.0
1462213496,0.7123477,0.709607,-1.3483053,0.0018821602,0.0,-0.117471784,-0.30387038,0.0037232041,0.0103096925,-0.09364992,-6.6696625,0.0,0.0,0.0
1462313387,0.7006216,0.6776683,-1.3483053,0.0018821602,0.0,-0.113185264,-0.29251426,0.0039951205,0.013459425,-0.06893473,-6.692704,0.0,0.0,0.0
1462417239,0.68969333,0.6441482,-1.3483053,0.0018821602,0.0,-0.111981,-0.29148725,0.004827857,0.0002759714,-0.07453639,-6.678537,0.0,0.0,0.0
1462518318,0.68149424,0.61099124,-1.3483053,0.0018821602,0.0,-0.10786348,-0.2797489,0.005762279,0.000104530096,-0.058386005,-6.636976,0.0,0.0,0.0
1462618028,0.67379504,0.5786992,-1.3483053,0.0018821602,0.0,-0.08759193,-0.25118667,0.0062943697,0.019131336,-0.030194145,-6.639814,0.0,0.0,0.0
1462722013,0.66606563,0.5462315,-1.3483053,0.0018821602,0.0,-0.08708461,-0.24178094,0.0066554546,0.005089355,-0.021321313,-6.6795936,0.0,0.0,0.0
1462822841,0.6610208,0.52517474,-1.3483053,0.0018821602,0.0,-0.08531128,-0.21713358,0.006622553,-0.027596042,-0.006150741,-6.6780143,0.0,0.0,0.0
1463023487,0.6407058,0.47035614,-1.3483053,0.0018821602,0.0,-0.064463675,-0.18459722,0.006369531,0.012468416,-0.01010469,-6.6868954,0.0,0.0,0.0
1463127139,0.6287737,0.44473323,-1.3483053,0.0018821602,0.0,-0.047493763,-0.17120183,0.0058342814,0.042748503,-0.010251551,-6.720613,0.0,0.0,0.0
1463228532,0.6173071,0.42077753,-1.3483053,0.0018821602,0.0,-0.036482494,-0.16946645,0.0056930184,0.049665775,-0.019148974,-6.682836,0.0,0.0,0.0
1463327666,0.60640067,0.39965114,-1.3483053,0.0018821602,0.0,-0.021771172,-0.16617595,0.0055377483,0.07180342,-0.029897192,-6.676259,0.0,0.0,0.0
1463431619,0.59517956,0.379948,-1.3483053,0.0018821602,0.0,0.0002900179,-0.1540876,0.0052536726,0.08556634,-0.025124688,-6.676666,0.0,0.0,0.0
1463532148,0.586716,0.3627093,-1.3483053,0.0018821602,0.0,0.00028670862,-0.15232937,0.004992008,0.071778424,-0.025137065,-6.706991,0.0,0.0,0.0
1463632617,0.581481,0.3470849,-1.3483053,0.0018821602,0.0,0.00033798275,-0.17957152,0.0048953295,0.06362471,-0.0949767,-6.6545258,0.0,0.0,0.0
1463736446,0.57937694,0.33284804,-1.3483053,0.0018821602,0.0,0.0004103095,-0.217999,0.005255282,0.03141849,-0.14970306,-6.700567,0.0,0.0,0.0
1463837158,0.579521,0.31933382,-1.3483053,0.0018821602,0.0,0.00050749973,-0.26963654,0.0054772496,0.013508216,-0.20562941,-6.701096,0.0,0.0,0.0
1464041496,0.5777245,0.27621144,-1.3483053,0.0018821602,0.0,0.0005555808,-0.29518217,0.005267501,0.016367799,-0.19480734,-6.6978073,0.0,0.0,0.0
1464141306,0.5785427,0.25842866,-1.3483053,0.0018821602,0.0,0.00038512496,-0.20461835,0.0052339435,-0.006517543,-0.07094539,-6.6509476,0.0,0.0,0.0
1464241964,0.5816601,0.24362686,-1.3483053,0.0018821602,0.0,0.0003759194,-0.1997274,0.0051110983,-0.023786522,-0.07309936,-6.6875157,0.0,0.0,0.0
1464345523,0.5851894,0.23087282,-1.3483053,0.0018821602,0.0,0.0004457934,-0.23685174,0.004807472,-0.025644531,-0.1470078,-6.7040772,0.0,0.0,0.0
1464446040,0.587226,0.21901868,-1.3483053,0.0018821602,0.0,0.00036345693,-0.19310603,0.004927337,-0.0035023014,-0.07623866,-6.638227,0.0,0.0,0.0
1464546351,0.58693904,0.20716238,-1.3483053,0.0018821602,0.0,0.00014306328,-0.07601006,0.0050596595,0.01842953,0.077869184,-6.661487,0.0,0.0,0.0
1464650569,0.5864584,0.19714385,-1.3483053,0.0018821602,0.0,0.0005967915,0.0058695227,0.0048720837,0.018807258,0.16595045,-6.7161155,0.0,0.0,0.0
1464749987,0.5864584,0.19714385,-1.3483053,0.0018821602,0.0,0.003014803,0.02596765,0.0045233965,0.042934842,0.16020997,-6.668811,0.0,0.0,0.0
1464851102,0.5864584,0.19714385,-1.3483053,0.0018821602,0.0,0.008082032,0.044462577,0.0042763352,0.049519047,0.14005041,-6.6871357,0.0,0.0,0.0
1464955117,0.5864584,0.19714385,-1.3566235,0.0018821602,0.0,0.017585993,0.060244605,0.00024892803,0.06610996,0.11623403,-6.6783504,0.0,0.0,0.0
1465055002,0.5864584,0.19714385,-1.3568438,0.0018821602,0.0,0.030082405,0.07231732,0.011627058,0.10972713,0.103728324,-6.5669756,0.0,0.0,0.0
1465155790,0.5864584,0.19714385,-1.3560709,0.0018821602,0.0,0.0473603,0.08234603,0.036548357,0.13473171,0.092965394,-6.5672717,0.0,0.0,0.0
1465259915,0.5864584,0.19714385,-1.3531544,0.0018821602,0.0,0.06361547,0.088428184,0.07831127,0.14448313,0.085931,-6.422372,0.0,0.0,0.0
1465359634,0.5864584,0.19714385,-1.3471512,0.0018821602,0.0,0.07394475,0.0899304,0.11967257,0.14762509,0.06174402,-6.4063168,0.0,0.0,0.0
1465459938,0.5864584,0.19714385,-1.3365061,0.0018821602,0.0,0.07739782,0.08798198,0.13919252,0.116981335,0.03760031,-6.6085033,0.0,0.0,0.0
1465563928,0.5864584,0.19714385,-1.3228161,0.0018821602,0.0,0.075746655,0.083891764,0.14034498,0.101892196,0.013149089,-6.644335,0.0,0.0,0.0
1465664101,0.5864584,0.19714385,-1.3101721,0.0018821602,0.0,0.070213705,0.08050704,0.14314806,0.08103294,-0.0027510067,-6.600723,0.0,0.0,0.0
1465764525,0.57015765,0.12429204,-1.2974104,0.0018821602,0.0,0.012975901,-0.02202971,0.14411998,0.0088472245,-0.16633336,-6.63708,0.0,0.0,0.0
1465868865,0.5687147,0.14582439,-1.2859443,0.0018821602,0.0,-0.019945242,-0.038385488,0.14639224,-0.039831113,-0.15293606,-6.6036453,0.0,0.0,0.0
1465972922,0.58001006,0.15010501,-1.2754062,0.0018821602,0.0,-0.036905915,-0.08070714,0.14730872,-0.06685386,-0.2006839,-6.600843,0.0,0.0,0.0
1466073199,0.58875966,0.15287048,-1.264901,0.0018821602,0.0,-0.039438706,-0.05236313,0.14772126,-0.040505935,-0.11495138,-6.590304,0.0,0.0,0.0
1466173540,0.5955827,0.15313107,-1.2539009,0.0018821602,0.0,-0.059747104,-0.02635513,0.14773043,-0.056065835,-0.061096955,-6.602363,0.0,0.0,0.0
1466377235,0.5997046,0.14837398,-1.228517,0.0018821602,0.0,-0.10719625,-0.040867817,0.14773043,-0.08656341,-0.07566051,-6.6278987,0.0,0.0,0.0
1466478053,0.59602696,0.14610043,-1.2143344,0.0018821602,0.0,-0.106984586,-0.050295644,0.14773043,-0.053905003,-0.093289055,-6.6751127,0.0,0.0,0.0
1466582008,0.5882456,0.14448296,-1.1994724,0.0018821602,0.0,-0.10830047,-0.058587186,0.14773043,-0.038250208,-0.112645514,-6.6442714,0.0,0.0,0.0
1466682698,0.5685841,0.15606932,-1.1851724,0.0018821602,0.0,-0.110031106,-0.0766655,0.14773043,-0.12039563,-0.1390819,-6.7311172,0.0,0.0,0.0
1466782804,0.5631151,0.15435663,-1.1680951,0.0018821602,0.0,-0.11060116,-0.06440606,0.14773043,-0.0819877,-0.11072659,-6.7073426,0.0,0.0,0.0
1466886889,0.5519231,0.15580313,-1.1509702,0.0018821602,0.0,-0.10678272,-0.042694546,0.14773043,-0.06439162,-0.07848516,-6.676408,0.0,0.0,0.0
1466987593,0.54478234,0.15503092,-1.1345594,0.0018821602,0.0,-0.10499142,-0.040023107,0.14773043,-0.05236802,-0.07474126,-6.6827908,0.0,0.0,0.0
1467086804,0.53820795,0.15157825,-1.1183717,0.0018821602,0.0,-0.09153251,-0.039925497,0.14773043,-0.010032994,-0.070257895,-6.651235,0.0,0.0,0.0
1467187966,0.5304291,0.14692838,-1.1018192,0.0018821602,0.0,-0.089848705,-0.04386255,0.14773043,-0.00039465888,-0.081198655,-6.6270566,0.0,0.0,0.0
1467291928,0.5197389,0.14240074,-1.085037,0.0018821602,0.0,-0.08748227,-0.041035023,0.14773043,0.025454685,-0.078807324,-6.652087,0.0,0.0,0.0
1467391645,0.5072351,0.13916399,-1.0689901,0.0018821602,0.0,-0.08457783,-0.037966598,0.14773043,0.042323284,-0.08206666,-6.6512156,0.0,0.0,0.0
1467495611,0.49266705,0.13662809,-1.0520738,0.0018821602,0.0,-0.08321698,-0.039354805,0.14773043,0.020888895,-0.08885712,-6.691683,0.0,0.0,0.0
1467597217,0.4768875,0.13514525,-1.0366193,0.0018821602,0.0,-0.086376354,-0.04372543,0.14773043,0.025256794,-0.10658474,-6.680875,0.0,0.0,0.0
1467696436,0.46032754,0.13522017,-1.0213883,0.0018821602,0.0,-0.0987033,-0.041028515,0.14773043,0.017519979,-0.107478425,-6.671531,0.0,0.0,0.0
1467800632,0.44132468,0.13596906,-1.0058029,0.0018821602,0.0,-0.11085164,-0.038015664,0.14773043,0.020433225,-0.11212374,-6.6516604,0.0,0.0,0.0
1467901373,0.42287147,0.13740249,-0.9911958,0.0018821602,0.0,-0.11067155,-0.036260717,0.14773043,0.02427673,-0.12462157,-6.6615367,0.0,0.0,0.0
1468001468,0.40619165,0.13904127,-0.9759889,0.0018821602,0.0,-0.110640906,-0.049671654,0.14773043,0.012791082,-0.14673513,-6.693956,0.0,0.0,0.0
1468101267,0.39217514,0.14026518,-0.9607611,0.0018821602,0.0,-0.110638194,-0.0510791,0.14773043,0.010719645,-0.12982786,-6.673918,0.0,0.0,0.0
1468305516,0.36899245,0.1418989,-0.9302095,0.0018821602,0.0,-0.11049196,-0.054622002,0.14773043,0.0027875078,-0.12271808,-6.662813,0.0,0.0,0.0
1468406234,0.3581896,0.14134708,-0.9154169,0.0018821602,0.0,-0.11062975,-0.05461692,0.14773043,0.008090992,-0.1254724,-6.652152,0.0,0.0,0.0
1468510259,0.3470365,0.13983215,-0.9002223,0.0018821602,0.0,-0.1106316,-0.054617096,0.14773043,-0.014438754,-0.11575694,-6.6514115,0.0,0.0,0.0
1468610373,0.33641517,0.13761657,-0.885911,0.0018821602,0.0,-0.11061833,-0.061628405,0.14773043,-0.0054320684,-0.12527539,-6.6692667,0.0,0.0,0.0
1468710506,0.32545286,0.13430312,-0.87167317,0.0018821602,0.0,-0.11061438,-0.063726634,0.14773043,0.0015035638,-0.12441614,-6.6199994,0.0,0.0,0.0
1468814856,0.31402797,0.13081719,-0.8571502,0.0018821602,0.0,-0.110614285,-0.06377674,0.14773043,0.0016381787,-0.12151816,-6.654037,0.0,0.0,0.0
1468915102,0.32428357,0.121751286,-0.8424582,0.0018821602,0.0,-0.10837261,-0.06452948,0.14773043,-0.11396331,-0.14172125,-6.634492,0.0,0.0,0.0
1469014529,0.31283122,0.11986981,-0.82781184,0.0018821602,0.0,-0.10692263,-0.06368338,0.14773043,-0.018600965,-0.13222371,-6.7070966,0.0,0.0,0.0
1469118834,0.31466332,0.111905396,-0.811157,0.0018821602,0.0,-0.10568683,-0.06377303,0.14773043,-0.026195232,-0.11623439,-6.653632,0.0,0.0,0.0
1469220322,0.31671774,0.103155404,-0.79523396,0.0018821602,0.0,-0.10121848,-0.061513323,0.14773043,-0.02530146,-0.10335145,-6.6900883,0.0,0.0,0.0
1469319799,0.31659073,0.094578505,-0.779602,0.0018821602,0.0,-0.0972625,-0.05783919,0.14773043,-0.014742345,-0.08418742,-6.6788263,0.0,0.0,0.0
1469423639,0.31478095,0.0863775,-0.763492,0.0018821602,0.0,-0.088795796,-0.04916602,0.14773043,-0.015053658,-0.06631327,-6.6760516,0.0,0.0,0.0
1469523736,0.31260574,0.078927994,-0.74817353,0.0018821602,0.0,-0.08870859,-0.049074218,0.14773043,-0.002769019,-0.05432103,-6.674785,0.0,0.0,0.0
1469624324,0.30961353,0.071673706,-0.73318285,0.0018821602,0.0,-0.08871777,-0.047212336,0.14773043,-0.02324468,-0.06302431,-6.6621757,0.0,0.0,0.0
1469829126,0.30751827,0.0585384,-0.70363975,0.0018821602,0.0,-0.08872905,-0.041279744,0.14773043,-0.022706196,-0.04557773,-6.6650023,0.0,0.0,0.0
1469928096,0.3074553,0.053638335,-0.6888871,0.0018821602,0.0,-0.092490084,-0.022481019,0.14773043,-0.0553221,-0.0153384525,-6.703286,0.0,0.0,0.0
1470033207,0.30929753,0.05092387,-0.6734895,0.0018821602,0.0,-0.108459085,-0.00020413763,0.14773043,-0.07628403,0.00029289114,-6.69205,0.0,0.0,0.0
1470133157,0.31199062,0.049995665,-0.6588858,0.0018821602,0.0,-0.11014441,-0.00020730967,0.14773043,-0.06932185,-0.015172608,-6.6842375,0.0,0.0,0.0
1470233522,0.31381097,0.049111053,-0.64429194,0.0018821602,0.0,-0.111990765,-0.0002107848,0.14773043,-0.08658936,-0.03245328,-6.7109323,0.0,0.0,0.0
1470337694,0.31505233,0.047473565,-0.62898654,0.0018821602,0.0,-0.11445324,-0.00021541958,0.14773043,-0.08254218,-0.037636053,-6.7082744,0.0,0.0,0.0
1470438014,0.31718388,0.04469029,-0.61461544,0.0018821602,0.0,-0.11848992,-0.00022301727,0.14773043,-0.08359081,-0.017240752,-6.6864696,0.0,0.0,0.0
1470537992,0.3169482,0.040470768,-0.6004541,0.0018821602,0.0,-0.12172125,-0.00022909917,0.14773043,-0.08247686,-0.02604528,-6.682879,0.0,0.0,0.0
1470641997,0.31506926,0.034523364,-0.5856565,0.0018821602,0.0,-0.09656803,-0.00018175672,0.14773043,-0.03299294,-0.01669422,-6.6884036,0.0,0.0,0.0
1470742807,0.3114652,0.028334664,-0.5711422,0.0018821602,0.0,-0.06325547,-0.00011905706,0.14773043,0.0008946941,0.0010600304,-6.688885,0.0,0.0,0.0
1470843195,0.3065037,0.023172867,-0.5563359,0.0018821602,0.0,0.0006070286,0.0015522055,0.14773043,0.10728817,0.0003787154,-6.703879,0.0,0.0,0.0
1470947108,0.29957655,0.01612662,-0.541167,0.0018821602,0.0,-1.1859287e-05,0.006300884,0.14773043,0.10457773,0.004135127,-6.6780534,0.0,0.0,0.0
1471046820,0.29849264,0.015396893,-0.52675676,0.0018821602,0.0,0.010176212,0.005521108,0.14773043,0.085649125,0.0022128264,-6.7076836,0.0,0.0,0.0
1471147936,0.29849264,0.015396893,-0.5122094,0.0018821602,0.0,0.02371873,0.010354854,0.14773043,0.11620395,0.001637666,-6.705062,0.0,0.0,0.0
1471252395,0.29849264,0.015396893,-0.4975303,0.0018821602,0.0,0.03834933,0.013611473,0.14773043,0.13314319,0.0036903745,-6.7067103,0.0,0.0,0.0
1471356277,0.29849264,0.015396893,-0.48330575,0.0018821602,0.0,0.05396591,0.015304654,0.14773043,0.14095093,-0.002245838,-6.683959,0.0,0.0,0.0
1471455278,0.25487158,0.0042022257,-0.46988326,0.0018821602,0.0,0.0027875518,5.2466257e-06,0.14773043,0.039491076,-0.02272897,-6.6373262,0.0,0.0,0.0
1471556376,0.24584596,0.0059784087,-0.45660263,0.0018821602,0.0,0.018165011,3.4189503e-05,0.14773043,0.046848916,-0.035771444,-6.606097,0.0,0.0,0.0
1471660923,0.23234154,0.0109510105,-0.44176108,0.0018821602,0.0,0.01572679,2.960037e-05,0.14773043,0.085376136,-0.058442656,-6.6641183,0.0,0.0,0.0
1471760085,0.22966866,0.011948931,-0.42688882,0.0018821602,0.0,0.018332921,-0.0063225883,0.14773043,0.07802562,-0.06524943,-6.656977,0.0,0.0,0.0
1471860680,0.20380518,0.022795632,-0.41109115,0.0018821602,0.0,1.4514498e-05,-0.0077116075,0.14773043,0.06413973,-0.069799885,-6.615525,0.0,0.0,0.0
1471965284,0.1912386,0.029801546,-0.39404202,0.0018821602,0.0,4.147421e-05,-0.022035405,0.14773043,0.07113945,-0.09705132,-6.6270585,0.0,0.0,0.0
1472065467,0.17852378,0.036358833,-0.3773006,0.0018821602,0.0,1.2771608e-06,-0.0006785603,0.14773043,0.062464457,-0.066404104,-6.595431,0.0,0.0,0.0
1472164899,0.1762479,0.037332468,-0.3611609,0.0018821602,0.0,0.014391884,-0.0063251406,0.14773043,0.109646894,-0.07036357,-6.600073,0.0,0.0,0.0
1472269274,0.1762479,0.037332468,-0.34460002,0.0018821602,0.0,0.032871477,-0.012881074,0.14773043,0.113127746,-0.08263326,-6.61929,0.0,0.0,0.0
1472370556,0.1762479,0.037332468,-0.3301113,0.0018821602,0.0,0.049972057,-0.017806314,0.14773043,0.1215287,-0.08430218,-6.5218287,0.0,0.0,0.0
1472469689,0.13318515,0.050981604,-0.31650636,0.0018821602,0.0,-0.0140491715,-2.6442822e-05,0.14773043,0.011875061,-0.046127766,-6.495446,0.0,0.0,0.0
1472574074,0.12402631,0.051584948,-0.3029526,0.0018821602,0.0,-0.04025225,-7.576127e-05,0.14773043,-0.020529268,-0.049936857,-6.5188923,0.0,0.0,0.0
1472675115,0.116167724,0.052657243,-0.29019904,0.0018821602,0.0,-0.041155282,-7.746092e-05,0.14773043,-0.020724133,-0.06248757,-6.4989324,0.0,0.0,0.0
1472774846,0.10979519,0.055469103,-0.27849108,0.0018821602,0.0,-0.008204373,-1.5441961e-05,0.14773043,0.050909057,-0.07712602,-6.4074225,0.0,0.0,0.0
1472878828,0.10923348,0.055862475,-0.26675493,0.0018821602,0.0,0.0069604777,-0.0073283315,0.14773043,0.06626501,-0.098104276,-6.4029484,0.0,0.0,0.0
1472978750,0.10923348,0.055862475,-0.25638717,0.0018821602,0.0,0.011325292,-0.016531086,0.14773043,0.06835646,-0.110596545,-6.3607936,0.0,0.0,0.0
1473079320,0.10923348,0.055862475,-0.24473827,0.0018821602,0.0,0.013386257,-0.026392138,0.14773043,0.0415793,-0.13443737,-6.370978,0.0,0.0,0.0
1473183639,0.10923348,0.055862475,-0.23436531,0.0018821602,0.0,0.013732329,-0.035752736,0.14773043,0.030064136,-0.12720954,-6.273247,0.0,0.0,0.0
1473284920,0.10923348,0.055862475,-0.22476476,0.0018821602,0.0,0.013738509,-0.041170694,0.14773043,0.02792244,-0.12247378,-6.3186755,0.0,0.0,0.0
1473383509,0.10923348,0.055862475,-0.21496694,0.0018821602,0.0,0.012041833,-0.042474024,0.14773043,0.019743182,-0.10175177,-6.372963,0.0,0.0,0.0
1473485378,0.10923348,0.055862475,-0.20506586,0.0018821602,0.0,0.009334981,-0.038057536,0.14773043,0.017923176,-0.085407116,-6.339702,0.0,0.0,0.0
1473588874,0.10923348,0.055862475,-0.19549899,0.0018821602,0.0,0.0051866546,-0.027682973,0.17644794,0.0016954686,-0.039980397,-6.1628084,0.0,0.0,0.0
1473688046,0.10923348,0.055862475,-0.18460909,0.0018821602,0.0,-0.000880938,-0.012949141,0.17106356,-0.016841745,-0.009205247,-6.3261895,0.0,0.0,0.0
1473792434,0.11601565,0.052058857,-0.17371906,0.0018821602,0.0,-3.0587726e-05,0.016251374,0.1623891,-0.04110487,0.023384675,-6.2651377,0.0,0.0,0.0
1473893560,0.12511733,0.039504066,-0.16425118,0.0018821602,0.0,-0.000115139104,0.061173838,0.15557434,-0.04614168,0.093694694,-6.2766414,0.0,0.0,0.0
1473993184,0.13525616,0.028651295,-0.15564519,0.0018821602,0.0,-0.00012157752,0.0645946,0.15555625,-0.053444017,0.0790938,-6.2198787,0.0,0.0,0.0
1474097248,0.14603032,0.019820942,-0.14846973,0.0018821602,0.0,-9.365139e-05,0.04975734,0.1549967,-0.05661649,0.03031088,-6.16413,0.0,0.0,0.0
1474197318,0.1559242,0.014683674,-0.14329141,0.0018821602,0.0,-0.012945005,-2.43646e-05,0.15392062,-0.060934592,-0.05808113,-6.126621,0.0,0.0,0.0
1474297707,0.164411,0.012135204,-0.13919489,0.0018821602,0.0,-0.06668058,-0.00012550369,0.15286808,-0.11558879,-0.060952507,-6.07331,0.0,0.0,0.0
1474398325,0.17076766,0.010163981,-0.13654551,0.0018821602,0.0,-0.027592348,0.03731669,0.1519113,-0.025721408,0.0022649996,-6.1661763,0.0,0.0,0.0
1474502166,0.17294039,0.007931534,-0.13371594,0.0018821602,0.0,-0.023752306,0.05757177,0.1498313,0.024227882,0.026600577,-6.122754,0.0,0.0,0.0
1474602015,0.17130473,0.005010584,-0.13238491,0.0018821602,0.0,-0.023091232,0.028260794,0.14950979,0.038429268,-0.039027367,-6.0090113,0.0,0.0,0.0
1474702825,0.16566949,0.0010987389,-0.13260157,0.0018821602,0.0,-0.036455605,0.0076674265,0.15086728,0.03200018,-0.0679234,-5.985864,0.0,0.0,0.0
1474806771,0.156759,-0.0034744472,-0.1331492,0.0018821602,0.0,-0.017084492,0.02170019,0.15133373,0.08105823,-0.036502775,-5.940405,0.0,0.0,0.0
1474907631,0.14648055,-0.008943576,-0.13448557,0.0018821602,0.0,-0.004187334,0.022777986,0.15230395,0.11233305,-0.01633667,-5.907833,0.0,0.0,0.0
1475007610,0.13641086,-0.013601855,-0.13552643,0.0018821602,0.0,-3.3001135e-05,0.017533628,0.15289277,0.092766464,-0.037838355,-5.853115,0.0,0.0,0.0
1475111680,0.1271429,-0.016565854,-0.13749608,0.0018821602,0.0,-5.311321e-06,0.0028219249,0.1546653,0.084332414,-0.055025116,-5.795517,0.0,0.0,0.0
1475211904,0.12118562,-0.017467294,-0.14019324,0.0018821602,0.0,-2.7382312e-06,0.0014548325,0.156242,0.085425444,-0.056110043,-5.6914196,0.0,0.0,0.0
1475311384,0.11897429,-0.016310807,-0.14700636,0.0018821602,0.0,-0.028088104,0.011736419,0.20591184,0.02954787,-0.049520064,-3.1061094,0.0,0.0,0.0
1475416442,0.11897429,-0.016310807,-0.1692928,0.0012807929,0.0,0.0013763644,-0.002939324,0.39791164,0.22648178,-0.0015279631,-1.6526486,0.0,0.0,0.0
1475516973,0.11897429,-0.016310807,-0.19005175,-0.061303485,0.0,0.0073348694,-0.0026648878,0.49941063,-0.023916218,-0.041461114,-0.980665,0.0,0.0,0.0
1475616471,0.11897429,-0.016310807,-0.2103102,-0.20112488,0.0,0.013328847,-0.001497353,0.5,0.110179484,-0.027221583,-0.980665,0.0,0.0,0.0
1475720086,0.11897429,-0.016310807,-0.2299712,-0.44611278,0.0,0.022021394,0.0003657248,0.5,0.113245144,-0.028676124,-0.980665,0.0,0.0,0.0
1475821240,0.11897429,-0.016310807,-0.24672754,-0.7817459,0.0,0.03036739,0.0010744985,0.5,0.0,0.0,-0.980665,0.0,0.0,0.0
1475921420,0.11897429,-0.016310807,-0.26053792,-0.90763307,0.0,0.037588388,-0.00072941,0.5,0.0,0.0,-0.980665,0.0,0.0,0.0
1476025534,0.11897429,-0.016310807,-0.27223864,-0.90763307,0.0,0.045117628,-0.0032823128,0.5,0.0,0.0,-0.980665,0.0,0.0,0.0
1476125213,0.11897429,-0.016310807,-0.2810999,-0.90763307,0.0,0.05286548,-0.006399601,0.5,0.0,0.0,-0.980665,0.0,0.0,0.0
1476226104,0.11897429,-0.016310807,-0.28685817,-0.90763307,0.0,0.059397664,-0.010048883,0.5,0.0,0.0,-0.980665,0.0,0.0,0.0
1476330374,0.11897429,-0.016310807,-0.2905165,-0.90763307,0.0,0.06306671,-0.014916167,0.5,0.0,0.0,-0.980665,0.0,0.0,0.0
1476429720,0.07555617,-0.002391782,-0.29244146,-0.04242614,0.0,-0.00030650944,0.00010260602,0.007524,0.0,0.0,-0.0,0.0,0.0,0.0
1476530688,0.07588438,0.0024304178,-0.2914162,-0.042115558,0.0,-0.00030901283,0.000117498916,0.009122,0.0,0.0,-0.0,0.0,0.0,0.0
1476635125,0.07760449,0.0064746914,-0.27401382,-0.042498123,0.0,-0.00022927299,0.00013579731,0.008598,0.0,0.0,-0.0,0.0,0.0,0.0
1476738747,0.08180976,0.007911252,-0.24506605,-0.042757384,0.0,-0.00013261288,9.0028625e-05,0.00852,0.0,0.0,-0.0,0.0,0.0,0.0
1476838797,0.08626418,0.008107254,-0.21163434,-0.042785276,0.0,-8.247793e-05,6.118789e-05,0.007264,0.0,0.0,-0.0,0.0,0.0,0.0
1476939561,0.091564514,0.0076465467,-0.17229857,-0.04301627,0.0,-4.1451305e-05,4.2702304e-05,0.007942,0.0,0.0,-0.0,0.0,0.0,0.0
1477043880,0.09684918,0.0069059515,-0.13224752,-0.043195207,0.0,-1.9043684e-05,2.240832e-05,0.00841,0.0,0.0,-0.0,0.0,0.0,0.0
1477143313,0.10152459,0.0060451706,-0.095947616,-0.043429893,0.0,-1.0102987e-05,1.7964514e-05,0.006932,0.0,0.0,-0.0,0.0,0.0,0.0
1477244353,0.10564833,0.004935558,-0.059643947,-0.04354796,0.0,-3.8333237e-06,1.1239434e-05,0.008772,0.0,0.0,-0.0,0.0,0.0,0.0
1477349314,0.1083371,0.0041568414,-0.026576493,-0.043578226,0.0,-1.206994e-06,9.234063e-06,0.010076,0.0,0.0,-0.0,0.0,0.0,0.0
1477452908,0.11030766,0.0035340483,0.0022631444,-0.04375828,0.0,-4.582107e-07,9.172247e-06,0.009272,0.0,0.0,-0.0,0.0,0.0,0.0
