timestamp,pixel_flow_x_integral,pixel_flow_y_integral,gyro_x_rate_integral,gyro_y_rate_integral,gyro_z_rate_integral,ground_distance_m,integration_timespan,time_since_last_sonar_update,max_flow_rate,min_ground_distance,max_ground_distance,frame_count_since_last_readout,gyro_temperature,sensor_id,quality
1399012985,-0.0016,-0.0018,0.00059999997,-1e-04,-0.00059999997,1.4150001,97480,96000,2.5,0.7,3.0,16,2500,0,229
1402220301,-0.00059999997,-0.00029999999,-0.0022,-0.0011999999,-0.0023,1.4530001,94180,99680,2.5,0.7,3.0,15,2500,0,240
1402323939,-0.00029999999,-0.0,-0.0047,-0.0,-0.0013,1.4560001,98250,6460,2.5,0.7,3.0,15,2500,0,248
1402427772,0.00029999999,0.0014,-0.0019999999,0.0009,0.0,1.4580001,96800,6210,2.5,0.7,3.0,15,2500,0,244
1402533132,0.0049,1e-04,0.0037,-0.0002,0.0009,1.4610001,98270,12470,2.5,0.7,3.0,15,2500,0,248
1402637109,0.0026,-0.0041,0.0034999999,0.0011,0.0021,1.457,99010,19190,2.5,0.7,3.0,15,2500,0,250
1402740817,0.0081,0.0009999999,0.0009,0.0011,0.0026999998,1.47,98060,27140,2.5,0.7,3.0,15,2500,0,247
1402843295,0.0047,0.0015,0.0028,0.0023,1e-04,1.463,103790,31690,2.5,0.7,3.0,16,2500,0,246
1402947833,0.0030999999,0.00059999997,0.0021,-0.0018999999,-0.0009999999,1.462,107080,37920,2.5,0.7,3.0,17,2500,0,238
1403053583,0.0022,-0.0015,-0.0026,-0.0016,-0.0032,1.463,100680,36010,2.5,0.7,3.0,16,2400,0,237
1403158271,-0.0004,0.0016,-0.0011,0.0009999999,-0.0018999999,1.462,98490,38910,2.5,0.7,3.0,15,2400,0,249
1403261456,-0.0011999999,0.0023,-0.0072,0.0014,-0.0023999999,1.465,100880,47860,2.5,0.7,3.0,16,2400,0,238
1403364182,-0.0033999998,-1e-04,-0.0011,0.0025,-0.0014,1.462,101150,51080,2.5,0.7,3.0,16,2400,0,239
1403470221,-0.0009999999,0.0002,-0.0022,0.0007,-0.0016,1.465,102100,50160,2.5,0.7,3.0,16,2400,0,241
1403572628,0.0019999999,-0.0009,0.0004,0.00029999999,-0.0018999999,1.4640001,100360,56830,2.5,0.7,3.0,16,2400,0,237
1403678276,0.00029999999,0.00049999997,1e-04,0.0002,-0.0009999999,1.4660001,100820,56840,2.5,0.7,3.0,16,2400,0,238
1403782685,-0.0009999999,-0.0014,0.00049999997,0.0004,-0.0023,1.4710001,101830,64540,2.5,0.7,3.0,16,2400,0,241
1403887829,0.0,1e-04,-1e-04,0.0008,-0.0021,1.4690001,101340,68840,2.5,0.7,3.0,16,2400,0,239
1403991562,-0.0014,0.0032,-0.00059999997,-0.0009999999,-0.0018,1.473,102810,76080,2.5,0.7,3.0,16,2400,0,243
1404095365,0.0023999999,-0.0047,-0.0026999998,-0.0037999998,-0.0018999999,1.468,98940,81100,2.5,0.7,3.0,16,2400,0,233
1404199813,0.00029999999,-0.0037,-0.00049999997,-0.0014,-0.0023,1.4660001,99880,79630,2.5,0.7,3.0,16,2400,0,235
1404304648,-0.0029,-0.0052,0.0009,-0.00059999997,-0.0011999999,1.4720001,101550,88800,2.5,0.7,3.0,16,2400,0,240
1404408278,-0.0014,-0.0033999998,-0.00029999999,-0.0018,-0.0026,1.473,101080,94540,2.5,0.7,3.0,16,2400,0,239
1404512335,-0.0018,-0.0028,0.0,-0.0009999999,-0.0011999999,1.473,102340,102320,2.5,0.7,3.0,16,2400,0,242
1404720323,-0.0033999998,0.0018999999,-0.0032,-0.0021,-0.0014,1.4760001,99880,98410,2.5,0.7,3.0,16,2400,0,235
1404929211,-0.0023999999,1e-04,-0.0042999997,0.0018,1e-04,1.4740001,101160,11740,2.5,0.7,3.0,16,2400,0,239
1405032917,-0.00029999999,-0.00029999999,-0.0013,-0.00029999999,-0.00059999997,1.4760001,98510,19930,2.5,0.7,3.0,15,2400,0,249
1405135836,0.0042999997,-0.0023,1e-04,-0.00059999997,0.0011,1.4770001,102070,18460,2.5,0.7,3.0,16,2400,0,241
1405242175,0.0030999999,-0.0002,0.0026999998,-0.0013,0.0018999999,1.475,96990,26390,2.5,0.7,3.0,15,2500,0,244
1405345721,0.0030999999,-0.0015,-0.0002,-0.00029999999,0.0009,1.475,99370,31910,2.5,0.7,3.0,16,2500,0,234
1405449794,0.0033,-0.0034999999,0.0,-0.0002,-0.00029999999,1.473,99620,37670,2.5,0.7,3.0,16,2500,0,235
1405658253,-0.0028,0.0030999999,-0.0023999999,0.0011999999,0.0011999999,1.4690001,103320,44650,2.5,0.7,3.0,16,2500,0,245
1405762385,-0.0026999998,0.0039999997,-0.0036,0.0019999999,0.0009999999,1.473,97290,42960,2.5,0.7,3.0,15,2500,0,245
1405866310,-0.0015,0.0050999997,-0.0034999999,0.0018,0.0014,1.47,97510,51880,2.5,0.7,3.0,15,2500,0,246
1405970369,0.00059999997,0.012999999,-0.0011999999,0.00059999997,0.0030999999,1.47,101590,56670,2.5,0.7,3.0,16,2500,0,240
1406075088,0.0045,0.014699999,0.0025,0.0041,0.0037999998,1.4710001,102640,56430,2.5,0.7,3.0,16,2500,0,243
1406179132,-0.0026999998,-0.00029999999,-0.0016999999,0.0047999998,0.0011,1.48,101850,64120,2.5,0.7,3.0,16,2500,0,241
1406282799,-0.0011,-0.0026999998,-0.0009999999,0.0029,-0.0009,1.47,97450,67200,2.5,0.7,3.0,16,2500,0,229
1406386957,0.0039,0.0033999998,0.00059999997,0.0016,-0.0004,1.4710001,101250,71990,2.5,0.7,3.0,17,2500,0,224
1406491083,0.0002,0.0007,0.0,-0.0007,-0.0014,1.465,101490,72250,2.5,0.7,3.0,17,2500,0,225
1406594577,0.0034999999,0.0011999999,0.0015,-0.0008,0.0008,1.465,99630,80890,2.5,0.7,3.0,16,2500,0,235
1406698231,-0.0023999999,0.0039,0.0002,-0.0021,-0.0002,1.4720001,97650,84940,2.5,0.7,3.0,16,2500,0,230
1406803994,0.0058999998,0.00059999997,0.0019999999,-0.0019999999,0.00049999997,1.465,101960,88780,2.5,0.7,3.0,17,2500,0,226
1406906321,0.0029,-0.0011,-0.0011999999,-0.0023,-0.0008,1.473,102710,97000,2.5,0.7,3.0,17,2500,0,228
1407011201,0.0019999999,0.0009,0.0015,0.0013,-1e-04,1.468,103200,95770,2.5,0.7,3.0,17,2500,0,229
1407115191,-0.0016,-1e-04,-0.0011,-0.0,-0.0011,1.462,99040,104420,2.5,0.7,3.0,16,2500,0,234
1407217185,0.0016,0.0019999999,1e-04,0.0016,-0.00049999997,1.4610001,98410,96850,2.5,0.7,3.0,16,2500,0,232
1407320696,-0.0029,0.0032,-0.0011,0.0013,0.0009999999,1.4790001,95000,101240,2.5,0.7,3.0,16,2500,0,227
1407424692,-0.0028,-0.0011,-0.0025,0.0014,0.0007,1.46,99150,6220,2.5,0.7,3.0,16,2400,0,234
1407528975,0.0008,-0.0011,-0.0011,0.0007,0.0007,0.0,100100,112110,2.5,0.7,3.0,16,2400,0,236
1407633281,-0.0009,-0.0018,-0.0008,-0.00059999997,-0.0013,0.0,101740,213860,2.5,0.7,3.0,17,2400,0,225
1407737469,-0.0023999999,-0.003,-0.0036,-1e-04,-0.00059999997,1.4610001,102450,23160,2.5,0.7,3.0,17,2400,0,227
1407841538,-0.0044,-0.0026,-0.0016,-0.0011999999,0.0,1.465,103100,27920,2.5,0.7,3.0,18,2400,0,215
1407946291,-0.0032,-0.0018999999,-0.0009,-0.00049999997,0.00049999997,1.4590001,104690,30400,2.5,0.7,3.0,17,2400,0,233
1408050327,-0.0092,-0.0116,-0.0093,-0.0053,0.0008,1.462,100240,31590,2.5,0.7,3.0,16,2400,0,236
1408154112,0.0,-0.0026999998,0.00029999999,-0.00029999999,0.0,0.0,96810,134680,2.5,0.7,3.0,15,2400,0,244
1408258291,0.0028,0.0018,0.0011999999,0.0004,-0.00029999999,1.465,98260,37600,2.5,0.7,3.0,15,2400,0,248
1408363090,0.0,-0.00029999999,0.00059999997,0.0002,-0.0007,1.475,98480,44580,2.5,0.7,3.0,15,2400,0,249
1408467160,0.0002,-0.0,-0.0002,-1e-04,-0.0022,1.4640001,97310,51360,2.5,0.7,3.0,15,2400,0,245
1408570797,0.0047,0.0004,0.0049,0.0016999999,0.0008,1.46,94840,48640,2.5,0.7,3.0,15,2500,0,242
1408675102,-0.008599999,-0.0058,-0.0087,0.00029999999,-0.0021,1.463,101380,63600,2.5,0.7,3.0,16,2500,0,239
1408778295,-0.010199999,0.0039999997,-0.0115,0.0018,-1e-04,1.46,104110,64610,2.5,0.7,3.0,16,2500,0,247
1408884492,-0.0011999999,-0.0077,-0.0045,-0.0016,0.0009999999,1.4580001,103300,72480,2.5,0.7,3.0,16,2500,0,244
1408988302,0.0055,0.0049,-0.0002,-0.0004,0.00059999997,1.4740001,106400,75120,2.5,0.7,3.0,17,2500,0,237
1409092338,0.0084,0.00029999999,0.0007,-0.00049999997,0.00059999997,1.463,103620,76830,2.5,0.7,3.0,16,2500,0,245
1409196989,0.011899999,0.0028,0.0079,0.0032,0.0009999999,0.0,101380,178230,2.5,0.7,3.0,16,2500,0,239
1409299837,0.0099,-0.0013,0.0064,0.0002,-1e-04,1.463,95600,81380,2.5,0.7,3.0,15,2500,0,240
1409403386,0.0122,0.0002,0.0025,-0.0016,-0.0021,1.4670001,102380,88620,2.5,0.7,3.0,16,2500,0,242
1409507377,0.01,0.003,0.00049999997,-0.0018999999,-0.005,1.4590001,98430,92620,2.5,0.7,3.0,16,2500,0,232
1409611155,0.0075,0.010199999,-0.00059999997,0.0042999997,-0.0053,1.462,101860,94120,2.5,0.7,3.0,16,2500,0,241
1409714564,0.0063,0.0056,-0.00029999999,-0.0007,-0.0053999997,1.4590001,99630,99620,2.5,0.7,3.0,16,2500,0,235
1409817876,0.0050999997,0.009099999,-0.0033999998,-0.0016999999,-0.0044,1.465,95310,101570,2.5,0.7,3.0,15,2500,0,240
1409920645,0.0095,-0.008599999,-0.0014,0.0015,-0.0032,1.4580001,95390,101880,2.5,0.7,3.0,15,2500,0,244
1410024633,0.0089,0.0075,-0.0042999997,0.0016,-0.003,0.0,100170,106150,2.5,0.7,3.0,16,2500,0,236
1410130252,0.010199999,0.0004,0.0023,-0.0018999999,-0.0021,1.4530001,104070,12710,2.5,0.7,3.0,16,2500,0,246
1410234879,0.007999999,0.0046,0.00029999999,-0.0026,-0.0015,0.0,97310,116290,2.5,0.7,3.0,15,2500,0,245
1410338176,0.0067999996,-0.0002,-0.0018,-0.0022,-0.003,1.4530001,98270,18800,2.5,0.7,3.0,15,2500,0,248
1410442914,0.0082,0.0155,-1e-04,0.0168,0.00029999999,1.4560001,98810,26130,2.5,0.7,3.0,15,2500,0,250
1410547031,0.0072999997,-0.0053,-0.0029,-0.0050999997,0.00029999999,1.4540001,105540,31880,2.5,0.7,3.0,16,2500,0,250
1410650124,0.0123,-0.0244,-0.00029999999,-0.020299999,1e-04,1.452,105430,41660,2.5,0.7,3.0,17,2500,0,234
1410752152,0.0122,-0.0002,0.0022,0.0034999999,0.0028,1.4640001,98110,39830,2.5,0.7,3.0,15,2400,0,247
1410855096,0.015999999,0.00029999999,0.0039999997,0.0033999998,0.0018,0.0,97330,143440,2.5,0.7,3.0,15,2400,0,245
1410957152,0.0156,-0.0,0.0015,-0.0026,0.0014,1.4560001,101670,45340,2.5,0.7,3.0,16,2400,0,240
1411059972,0.011399999,-0.0,-0.0014,-0.0011,0.0021,1.457,99050,45370,2.5,0.7,3.0,15,2400,0,250
1411163775,0.012,-0.0016999999,-0.0047,-0.0,-0.0022,1.4560001,100660,49890,2.5,0.7,3.0,16,2400,0,237
1411268684,0.0138,0.0049,0.0009999999,0.0084,0.00059999997,1.462,98930,55890,2.5,0.7,3.0,16,2400,0,233
1411371792,0.0075999997,-0.0022,-0.0053999997,-0.0026,-0.0028,1.4560001,106380,56130,2.5,0.7,3.0,17,2400,0,233
1411476787,0.0109,-0.009699999,-0.0022,-0.0061,-0.0036,1.4540001,102490,59940,2.5,0.7,3.0,17,2400,0,227
1411579376,0.0094,-0.0023,1e-04,-0.0025,-0.0033999998,0.0,102860,162800,2.5,0.7,3.0,16,2400,0,243
1411683184,0.013499999,-0.0064,-0.0025,0.00059999997,-0.0034999999,1.462,101890,70560,2.5,0.7,3.0,16,2400,0,241
1411785190,0.0117,-1e-04,-0.0002,0.0025,-0.0037,1.4610001,99650,76060,2.5,0.7,3.0,16,2400,0,235
1411888924,0.0078,-0.0,-0.0007,0.0011,-0.0026,1.4660001,99400,75810,2.5,0.7,3.0,16,2400,0,234
1411993490,0.0072999997,-0.0042999997,-0.0018,-0.0037999998,-0.0026,1.4670001,97690,73150,2.5,0.7,3.0,16,2400,0,230
1412097461,0.0033,-0.0004,-0.0029,0.0021,-0.0026999998,1.465,101630,81620,2.5,0.7,3.0,16,2400,0,240
1412200126,0.0084999995,0.0013,-0.005,0.0023,-0.0019999999,1.47,104440,85410,2.5,0.7,3.0,17,2400,0,232
1412302142,0.0094,0.003,0.0009999999,0.0018999999,-0.0004,1.4670001,96610,82870,2.5,0.7,3.0,15,2400,0,243
1412405478,0.0094,0.0016999999,-0.0029,-0.0002,-0.0008,1.47,98200,91890,2.5,0.7,3.0,16,2400,0,231
1412510778,0.01,-0.0015,0.00059999997,-0.0004,-0.0008,1.4690001,100870,93370,2.5,0.7,3.0,16,2400,0,238
1412614520,0.011399999,-1e-04,0.0013,-0.00059999997,0.0014,1.4720001,102640,94870,2.5,0.7,3.0,16,2400,0,243
1412718471,0.0122,0.0023999999,0.0009,0.0013,0.0029,0.0,104330,102870,2.5,0.7,3.0,16,2400,0,247
1412823119,0.0131,0.0019999999,-0.0039,-0.0009999999,1e-04,1.4770001,106500,6220,2.5,0.7,3.0,16,2400,0,249
1412927169,0.0144,-0.0,0.0018,0.0007,0.0008,1.4710001,104810,12480,2.5,0.7,3.0,16,2400,0,248
1413031118,0.0084,0.0039999997,-0.0016,0.0023,0.0029,1.4720001,103650,20460,2.5,0.7,3.0,16,2400,0,245
1413135161,0.0081,-0.0009,0.0009999999,-0.0039,0.0029,1.4690001,103110,18470,2.5,0.7,3.0,16,2400,0,244
1413239624,0.011299999,-0.0,0.0,0.0021,0.0029,1.468,102370,26520,2.5,0.7,3.0,16,2400,0,242
1413343911,0.012,-0.0,-0.0034999999,0.0029,0.0037999998,0.0,98190,131230,2.5,0.7,3.0,16,2400,0,231
1413447871,0.0138,0.0016,1e-04,0.0022,0.005,1.475,105930,37860,2.5,0.7,3.0,17,2400,0,235
1413551988,0.014699999,-0.0016999999,-0.0013,-0.0004,0.003,1.4690001,102150,39830,2.5,0.7,3.0,16,2400,0,241
1413656387,0.0148,0.0011,-0.0021,-1e-04,0.0011999999,1.4690001,103860,38140,2.5,0.7,3.0,16,2400,0,246
1413760411,0.016999999,-0.0095,0.0023,-0.0072999997,0.0013,1.4710001,99270,44620,2.5,0.7,3.0,15,2400,0,251
1413864739,0.0121,0.003,-0.0007,0.0025,0.0014,1.4720001,105800,51630,2.5,0.7,3.0,16,2400,0,251
1413968750,0.0081,0.0039999997,-0.005,0.0037,0.003,1.4670001,99780,51350,2.5,0.7,3.0,15,2400,0,252
1414072653,0.0041,0.0004,-0.0084,-0.0011,0.0019999999,1.4690001,98780,60280,2.5,0.7,3.0,15,2400,0,249
1414177537,0.0115,0.0021,-0.0022,0.0022,0.0039999997,1.47,105320,67020,2.5,0.7,3.0,16,2400,0,250
1414281679,0.014699999,0.0022,-0.0014,0.0018,0.0008,1.4710001,104960,66940,2.5,0.7,3.0,17,2400,0,233
1414385429,0.0154,-0.0,-1e-04,0.00049999997,0.0009,1.4740001,103260,74140,2.5,0.7,3.0,17,2400,0,229
1414489525,0.012,0.0018,0.00059999997,0.00059999997,0.0009999999,1.4710001,104230,72450,2.5,0.7,3.0,17,2400,0,231
1414594592,0.0184,0.0008,0.0009999999,-0.0019999999,0.00029999999,1.4670001,100670,75390,2.5,0.7,3.0,16,2400,0,237
1414698566,0.018099999,0.0022,-0.0009999999,0.0011,0.0009,1.4710001,102870,82630,2.5,0.7,3.0,16,2400,0,243
1414802773,0.0222,0.0063,-0.0015,0.0013,0.0015,1.4660001,102430,88400,2.5,0.7,3.0,16,2400,0,242
1414906184,0.0191,-0.0,-0.00059999997,0.0018,0.0018,1.4640001,100930,88160,2.5,0.7,3.0,16,2400,0,238
1415010133,0.0186,0.0023999999,0.0008,0.0026999998,0.0023,1.4660001,101880,93920,2.5,0.7,3.0,16,2400,0,241
1415115137,0.0207,0.0011,-1e-04,0.0009,0.00049999997,1.463,100980,100940,2.5,0.7,3.0,16,2400,0,238
1415217745,0.025999999,-0.0009999999,-0.0016,-0.0022,0.0011,1.468,107920,5970,2.5,0.7,3.0,17,2400,0,237
1415321592,0.0229,1e-04,0.0009999999,-0.0016,-0.0004,0.0,100200,106180,2.5,0.7,3.0,16,2400,0,236
1415424139,0.0223,0.0016,0.0018999999,-0.0008,-0.0002,1.468,99190,11970,2.5,0.7,3.0,16,2400,0,234
1415527895,0.023799999,0.0023,-0.0019999999,-0.0002,-0.0026,1.473,102640,12960,2.5,0.7,3.0,16,2400,0,243
1415631925,0.024,-0.0,0.0009,-0.0008,-0.0002,1.4670001,103610,19930,2.5,0.7,3.0,16,2400,0,245
1415735767,0.022699999,0.00059999997,0.0050999997,0.0072,0.00029999999,1.468,101280,17010,2.5,0.7,3.0,17,2400,0,224
1415840328,0.018,-0.0061,-0.0026999998,-0.0023,-0.0007,1.4710001,99450,23100,2.5,0.7,3.0,16,2400,0,234
1416048694,0.0158,0.0047999998,-0.0021,-0.0023999999,-0.0016999999,1.4670001,103030,33480,2.5,0.7,3.0,17,2400,0,228
1416152737,0.0157,-0.0023999999,-0.0013,-0.0009999999,-0.0013,1.4660001,99430,37410,2.5,0.7,3.0,16,2400,0,234
1416256695,0.0168,0.0013,-0.0045,-0.0021,-0.0023999999,1.4720001,103620,45340,2.5,0.7,3.0,16,2400,0,245
1416465439,0.0195,0.0009999999,0.0013,0.0013,0.0002,1.4710001,104010,52500,2.5,0.7,3.0,17,2400,0,231
1416569231,0.0164,1e-04,-0.0026,0.0014,-0.0008,1.478,99350,50050,2.5,0.7,3.0,17,2400,0,219
1416673482,0.0175,0.0008,0.0,0.0016,-0.0014,1.4740001,96120,59440,2.5,0.7,3.0,17,2400,0,212
1416778503,0.019199999,-0.00059999997,-0.0042,1e-04,-1e-04,1.4670001,99820,64200,2.5,0.7,3.0,17,2400,0,220
1416882440,0.018099999,-0.00049999997,-0.0025,0.0013,0.0,1.4670001,100190,64860,2.5,0.7,3.0,16,2400,0,236
1417091261,0.0207,-0.0015,-0.0014,-0.00059999997,0.00049999997,1.4760001,102200,77610,2.5,0.7,3.0,16,2400,0,241
1417195008,0.0128999995,0.0016999999,0.0,0.0007,-0.0002,1.473,99440,79940,2.5,0.7,3.0,16,2400,0,234
1417299117,0.0179,-0.0039,0.0022,-0.003,-0.00059999997,1.4670001,103600,83110,2.5,0.7,3.0,16,2400,0,245
1417403092,0.018299999,-0.0011999999,0.0007,-0.0,-0.0009,1.478,104860,91790,2.5,0.7,3.0,16,2400,0,248
1417506129,0.0177,-0.0028,1e-04,-0.0,-0.0008,1.48,103620,89360,2.5,0.7,3.0,16,2400,0,245
1417609238,0.0202,-0.00059999997,0.0032,0.0009,-0.0009999999,1.4670001,101180,93170,2.5,0.7,3.0,16,2400,0,239
1417713234,0.0223,-0.00029999999,0.0033,-0.0016,0.00059999997,1.4670001,100660,99180,2.5,0.7,3.0,16,2400,0,237
1417817243,0.0267,-0.003,0.0095,-0.0004,-0.00059999997,1.475,99700,98240,2.5,0.7,3.0,16,2400,0,235
1417921124,0.0385,-0.00049999997,0.020399999,-0.0021,0.0,1.4670001,101020,5970,2.5,0.7,3.0,17,2400,0,223
1418024355,0.022699999,0.0066,0.0046,0.0002,0.00059999997,1.463,99610,5970,2.5,0.7,3.0,17,2400,0,220
1418128885,0.008599999,0.0009,0.0004,-0.0023,0.0016999999,1.4580001,102100,15520,2.5,0.7,3.0,18,2400,0,213
1418232668,0.0019999999,0.00059999997,-0.0053999997,0.0022,0.0018999999,1.462,99520,17940,2.5,0.7,3.0,17,2400,0,220
1418336730,0.0025,0.0023999999,-0.0030999999,0.0008,0.0022,1.462,100240,24430,2.5,0.7,3.0,17,2400,0,222
1418441876,0.0009,-0.0004,-0.0019999999,-0.00049999997,0.0016,1.468,105150,29960,2.5,0.7,3.0,17,2400,0,234
1418545474,-0.0011999999,0.00029999999,0.0,-0.0009999999,0.0,1.4610001,102450,28760,2.5,0.7,3.0,17,2400,0,227
1418649529,-0.0029,0.0016,-0.0022,0.0004,-0.0015,1.4740001,99250,33070,2.5,0.7,3.0,17,2400,0,219
1418753194,-0.0033999998,-0.00059999997,-0.0039,0.00049999997,-0.0022,1.465,104550,39070,2.5,0.7,3.0,18,2400,0,218
1418857172,-0.0106999995,-0.0013,-0.0037999998,0.0007,-0.00029999999,1.4710001,104560,43850,2.5,0.7,3.0,18,2400,0,218
1418962226,-0.0132,0.006,-0.0023999999,-1e-04,-0.0018,1.465,104740,47790,2.5,0.7,3.0,17,2400,0,232
1419066233,-0.012,0.0016,-0.0028,-0.0018,0.0,1.4640001,101600,53800,2.5,0.7,3.0,17,2400,0,225
1419170169,-0.0173,0.0033,-0.0064,0.00059999997,0.0016,1.463,102710,57740,2.5,0.7,3.0,16,2400,0,243
1419274320,-0.015299999,0.0016,-0.0033,0.0007,0.0021,1.4640001,97670,58710,2.5,0.7,3.0,15,2400,0,246
1419378800,-0.0173,0.0011,-0.0047999998,0.0004,0.0037,1.462,104930,66260,2.5,0.7,3.0,16,2400,0,248
1419483101,-0.0162,0.0022,-0.0042,0.0002,0.0036,1.4640001,102570,66150,2.5,0.7,3.0,17,2400,0,227
1419587133,-0.011899999,0.0039,-0.0047,0.00029999999,0.0026,1.462,102690,78590,2.5,0.7,3.0,16,2400,0,243
1419691004,-0.0131,0.0023,-0.0037,0.0023,0.0015,1.47,102430,75420,2.5,0.7,3.0,16,2400,0,242
1419795047,-0.0145,0.0039,-0.0019999999,0.0030999999,0.0013,0.0,104240,179680,2.5,0.7,3.0,17,2400,0,231
1419900033,-0.0105,0.0019999999,-0.0007,0.003,0.0018,1.468,104120,83110,2.5,0.7,3.0,16,2400,0,247
1420004674,-0.009099999,-0.0011999999,-0.0025,-0.0023,0.0008,1.4640001,101880,87630,2.5,0.7,3.0,16,2400,0,241
1420108592,-0.0083,-0.0014,-0.0050999997,-0.0049,-0.0011999999,1.4690001,103420,96380,2.5,0.7,3.0,16,2400,0,245
1420211834,-0.01,-0.0004,-0.0014,-0.00059999997,-0.0007,1.465,103600,103600,2.5,0.7,3.0,16,2400,0,245
1420315150,-0.0045,-0.00049999997,0.0,-0.0,-0.0023,1.47,98770,97270,2.5,0.7,3.0,15,2400,0,249
1420419251,-0.0069999998,-0.0011,0.0026999998,-0.0013,-0.0021,1.4660001,103100,101630,2.5,0.7,3.0,16,2400,0,244
1420522818,-0.0064999997,-0.0016999999,-0.0023,-0.003,-0.0019999999,1.463,96330,5720,2.5,0.7,3.0,15,2400,0,242
1420625197,-0.0056,-0.0011999999,-0.0016,-0.0026,-0.0036,1.4670001,96340,6210,2.5,0.7,3.0,15,2400,0,243
1420729707,-0.003,-0.0013,-0.0016999999,-0.0011,-0.0029,1.463,102810,20640,2.5,0.7,3.0,16,2400,0,243
1420833493,0.0026,0.0022,0.00059999997,0.0045,-0.0021,1.4640001,98770,12950,2.5,0.7,3.0,15,2400,0,250
1420937099,0.0011999999,-0.0,0.0025,0.0007,-0.0025,1.4690001,98000,18700,2.5,0.7,3.0,15,2400,0,247
1421041514,0.0034999999,-0.0004,0.0015,-0.0009999999,-0.0037,1.463,97540,26180,2.5,0.7,3.0,15,2400,0,246
1421146261,0.0047,1e-04,0.0019999999,0.0014,-0.0021,1.4670001,101330,31440,2.5,0.7,3.0,16,2400,0,239
1421251079,0.0047999998,-0.0014,0.0026999998,-0.0026999998,-0.0022,1.4640001,106500,40120,2.5,0.7,3.0,16,2400,0,253
1421354735,0.0056,-0.0014,0.0023,-0.0008,-0.0007,1.463,99510,39870,2.5,0.7,3.0,15,2400,0,252
1421458323,0.0058,-0.0045,0.0023,-0.0014,-0.00049999997,1.4640001,98790,46130,2.5,0.7,3.0,15,2400,0,249
1421561435,0.0066,-0.0021,1e-04,-0.0019999999,-0.00029999999,1.4610001,106500,45190,2.5,0.7,3.0,16,2400,0,253
1421665763,0.0042,-0.0014,0.00029999999,1e-04,-0.0016999999,0.0,104760,149950,2.5,0.7,3.0,16,2400,0,248
1421769435,0.0023999999,-0.0026,0.0007,-0.0002,-0.0007,1.465,98770,50460,2.5,0.7,3.0,15,2400,0,249
1421873665,0.0036,0.00029999999,0.00059999997,0.0011,0.0002,1.4640001,98990,58860,2.5,0.7,3.0,15,2400,0,250
1421976290,0.0093,-0.0026999998,0.0064999997,-0.0046,-0.0004,1.463,103100,58660,2.5,0.7,3.0,16,2400,0,244
1422079597,-0.00029999999,-0.0117999995,0.0019999999,-0.0138,0.0002,1.4660001,104320,65730,2.5,0.7,3.0,16,2400,0,247
1422183979,0.00049999997,-0.0081,-0.0019999999,-0.0092,0.0011,1.462,99010,65530,2.5,0.7,3.0,15,2400,0,250
1422288024,0.0,0.0023,-0.0009,-0.0026999998,0.0016,1.4660001,99250,72040,2.5,0.7,3.0,15,2400,0,251
1422392709,-0.003,0.0094,-0.0018999999,0.003,0.0011999999,0.0,99210,177790,2.5,0.7,3.0,15,2400,0,251
1422496736,0.00029999999,0.011899999,-0.0016999999,0.0033999998,0.0021,1.4670001,104030,84730,2.5,0.7,3.0,16,2400,0,246
1422600726,0.00059999997,0.019199999,-0.0036,0.0050999997,0.0,1.463,104770,84510,2.5,0.7,3.0,16,2400,0,248
1422703302,0.0009,0.0196,-0.0013,0.0047,0.0016999999,1.4660001,102800,89290,2.5,0.7,3.0,16,2400,0,243
1422809531,0.0111,0.0206,0.0061,0.0089,0.0030999999,1.4660001,105170,90940,2.5,0.7,3.0,17,2400,0,234
1422913494,-1e-04,0.0148,-0.0022,-0.0015,0.00029999999,1.462,98670,97180,2.5,0.7,3.0,16,2400,0,232
1423017582,0.0030999999,0.0117999995,0.0007,-0.0015,0.0011,1.463,105150,5970,2.5,0.7,3.0,17,2400,0,234
1423121507,-0.005,0.0156,-0.0026,-0.00059999997,0.0021,1.4610001,98930,6210,2.5,0.7,3.0,16,2400,0,233
1423226296,0.0026999998,0.013599999,1e-04,-0.0011999999,0.00059999997,1.457,100830,11240,2.5,0.7,3.0,16,2400,0,238
1423330310,-0.0018999999,0.0162,0.0002,-0.00059999997,0.00049999997,1.46,98610,12220,2.5,0.7,3.0,16,2400,0,232
1423434320,0.00049999997,0.0202,-0.0011999999,0.0015,-0.00029999999,1.46,101090,20150,2.5,0.7,3.0,16,2400,0,239
1423538001,0.0016999999,0.0213,0.0015,0.0009999999,-0.0011999999,1.4670001,98590,24920,2.5,0.7,3.0,16,2400,0,232
1423642689,0.003,0.020299999,-0.0004,0.0011999999,-0.0004,1.4590001,99720,28030,2.5,0.7,3.0,17,2400,0,221
1423747130,-0.0064,0.0199,-0.0028,0.0033,-0.0015,1.4590001,103920,30230,2.5,0.7,3.0,17,2400,0,231
1423851124,0.00059999997,0.024999999,-0.0015,-0.0016999999,-0.0007,1.455,104150,35980,2.5,0.7,3.0,17,2400,0,231
1423954829,-0.0044,0.0212,-0.0018,0.00029999999,0.0004,1.4560001,102700,41720,2.5,0.7,3.0,17,2400,0,228
1424058589,-0.0007,0.0212,-0.0018,0.0011999999,0.0002,1.4560001,100760,48010,2.5,0.7,3.0,17,2400,0,223
1424162570,-0.0023,0.0241,-1e-04,-0.0015,0.0,1.463,103920,48720,2.5,0.7,3.0,17,2400,0,230
1424265177,-0.0009,0.0233,-0.0042,-0.0019999999,0.0008,1.4560001,100340,48740,2.5,0.7,3.0,16,2400,0,237
1424367888,-0.0030999999,0.026899999,-0.0016999999,-0.00059999997,0.0011,1.457,103070,56900,2.5,0.7,3.0,16,2400,0,244
1424471561,1e-04,0.0241,-0.0025,-0.0016,0.0011999999,1.455,99910,53520,2.5,0.7,3.0,16,2400,0,236
1424575071,-0.0018,0.0229,-0.0004,0.0004,0.00049999997,1.4590001,101560,62900,2.5,0.7,3.0,16,2400,0,240
1424677483,0.0030999999,0.0175,-0.0008,0.00049999997,-0.0004,1.4560001,102700,63780,2.5,0.7,3.0,17,2400,0,228
1424781125,-0.00059999997,0.0266,-0.0016,-0.0008,0.0009999999,1.463,103050,67810,2.5,0.7,3.0,18,2400,0,215
1424884871,-0.0018999999,0.0232,0.0002,-1e-04,0.0,0.0,99530,167340,2.5,0.7,3.0,17,2400,0,220
1424989218,-0.00049999997,0.0263,-0.0014,-0.0002,0.0008,1.462,100750,76540,2.5,0.7,3.0,17,2400,0,223
1425094107,0.0021,0.0253,-0.0004,-0.0007,-0.00049999997,1.4490001,102610,80670,2.5,0.7,3.0,18,2400,0,214
1425197751,0.0014,0.0308,-0.0067999996,0.0021,-0.0008,1.4490001,99020,79910,2.5,0.7,3.0,17,2400,0,219
1425300635,0.0036,0.03,0.0013,0.0036,0.0007,1.452,100980,87980,2.5,0.7,3.0,17,2400,0,223
1425404621,-0.0021,0.023,0.00059999997,1e-04,-0.0011,1.4490001,103660,90900,2.5,0.7,3.0,17,2400,0,230
1425508987,-0.0009999999,0.029099999,-0.0009,0.0009,-0.00029999999,1.452,100590,95030,2.5,0.7,3.0,16,2400,0,237
1425614398,-0.0011,0.0265,-0.0016999999,-1e-04,-0.0014,0.0,101800,203360,2.5,0.7,3.0,16,2400,0,241
1425718119,-0.00029999999,0.0265,0.0013,0.0013,-0.0015,1.4480001,98170,96690,2.5,0.7,3.0,16,2400,0,231
1425821437,-0.0004,0.0262,-0.0009999999,0.0016,-1e-04,1.457,97920,4740,2.5,0.7,3.0,16,2400,0,230
1425925762,0.0007,0.025899999,-1e-04,0.0007,0.0030999999,1.4530001,101940,10500,2.5,0.7,3.0,17,2400,0,226
1426029430,-0.0002,0.0134,-0.0037999998,-0.0105,0.0016999999,1.4560001,101270,11490,2.5,0.7,3.0,17,2400,0,224
1426132142,0.0009999999,0.0158,0.00029999999,0.0021,0.0011999999,1.4510001,100350,22980,2.5,0.7,3.0,18,2400,0,209
1426235909,0.003,0.031799998,0.00059999997,0.0018,0.0009999999,1.452,102340,25170,2.5,0.7,3.0,18,2400,0,213
1426339739,0.0061999997,0.028099999,-0.0002,-0.00059999997,0.0004,0.0,101590,126790,2.5,0.7,3.0,16,2400,0,240
1426443581,0.0023999999,0.021699999,-0.0042,-0.0011999999,-0.00059999997,1.455,100960,34010,2.5,0.7,3.0,17,2400,0,223
1426547898,-0.0007,0.023,-1e-04,0.0014,0.00049999997,0.0,102380,136410,2.5,0.7,3.0,18,2400,0,213
1426652641,0.0021,0.0279,-0.0029,0.0015,0.0,1.452,103340,36610,2.5,0.7,3.0,18,2400,0,216
1426756682,0.0013,0.0122,-0.0019999999,-0.0106,0.0013,1.452,101700,40180,2.5,0.7,3.0,17,2400,0,225
1426964697,0.012999999,0.0286,0.0103,0.0026999998,0.0013,1.4490001,95680,46190,2.5,0.7,3.0,16,2400,0,225
1427068811,0.0,0.025799999,-0.0021,0.0011,-0.0019999999,1.45,102320,55750,2.5,0.7,3.0,18,2400,0,210
1427173509,0.0056999996,0.0138,-0.0009,0.0019999999,0.0016,1.4480001,103090,56730,2.5,0.7,3.0,18,2400,0,215
1427380174,0.0029,0.0117999995,-1e-04,-0.0016999999,-0.0039,1.447,99150,62230,2.5,0.7,3.0,18,2400,0,206
1427485523,0.0047,0.0242,0.0015,-0.0018,-0.0011999999,1.4410001,100480,69720,2.5,0.7,3.0,17,2400,0,222
1427590272,-0.0002,0.030499998,0.0009999999,-0.0011,-0.0032,0.0,105000,174730,2.5,0.7,3.0,18,2400,0,219
1427694311,-0.0004,0.0325,-0.00059999997,0.0074,-0.0034999999,1.445,105520,83650,2.5,0.7,3.0,18,2400,0,221
1427798137,1e-04,0.0099,-0.0030999999,-0.003,-0.0042999997,1.447,103170,82920,2.5,0.7,3.0,17,2400,0,229
1427900135,0.0008,0.0167,-0.0047999998,-0.0033999998,-0.0028,1.4510001,102080,83550,2.5,0.7,3.0,18,2400,0,213
1428003147,0.0041,-0.0011999999,0.0026999998,-0.0284,-0.0030999999,1.4440001,98020,92480,2.5,0.7,3.0,17,2400,0,216
1428105434,-0.0007,0.036399998,-0.0025,0.0055,-0.0023,1.445,99660,92640,2.5,0.7,3.0,18,2400,0,207
1428209716,0.0007,0.0313,-0.0002,0.0056,0.0,1.447,101250,94220,2.5,0.7,3.0,17,2400,0,224
1428313753,0.0011999999,0.0349,-0.0044,0.0069,-0.0007,1.4430001,100960,4750,2.5,0.7,3.0,17,2400,0,224
1428417183,-0.0018,0.0394,-0.0009,0.0083,0.0009,1.4430001,97560,102310,2.5,0.7,3.0,17,2400,0,215
1428519926,-0.0021,0.028299998,-1e-04,0.0075,0.0018,1.4410001,96110,5230,2.5,0.7,3.0,17,2400,0,215
1428623660,-0.0016,0.0418,-0.0019999999,0.0033,0.0011999999,1.4430001,99840,13190,2.5,0.7,3.0,16,2400,0,235
1428727095,-0.0053999997,0.0309,-0.0026999998,-0.0009,0.0011,1.442,104060,12960,2.5,0.7,3.0,16,2400,0,246
1428832539,-0.0049,0.0232,0.0002,-0.0,0.0018999999,1.4410001,104060,18310,2.5,0.7,3.0,16,2400,0,246
1428936446,-0.0067999996,0.010199999,-0.00049999997,-0.00049999997,0.00059999997,1.442,101610,18080,2.5,0.7,3.0,16,2400,0,240
1429040696,-0.0047,0.022499999,-0.0039,-0.0026999998,-0.0002,1.447,102020,27710,2.5,0.7,3.0,17,2400,0,226
1429144621,-0.0056,0.022,-0.0018,-0.0047,0.0021,1.447,102740,29190,2.5,0.7,3.0,17,2400,0,228
1429248923,-0.0030999999,0.0213,-0.0018,-0.0053,-0.0002,1.4480001,102440,37110,2.5,0.7,3.0,17,2400,0,227
1429353453,-0.0018999999,0.0222,0.0023,-0.0034999999,-0.0002,1.45,101860,45570,2.5,0.7,3.0,16,2400,0,241
1429457465,0.0015,0.0198,-0.0016,-0.0,0.0011,1.447,99900,40960,2.5,0.7,3.0,16,2400,0,236
1429561082,0.0019999999,0.0254,-0.0002,0.0002,-0.0007,1.4460001,97160,41900,2.5,0.7,3.0,16,2400,0,229
1429666300,0.0030999999,0.0235,0.0023999999,-0.0004,-0.0007,1.45,97530,51700,2.5,0.7,3.0,17,2400,0,215
1429770312,0.00029999999,0.0325,0.0021,0.0067,0.0009,1.447,102200,60620,2.5,0.7,3.0,17,2400,0,226
1429874004,-0.0009,0.0423,-0.0045,0.0196,0.0,1.447,103330,61260,2.5,0.7,3.0,18,2400,0,216
1429978290,-0.0021,0.0275,-0.0023,0.0133,-0.00029999999,1.4480001,102670,61620,2.5,0.7,3.0,17,2400,0,228
1430083104,-0.0061,0.018199999,-0.0039,0.011899999,-0.0009999999,1.4480001,101620,64560,2.5,0.7,3.0,18,2400,0,212
1430185715,-0.0047999998,0.0061,-0.0037999998,0.00059999997,-0.0009999999,1.447,101190,71900,2.5,0.7,3.0,17,2400,0,224
1430289808,-0.0032,0.0007,-0.0052,-0.0087,-0.0018999999,1.447,100130,76300,2.5,0.7,3.0,16,2400,0,236
1430393422,-0.0041,-0.0087,-0.0016999999,-0.0115,0.0,0.0,99320,181920,2.5,0.7,3.0,16,2400,0,234
1430496302,-0.0008,0.00029999999,-0.0034999999,-0.009,-0.0008,1.445,98620,87300,2.5,0.7,3.0,16,2400,0,232
1430599886,-0.0008,0.0014,-0.0022,-0.0081,-0.0008,1.4480001,102950,84900,2.5,0.7,3.0,17,2400,0,228
1430703601,0.0033999998,0.0032,-0.0030999999,-0.0061999997,-0.0018,1.447,103900,90190,2.5,0.7,3.0,17,2400,0,231
1430807711,0.0178,0.0273,0.0133,0.0148,0.0,1.4480001,104220,97910,2.5,0.7,3.0,17,2400,0,231
1431016693,0.0075,0.0095999995,0.0042,0.0023999999,0.0026,0.0,101340,201730,2.5,0.7,3.0,16,2400,0,239
1431120714,0.0028,0.0081,0.0002,0.0019999999,0.0013,1.4460001,104300,6220,2.5,0.7,3.0,16,2400,0,243
1431224574,0.0016,0.0036,-0.0033,-0.0011999999,0.0009,1.45,101820,13650,2.5,0.7,3.0,16,2400,0,241
1431433604,0.0154,0.0067999996,0.0109,0.0063,0.0016999999,1.4460001,98440,18680,2.5,0.7,3.0,16,2400,0,232
1431641874,-0.0013,-0.0071,-0.0016999999,-0.0058999998,-0.0018999999,1.447,102060,31420,2.5,0.7,3.0,16,2400,0,241
1431744646,0.0026999998,-0.00029999999,-0.0036,-0.0026999998,-0.0011,1.4480001,101860,29740,2.5,0.7,3.0,16,2400,0,241
1431850334,0.0023999999,0.0011999999,-0.0041,-0.0015,-0.0019999999,1.4490001,102970,33060,2.5,0.7,3.0,17,2400,0,228
1431954263,0.0004,-0.0004,-0.0049,-0.0039999997,-0.0025,1.4490001,98020,38420,2.5,0.7,3.0,15,2400,0,247
1432058280,1e-04,-1e-04,-0.0013,-0.003,-0.00049999997,1.4490001,96580,44060,2.5,0.7,3.0,15,2400,0,243
1432162311,-0.00029999999,-0.0,-0.0045,-0.0007,0.0004,1.45,97280,44020,2.5,0.7,3.0,15,2400,0,245
1432266782,0.0037999998,0.0083,0.0056,0.0078,0.0,1.4490001,100590,49320,2.5,0.7,3.0,16,2400,0,237
1432371098,0.017199999,0.017199999,0.016099999,0.0101,0.0019999999,0.0,103830,153160,2.5,0.7,3.0,16,2400,0,242
1432475146,0.0155,0.005,0.0167,0.0013,0.0033,1.455,99170,65070,2.5,0.7,3.0,16,2400,0,234
1432579621,0.0077,0.0007,0.0082,-0.0016999999,0.0028,1.455,104050,64050,2.5,0.7,3.0,16,2400,0,246
1432683068,-0.0037999998,0.0022,-0.00029999999,-0.00059999997,0.0029,1.4530001,100660,69610,2.5,0.7,3.0,16,2400,0,237
1432786467,-0.0041,0.005,0.0036,0.0008,0.0039,1.4610001,97090,72060,2.5,0.7,3.0,15,2400,0,245
1432892367,-0.020399999,-0.00029999999,-0.009099999,-0.0032,0.0052,1.4560001,100490,73960,2.5,0.7,3.0,16,2400,0,237
1432996288,-0.0179,1e-04,-0.0052,-0.0,0.0047999998,1.4580001,103350,77310,2.5,0.7,3.0,17,2400,0,229
1433099161,-0.0223,0.00049999997,-0.0095999995,-0.0004,0.00029999999,1.465,101140,89540,2.5,0.7,3.0,17,2400,0,223
1433203380,-0.0229,0.0037999998,-0.0064999997,0.0013,0.0019999999,0.0,103330,192880,2.5,0.7,3.0,17,2400,0,229
1433307156,-0.0233,0.0028,-0.0033999998,0.0004,0.00059999997,1.455,102680,88930,2.5,0.7,3.0,16,2400,0,243
1433409194,-0.0163,0.0026999998,-1e-04,0.0025,0.0009999999,0.0,94690,189680,2.5,0.7,3.0,15,2400,0,238
1433513187,-0.0155,0.0015,0.0009999999,0.0026999998,-0.00059999997,1.465,98030,96550,2.5,0.7,3.0,16,2400,0,231
1433617414,-0.025999999,-0.0095999995,-0.0004,-0.012,-0.0013,1.4580001,102700,5240,2.5,0.7,3.0,18,2400,0,211
1433721488,-0.018099999,0.0022,0.0,0.0026999998,-0.0004,1.455,104640,12700,2.5,0.7,3.0,18,2400,0,218
1433825493,-0.0341,0.0150999995,-0.0105,0.0078,-0.0021,1.46,98790,5980,2.5,0.7,3.0,18,2400,0,205
1433930721,-0.0213,0.0081,0.0033999998,0.0009,-0.0029,1.4640001,103770,18240,2.5,0.7,3.0,17,2400,0,230
1434034536,-0.021,0.0092,0.0047999998,0.0037,0.0,1.4590001,101150,17010,2.5,0.7,3.0,17,2400,0,224
1434138216,-0.0173,0.0052,0.0015,0.0016999999,0.00029999999,1.457,99010,26190,2.5,0.7,3.0,16,2400,0,233
1434240792,-0.0099,0.0082,0.0018,0.0041,-0.0002,1.4510001,100200,31470,2.5,0.7,3.0,16,2400,0,236
1434343150,-0.0139999995,0.0071,0.0063,0.003,-0.0015,1.455,100340,30270,2.5,0.7,3.0,17,2400,0,222
1434447125,-0.012,0.0078,0.0064999997,0.0028,0.0011999999,1.4590001,103780,36480,2.5,0.7,3.0,17,2400,0,230
1434551078,-0.0156,0.0021,0.0053999997,0.0009999999,-0.0022,1.457,100860,38210,2.5,0.7,3.0,17,2400,0,223
1434654806,-0.020399999,-0.0016999999,0.0016,-0.0028,1e-04,0.0,101690,146450,2.5,0.7,3.0,16,2300,0,240
1434757188,-0.021,0.0004,-0.0014,-0.0032,-0.0011,1.452,98550,43980,2.5,0.7,3.0,16,2300,0,232
1434859890,-0.0254,0.0009999999,-0.0009999999,-0.0004,-0.0007,1.4510001,94850,39120,2.5,0.7,3.0,16,2300,0,222
1434964327,-0.021599999,-0.0009999999,-0.0022,-0.0018,-0.0036,0.0,98270,143910,2.5,0.7,3.0,16,2300,0,231
1435068128,-0.0348,-0.0013,-0.010799999,-0.005,-0.0033,1.455,98280,49270,2.5,0.7,3.0,16,2300,0,231
1435171159,-0.019399999,0.0004,-0.0007,0.0009999999,-0.0058,1.4530001,100730,63710,2.5,0.7,3.0,16,2300,0,237
1435274928,-0.0221,-0.0002,0.0028,0.0008,-0.0033999998,1.4510001,101210,57470,2.5,0.7,3.0,16,2300,0,239
1435379157,-0.009,-0.0002,0.0133,0.0008,-0.005,1.46,102890,63470,2.5,0.7,3.0,16,2300,0,243
1435483249,-0.0274,0.0016999999,-0.0052,-0.0,-0.0066,1.4690001,95960,62750,2.5,0.7,3.0,15,2300,0,241
1435590208,-0.0278,-0.0023999999,-0.003,-0.0045,-0.0046,1.4540001,101970,77460,2.5,0.7,3.0,16,2300,0,241
1435693395,-0.024,-0.0014,-0.0039999997,0.0002,-0.0061999997,1.4490001,101230,75010,2.5,0.7,3.0,16,2300,0,239
1435797593,-0.0221,0.0033,-0.0013,0.0002,-0.0047,1.455,98080,78360,2.5,0.7,3.0,16,2400,0,231
1435900657,-0.023699999,-0.0007,0.0018,0.0036,-0.0046,1.4510001,101840,90620,2.5,0.7,3.0,17,2400,0,225
1436003130,-0.031,0.0008,-0.0011999999,0.0016,-0.0026,1.4540001,103210,90730,2.5,0.7,3.0,18,2400,0,215
1436106568,-0.0255,0.0004,0.0009,0.0028,-0.0026,1.4530001,101780,96150,2.5,0.7,3.0,18,2400,0,212
1436210335,-0.0262,-0.0032,0.0004,-0.0008,-0.0016999999,1.455,102620,95010,2.5,0.7,3.0,17,2400,0,227
1436314295,-0.0296,0.00029999999,-0.0026999998,0.0014,-0.0011999999,1.4540001,106520,106500,2.5,0.7,3.0,17,2400,0,237
1436419112,-0.023699999,-0.0,-0.00049999997,0.0002,-0.0016,1.4540001,101030,6470,2.5,0.7,3.0,16,2400,0,238
1436523098,-0.0218,0.0011,0.0002,1e-04,0.0,1.457,105730,6210,2.5,0.7,3.0,17,2400,0,231
1436626966,-0.022599999,0.0009,0.0025,0.00059999997,-0.00059999997,1.4560001,103980,11750,2.5,0.7,3.0,18,2400,0,217
1436731147,-0.0246,0.0011999999,0.00029999999,0.0011,0.0019999999,1.4580001,105780,18480,2.5,0.7,3.0,17,2400,0,235
1436835977,-0.0223,-0.0009,0.0016999999,0.00059999997,0.00049999997,0.0,103680,122170,2.5,0.7,3.0,16,2400,0,245
1436940538,-0.021,-0.0009999999,0.0021,-0.0,0.0014,1.4590001,101030,25940,2.5,0.7,3.0,16,2400,0,238
1437044324,-0.022,-0.0016999999,-0.0011999999,0.0002,-0.0002,1.4540001,102760,30910,2.5,0.7,3.0,16,2400,0,243
1437148284,-0.019199999,-0.0007,0.0028,-0.00059999997,0.00059999997,1.463,103960,39850,2.5,0.7,3.0,16,2400,0,246
1437253081,-0.0075999997,-0.0045,0.0104,-0.0008,0.0,1.457,103660,37180,2.5,0.7,3.0,16,2400,0,245
1437356806,-0.0252,1e-04,-0.0037999998,-0.0002,-0.0002,1.4640001,102470,45110,2.5,0.7,3.0,16,2400,0,242
1437459838,-0.021499999,0.0037999998,0.0004,-0.0011,0.00029999999,1.455,103560,46000,2.5,0.7,3.0,17,2400,0,229
1437563157,-0.0218,0.0007,0.0013,0.0009,-0.0028,1.462,102890,47010,2.5,0.7,3.0,17,2400,0,228
1437665545,-0.0254,0.0077,-0.0009,0.00049999997,-0.0026,1.4540001,103840,53260,2.5,0.7,3.0,17,2400,0,230
1437769321,-0.024999999,0.0042,-0.003,0.0044,-0.0029,1.4560001,102730,58120,2.5,0.7,3.0,16,2400,0,239
1437873214,-0.024699999,0.0011,0.0023,-0.0,-0.0047999998,1.455,103740,58180,2.5,0.7,3.0,16,2400,0,245
1437977496,-0.0242,0.0032,-0.0002,0.0015,-0.0032,1.455,105300,62200,2.5,0.7,3.0,17,2400,0,234
1438080964,-0.024799999,0.0028,-0.0009999999,-0.00059999997,-0.0018999999,1.468,99580,62430,2.5,0.7,3.0,16,2400,0,234
1438184617,-0.0229,0.00059999997,0.0,-0.0,-0.0016,1.4510001,102240,76900,2.5,0.7,3.0,16,2400,0,241
1438288834,-0.0186,-0.0009999999,0.0021,0.0033999998,1e-04,0.0,104580,181490,2.5,0.7,3.0,17,2400,0,232
1438394403,-0.023,1e-04,-0.00029999999,0.00029999999,-0.0011999999,1.4460001,99650,75070,2.5,0.7,3.0,17,2400,0,220
1438499290,-0.0232,0.0008,-0.0009,-0.0007,0.0019999999,1.447,100500,80730,2.5,0.7,3.0,16,2400,0,237
1438603488,-0.021599999,0.0019999999,0.0019999999,1e-04,0.0030999999,0.0,97170,184210,2.5,0.7,3.0,15,2400,0,245
1438707365,-0.0207,0.0046,0.0039,0.0055,0.0053999997,1.4410001,96670,89410,2.5,0.7,3.0,15,2400,0,243
1438811745,-0.0254,0.0016999999,0.00059999997,-0.0,0.0069999998,1.4430001,103220,95210,2.5,0.7,3.0,16,2400,0,244
1438914593,-0.023899999,0.0011,1e-04,-0.0011,0.0056999996,1.442,103480,6490,2.5,0.7,3.0,16,2400,0,245
1439020002,-0.0297,0.0025,-0.0063,0.0009,0.0067999996,1.442,98620,105120,2.5,0.7,3.0,15,2300,0,249
1439122460,-0.023,-0.0,0.0019999999,0.0007,0.0079,1.4380001,98940,6560,2.5,0.7,3.0,15,2300,0,249
1439225189,-0.027199998,0.0007,-0.0007,-0.0015,0.0098,1.442,104440,12390,2.5,0.7,3.0,16,2300,0,247
1439328396,-0.0221,0.0002,0.0041,0.00029999999,0.0078,1.4380001,103500,12390,2.5,0.7,3.0,16,2300,0,244
1439432671,-0.0253,0.0019999999,-0.0009999999,0.0025,0.0071,1.4460001,102720,19140,2.5,0.7,3.0,16,2300,0,243
1439536667,-0.024699999,0.0004,0.00059999997,0.0002,0.0069,1.44,106440,25640,2.5,0.7,3.0,16,2300,0,252
1439640417,-0.018299999,-0.0,0.00029999999,-0.0034999999,0.0049,1.4410001,98650,26820,2.5,0.7,3.0,15,2300,0,249
1439745200,-0.0207,-0.0029,0.00059999997,-0.0016,0.0044,1.437,103190,30440,2.5,0.7,3.0,16,2300,0,244
1439849495,-0.021499999,0.0028,0.00059999997,0.0002,0.0056999996,1.4440001,104720,37920,2.5,0.7,3.0,16,2300,0,248
1439953469,-0.023599999,-0.0019999999,-0.0009999999,0.00029999999,0.0015,1.4480001,100490,42670,2.5,0.7,3.0,16,2300,0,237
1440057500,-0.0265,0.0047,0.0,0.0015,0.0009,1.4460001,99820,43950,2.5,0.7,3.0,16,2300,0,235
1440162110,-0.025999999,0.00049999997,-0.0026,-0.0011999999,-0.0002,1.4410001,100440,42190,2.5,0.7,3.0,16,2400,0,237
1440266681,-0.0262,-0.0004,0.0014,0.0009,-0.0015,1.442,99750,48480,2.5,0.7,3.0,16,2400,0,235
1440370679,-0.0277,0.0011,0.0013,0.0002,-0.0023,1.445,102220,50210,2.5,0.7,3.0,16,2400,0,241
1440474689,-0.0252,0.0013,0.00029999999,1e-04,-0.0025,1.445,99910,59880,2.5,0.7,3.0,15,2400,0,252
1440577768,-0.027099999,0.0028,0.0,0.0015,-0.0030999999,1.447,102480,63190,2.5,0.7,3.0,16,2400,0,242
1440680180,-0.0223,0.0045,-0.00059999997,-0.00059999997,-0.0018999999,1.457,97070,65030,2.5,0.7,3.0,16,2400,0,228
1440783181,-0.031999998,0.006,0.0032,0.0036,-0.0032,1.45,105640,69800,2.5,0.7,3.0,18,2400,0,221
1440887896,-0.0287,0.0042,0.00059999997,0.0023,-0.0018,1.452,100330,76710,2.5,0.7,3.0,17,2400,0,222
1440991928,-0.026099999,0.0041,0.0023999999,0.0025,-0.0021,1.4640001,97810,72520,2.5,0.7,3.0,16,2400,0,230
1441095590,-0.024,0.0067,0.0036,0.0037,-0.0022,0.0,99550,178090,2.5,0.7,3.0,16,2400,0,234
1441199871,-0.027999999,0.0039999997,-0.00059999997,0.0030999999,-0.0009,1.455,97530,83780,2.5,0.7,3.0,16,2400,0,229
1441303512,-0.027099999,0.0016999999,0.0,0.0009,0.0,1.455,100750,88450,2.5,0.7,3.0,16,2400,0,237
1441408748,-0.029099999,-0.0015,0.0002,-0.0009999999,1e-04,1.4530001,105170,91140,2.5,0.7,3.0,16,2400,0,249
1441512680,-0.023599999,-0.0191,-0.0014,-0.015299999,0.0022,1.457,106410,98910,2.5,0.7,3.0,18,2400,0,222
1441616429,-0.0235,0.0053999997,-0.0008,0.0037,0.0007,0.0,99780,198680,2.5,0.7,3.0,16,2400,0,235
1441720478,-0.0253,0.0037999998,0.0,0.0023,0.0021,0.0,105380,103910,2.5,0.7,3.0,16,2400,0,246
1441825473,-0.0254,0.0007,0.0018,-0.0014,0.0018,0.0,105430,209350,2.5,0.7,3.0,16,2400,0,250
1441929198,-0.0275,-0.0028,-0.0002,-0.0009999999,0.0016999999,1.46,101950,10530,2.5,0.7,3.0,16,2400,0,241
1442033199,-0.0251,-1e-04,1e-04,0.0007,0.0026,1.4610001,96240,12480,2.5,0.7,3.0,15,2400,0,242
1442137192,-0.024699999,0.0022,0.0023999999,0.0008,0.0014,1.462,99240,17990,2.5,0.7,3.0,16,2400,0,234
1442239145,-0.030299999,-0.0033999998,-0.0046,-0.0069999998,0.0013,1.4590001,96080,22870,2.5,0.7,3.0,16,2400,0,225
1442342461,-0.0199,0.0032,-0.0011999999,0.0033,0.0002,1.455,97500,24830,2.5,0.7,3.0,16,2400,0,229
1442447077,-0.024899999,0.0030999999,0.0,0.0026,-1e-04,1.475,96480,32630,2.5,0.7,3.0,15,2400,0,243
1442550485,-0.023899999,0.0029,0.0009999999,0.0022,-0.0016999999,1.4580001,101480,36950,2.5,0.7,3.0,16,2400,0,239
1442655084,-0.0221,-0.0056,-0.0009999999,0.0004,0.0,1.47,99740,34740,2.5,0.7,3.0,16,2400,0,235
1442759112,-0.0273,-0.0030999999,0.0034999999,0.0018,0.0008,1.4590001,101460,42970,2.5,0.7,3.0,16,2400,0,239
1442863110,-0.0279,-0.003,-0.0009,-0.0016,-0.00049999997,1.468,101090,47240,2.5,0.7,3.0,17,2400,0,224
1442966832,-0.0265,-0.0007,0.0013,-0.0009,-0.0015,1.4660001,100310,56460,2.5,0.7,3.0,16,2400,0,236
1443071877,-0.028199999,-0.0039,0.0023999999,-0.0016999999,-0.0023999999,1.4640001,105540,55700,2.5,0.7,3.0,17,2400,0,231
1443175603,-0.0266,0.0019999999,0.0008,0.0014,-0.0008,0.0,101820,157530,2.5,0.7,3.0,17,2400,0,225
1443383910,-0.028199999,-0.0013,0.0019999999,-0.0014,-0.0032,1.455,107010,75880,2.5,0.7,3.0,17,2400,0,238
1443488540,-0.0279,-0.0004,0.0009,-0.0008,-0.0025,1.455,99550,68720,2.5,0.7,3.0,16,2400,0,234
1443592659,-0.028199999,-0.0037999998,-0.005,0.0032,-0.0026,1.4510001,100470,81640,2.5,0.7,3.0,16,2400,0,237
1443696703,-0.029099999,-0.0050999997,-0.00049999997,-0.0044,-0.0033,0.0,101200,182860,2.5,0.7,3.0,16,2400,0,239
1443799294,-0.022799999,-0.0047,-0.0002,-0.0044,-0.0021,1.45,98140,86810,2.5,0.7,3.0,17,2400,0,216
1443902132,-0.024999999,-0.0032,0.0018,-0.00049999997,-0.0025,0.0,99410,192010,2.5,0.7,3.0,17,2400,0,219
1444005642,-0.0374,-0.0023,-0.0064,1e-04,-0.0016,1.4480001,100730,88910,2.5,0.7,3.0,18,2400,0,209
1444109745,-0.047399998,-0.0047999998,-0.0222,-0.0022,-0.0013,1.45,101080,93300,2.5,0.7,3.0,17,2400,0,223
1444212525,-0.0311,-0.0004,-0.0022,-0.00049999997,-0.0009999999,1.4480001,100180,100160,2.5,0.7,3.0,16,2400,0,236
1444315117,-0.0332,-0.0030999999,-0.0126,-0.0008,-0.0007,1.445,99470,5970,2.5,0.7,3.0,16,2400,0,234
1444418899,-0.018,-0.0042999997,-0.0123,-0.0011999999,-0.0013,1.445,98280,104260,2.5,0.7,3.0,16,2400,0,231
1444522952,0.0025,-0.0018999999,-0.0042999997,-0.0025,-0.0026999998,0.0,101260,106760,2.5,0.7,3.0,16,2300,0,239
1444626494,0.0028,-0.0033,0.005,-0.0025,-0.0008,1.445,104020,12230,2.5,0.7,3.0,17,2300,0,231
1444833448,0.0139999995,-0.0039999997,0.0127,0.0007,0.0008,1.45,102230,17240,2.5,0.7,3.0,17,2300,0,226
1444936135,0.046499997,0.0229,0.0504,0.020499999,0.0011,1.452,99320,24000,2.5,0.7,3.0,17,2300,0,219
1445039169,0.0095999995,0.0039999997,0.0094,0.0056,0.0011,1.45,100950,24030,2.5,0.7,3.0,16,2300,0,238
1445141187,-0.0042999997,-0.0101,0.0004,-0.0075,0.0011999999,1.4460001,99410,30090,2.5,0.7,3.0,16,2300,0,234
1445244685,-0.022599999,-0.014099999,-0.010199999,-0.0078,0.0037,1.4490001,98710,29440,2.5,0.7,3.0,16,2300,0,232
1445348300,-0.0127,-0.0072,-0.018,-0.0047999998,0.0049,1.4410001,96870,36160,2.5,0.7,3.0,17,2300,0,213
1445452304,-0.0069,-0.0056999996,-0.0139,-0.0009,0.0039999997,1.442,101520,42160,2.5,0.7,3.0,17,2300,0,225
1445557484,-0.0039999997,-0.0037999998,-0.0089,-0.0029,0.0049,1.447,103750,42670,2.5,0.7,3.0,17,2300,0,230
1445660743,-0.005,-0.0053,-0.0019999999,-1e-04,0.0079,1.445,105490,48220,2.5,0.7,3.0,17,2300,0,234
1445765083,-0.0047,0.0037,0.0008,0.0052,0.0064,1.4430001,103240,55170,2.5,0.7,3.0,17,2300,0,229
1445867360,-0.0002,0.0018,0.0053999997,-0.0,0.0055,1.455,96800,52990,2.5,0.7,3.0,16,2300,0,227
1445971958,0.0036,0.0022,0.0009999999,-0.0009999999,0.0025,1.4380001,101550,60920,2.5,0.7,3.0,17,2300,0,225
1446077579,0.0002,0.0030999999,0.0,0.0014,0.0018999999,1.442,102060,60220,2.5,0.7,3.0,17,2300,0,226
1446180190,-0.0037,0.0013,-1e-04,-1e-04,0.00059999997,0.0,100390,166670,2.5,0.7,3.0,16,2300,0,237
1446284143,-0.0011,0.0075,-0.0042,0.0011999999,-0.0037,0.0,101550,268230,2.5,0.7,3.0,17,2300,0,225
1446387045,0.0037,0.0042999997,-0.0045,0.0011,-0.003,0.0,99650,374160,2.5,0.7,3.0,16,2300,0,235
1446490170,0.0032,0.0026,-0.0028,-0.0037,-0.0042,1.4330001,101910,75630,2.5,0.7,3.0,16,2300,0,241
1446594002,0.0115,0.0049,0.0037999998,-1e-04,-0.0058999998,1.4350001,95380,75390,2.5,0.7,3.0,15,2300,0,240
1446697432,0.003,0.0022,-0.0004,-0.0018999999,-0.0045,1.4280001,98240,79440,2.5,0.7,3.0,16,2300,0,231
1446801514,0.036,0.021599999,0.031,0.020499999,-0.009099999,1.4210001,102910,89150,2.5,0.7,3.0,18,2300,0,214
1446904154,0.0137,-0.0026999998,0.0049,0.0009999999,-0.0064,1.4300001,97750,84480,2.5,0.7,3.0,16,2300,0,230
1447007134,-0.0072999997,-0.0009,-0.0069,-0.0047999998,-0.0032,1.417,97520,89760,2.5,0.7,3.0,16,2300,0,229
1447213186,-0.0033,-0.0058999998,-0.0092,-0.0047999998,-0.0009999999,1.414,101060,99580,2.5,0.7,3.0,17,2300,0,224
1447316176,0.0022,-0.0013,-0.0015,-0.0016999999,1e-04,1.411,99850,98390,2.5,0.7,3.0,17,2300,0,221
1447420322,0.0034999999,-0.00059999997,0.00059999997,-0.0002,0.0023999999,1.4100001,105640,5970,2.5,0.7,3.0,17,2300,0,231
1447524396,0.0045,0.0025,0.0053,0.0049,0.0023999999,2.8230002,96500,5970,2.5,0.7,3.0,16,2300,0,227
1447628782,-0.0004,0.0047,0.0013,0.0058999998,0.0021,1.409,98250,11980,2.5,0.7,3.0,16,2300,0,231
1447731829,-0.0033,0.0026999998,-0.0036,0.0009,0.0016999999,1.411,100090,15550,2.5,0.7,3.0,17,2400,0,221
1447835838,0.0047999998,-0.0014,-0.0004,0.0009999999,0.00029999999,1.4100001,100560,20160,2.5,0.7,3.0,17,2400,0,222
1447939387,-0.0055,0.0046,-0.0094,0.009099999,0.0009999999,1.4080001,102280,29980,2.5,0.7,3.0,17,2400,0,227
1448044640,0.0042,0.0143,0.0,0.0163,0.0013,1.4130001,101970,32090,2.5,0.7,3.0,18,2400,0,212
1448149589,0.0084,-0.0,0.0036,0.0067,0.0011,1.414,98000,36500,2.5,0.7,3.0,16,2400,0,231
1448253533,0.0106999995,-0.0139999995,0.0053,-0.0061999997,0.0014,1.4180001,101030,38830,2.5,0.7,3.0,17,2400,0,223
1448358238,0.0079,-0.020299999,0.0025,-0.011,0.0029,1.422,101040,39640,2.5,0.7,3.0,17,2400,0,223
1448462004,-0.00029999999,-0.0164,-0.00049999997,-0.0034999999,0.0009,1.414,98710,48910,2.5,0.7,3.0,16,2400,0,232
1448566282,0.005,-0.0149,-0.0004,-0.0037,0.0025,1.4130001,101270,52260,2.5,0.7,3.0,17,2400,0,224
1448670360,0.0026999998,-0.0174,-0.0021,-0.0011,0.0028,1.4200001,105110,60660,2.5,0.7,3.0,18,2400,0,216
1448774795,0.0033999998,-0.0185,-0.0034999999,-0.0023999999,0.00049999997,1.417,100350,58980,2.5,0.7,3.0,17,2400,0,222
1448879004,0.0044,-0.0106999995,-0.0042999997,-0.00049999997,1e-04,1.4150001,100530,65210,2.5,0.7,3.0,17,2300,0,222
1448982923,0.0167,-0.0211,0.0022,1e-04,-0.0026,1.424,105340,70480,2.5,0.7,3.0,18,2300,0,220
1449086802,0.0187,-0.019399999,0.0139999995,-0.0002,-0.0009,1.419,99120,69510,2.5,0.7,3.0,17,2300,0,219
1449189252,0.009699999,-0.0223,0.0047,-0.0015,-0.0011999999,1.4230001,101810,76730,2.5,0.7,3.0,17,2300,0,225
1449293180,0.0014,-0.0241,0.0,-0.0015,0.00049999997,1.422,102150,78090,2.5,0.7,3.0,18,2300,0,213
1449396279,-0.0004,-0.0158,-0.0007,-0.0008,-0.0013,1.424,103420,87040,2.5,0.7,3.0,18,2300,0,216
1449500607,0.00059999997,-0.019199999,-0.0084,-0.0023,-0.00049999997,1.4260001,101050,82510,2.5,0.7,3.0,17,2300,0,223
1449604947,0.0009,-0.022,-0.0069,0.00049999997,-0.003,1.434,100040,94230,2.5,0.7,3.0,17,2300,0,221
1449708441,0.0032,-0.0212,0.0002,0.0030999999,-0.0019999999,1.4310001,103260,96960,2.5,0.7,3.0,17,2300,0,229
1449813137,-0.0018999999,-0.021399999,-1e-04,-0.0033999998,-0.0028,1.4310001,106590,99080,2.5,0.7,3.0,18,2300,0,223
1449915369,0.0026,-0.0265,0.0039999997,-0.0039999997,-0.0039999997,1.429,98950,97490,2.5,0.7,3.0,16,2300,0,233
1450021588,-0.00049999997,-0.022699999,0.00059999997,0.0023,-0.0023999999,1.4350001,100420,5480,2.5,0.7,3.0,16,2300,0,237
1450124653,-0.007999999,-0.023599999,0.0,0.00029999999,-0.0029,1.429,100440,6460,2.5,0.7,3.0,16,2300,0,237
1450228177,-0.01,-0.0207,-0.0037999998,0.0011,-0.0030999999,1.4330001,102970,16260,2.5,0.7,3.0,17,2300,0,228
1450333624,-0.0030999999,-0.0252,-0.0028,-0.00029999999,-0.0023,1.44,103760,17750,2.5,0.7,3.0,17,2300,0,230
1450437441,-0.0041,-0.0268,-0.0030999999,0.0015,-0.0013,1.4360001,105250,23270,2.5,0.7,3.0,17,2300,0,234
1450542308,0.0026999998,-0.021599999,-0.003,0.0021,-0.0018999999,1.4380001,99430,23500,2.5,0.7,3.0,16,2300,0,234
1450646930,-0.0041,-0.022599999,-0.0023,-0.0,-0.0041,1.445,101510,32580,2.5,0.7,3.0,17,2300,0,225
1450750872,-0.0111,-0.024899999,-0.0067,-0.0011,-0.0016,1.4440001,103480,39290,2.5,0.7,3.0,19,2300,0,204
1450853785,-0.0036,-0.0279,-0.0011999999,-1e-04,0.00029999999,1.442,101460,41760,2.5,0.7,3.0,18,2300,0,211
1450956146,0.0,-0.0179,1e-04,-0.00059999997,-0.0008,1.4410001,98830,40540,2.5,0.7,3.0,17,2300,0,218
1451059165,-0.0039,-0.024,-0.0056,-0.0034999999,0.0023,1.4410001,99940,46450,2.5,0.7,3.0,18,2300,0,208
1451163879,0.0008,-0.030599998,-0.0025,-0.0011999999,0.0004,1.4410001,101190,52320,2.5,0.7,3.0,18,2300,0,210
1451267799,0.0022,-0.022499999,1e-04,-0.0041,-0.00059999997,1.4440001,95910,49870,2.5,0.7,3.0,17,2300,0,215
1451372136,-0.0014,-0.027999999,0.0004,-0.0033,1e-04,1.4460001,101270,62050,2.5,0.7,3.0,19,2300,0,199
1451475772,0.0050999997,-0.0278,0.0028,-0.0009,-0.00029999999,1.4460001,103300,65450,2.5,0.7,3.0,21,2300,0,182
1451684606,-0.0009999999,-0.0212,0.0021,0.0015,-0.0015,1.447,102670,73640,2.5,0.7,3.0,20,2300,0,191
1451788668,-0.0016,-0.0148,-0.0002,0.0026,-0.0034999999,1.4460001,101330,74900,2.5,0.7,3.0,19,2300,0,199
1451891279,-0.0089,-0.0163,-0.0037,0.0039999997,-0.0019999999,1.4430001,99950,77610,2.5,0.7,3.0,18,2300,0,208
1451997383,-0.0067999996,-0.0206,-0.0087,0.0037,-0.0032,1.4430001,103390,79590,2.5,0.7,3.0,18,2300,0,216
1452100949,-0.0084999995,-0.021399999,-0.0071,-0.00059999997,-0.0021,1.4510001,98520,85220,2.5,0.7,3.0,16,2300,0,232
1452205420,-0.0008,-0.023899999,-0.0008,-0.0016,-0.0015,1.4380001,106470,92940,2.5,0.7,3.0,17,2300,0,237
1452308160,0.0023999999,-0.023899999,0.0016999999,-0.0004,0.00029999999,1.442,101680,94160,2.5,0.7,3.0,16,2300,0,240
1452411151,-0.00059999997,-0.0252,0.0028,1e-04,0.0008,1.434,103620,95850,2.5,0.7,3.0,16,2300,0,245
1452514476,-0.0021,-0.0219,0.0009,0.0009,0.0008,1.447,98350,96870,2.5,0.7,3.0,15,2300,0,248
1452618213,-0.0016,-0.0209,-0.0037,0.0013,0.0,1.4310001,103570,6220,2.5,0.7,3.0,16,2300,0,241
1452722431,-0.0069,-0.0253,-0.0056,0.0011,0.0015,1.4360001,103130,13420,2.5,0.7,3.0,16,2300,0,244
1452827153,1e-04,-0.0246,-0.0009,0.0023999999,0.0009,1.432,103130,12470,2.5,0.7,3.0,16,2300,0,244
1452929528,0.0036,-0.0263,-0.0013,-0.0021,-0.0018,1.4250001,100700,11750,2.5,0.7,3.0,16,2300,0,237
1453033525,0.0055,-0.027199998,-0.0019999999,-0.00029999999,-0.0011999999,1.4230001,100470,18480,2.5,0.7,3.0,16,2300,0,237
1453139206,0.0026,-0.0268,0.0014,0.0021,1e-04,1.4250001,104540,24250,2.5,0.7,3.0,17,2300,0,232
1453243621,0.0029,-0.025999999,0.003,-0.0014,-0.0002,1.4260001,101530,30220,2.5,0.7,3.0,17,2300,0,225
1453346569,0.0046,-0.0277,0.0055,-0.0,-0.0013,1.424,98640,34030,2.5,0.7,3.0,17,2300,0,218
1453449182,0.0,-0.024899999,0.0067999996,0.0016,-0.0008,1.4150001,96540,36730,2.5,0.7,3.0,16,2300,0,227
1453551771,-0.0018,-0.0284,0.0002,-0.0016999999,-0.0007,1.422,101070,39080,2.5,0.7,3.0,17,2300,0,224
1453655377,-0.0018,-0.0231,-0.0042999997,-0.00029999999,-0.0009999999,1.417,103480,40790,2.5,0.7,3.0,17,2300,0,229
1453759165,-0.0033999998,-0.0309,-0.0058999998,-0.0029,-0.0008,1.4230001,100220,43000,2.5,0.7,3.0,16,2300,0,236
1453861191,-0.0056999996,-0.0266,-0.0013,-0.0004,0.0033,1.4260001,95380,43230,2.5,0.7,3.0,15,2300,0,240
1453964701,0.0036,-0.0242,-0.0022,0.0037999998,0.0033,1.4250001,97120,51690,2.5,0.7,3.0,15,2300,0,244
1454067834,-0.00029999999,-0.029,-0.0019999999,-0.0025,0.0022,1.434,107450,54510,2.5,0.7,3.0,17,2300,0,235
1454173298,-0.0018,-0.029,0.0023,-0.0042,0.0047999998,1.4350001,105700,63660,2.5,0.7,3.0,17,2300,0,235
1454277504,-0.00029999999,-0.047,0.0016999999,-0.0195,0.0022,2.8660002,99580,63570,2.5,0.7,3.0,17,2300,0,220
1454380548,0.0002,-0.0464,0.0061,-0.0188,0.0028,1.445,100420,65050,2.5,0.7,3.0,18,2300,0,209
1454483127,-0.0050999997,-0.0469,-0.0061999997,-0.022699999,0.0030999999,1.439,100060,71130,2.5,0.7,3.0,17,2300,0,221
1454586611,-0.0018,-0.0256,-0.0044,-0.0111,0.0028,1.4350001,97490,74300,2.5,0.7,3.0,16,2300,0,229
1454690495,0.0009,0.0106999995,-0.0028,0.019199999,0.0011999999,1.4410001,98740,73380,2.5,0.7,3.0,16,2300,0,232
1454794593,0.0033,0.0126,-0.0023999999,0.0162,0.0013,1.4440001,96340,76350,2.5,0.7,3.0,15,2300,0,243
1454898240,0.0044,0.0050999997,0.0053999997,0.010199999,1e-04,1.4480001,98740,86650,2.5,0.7,3.0,16,2300,0,232
1455002256,0.0018999999,-0.0013,0.0064999997,0.0004,-0.019299999,1.442,99890,86150,2.5,0.7,3.0,16,2300,0,236
1455107474,-0.0026999998,1e-04,0.0018999999,-0.0018999999,-0.0602,1.4480001,104540,90990,2.5,0.7,3.0,17,2300,0,232
1455211521,-0.0081,0.0061,-0.00049999997,-0.0023999999,-0.072,1.4430001,105000,97240,2.5,0.7,3.0,17,2300,0,233
1455314443,-0.0089,0.0081,-0.0074,0.0067,-0.058399998,1.4480001,102770,101310,2.5,0.7,3.0,17,2300,0,228
1455420318,-0.0143,0.0123,-0.009099999,0.0088,-0.0404,0.0,101540,100070,2.5,0.7,3.0,17,2300,0,225
1455524154,-0.015,0.0112,-0.0103,0.0083,0.0022,1.4540001,104210,11730,2.5,0.7,3.0,17,2300,0,231
1455627042,-0.0089,0.003,-0.0026999998,0.00049999997,0.039899997,1.4530001,101170,11990,2.5,0.7,3.0,16,2300,0,239
1455729186,-0.012,-0.0011999999,-0.0052,-0.0047,0.043899998,1.4510001,99010,11740,2.5,0.7,3.0,16,2300,0,233
1455832670,-0.0029,0.010799999,0.0016,0.0095,0.043899998,1.4530001,101640,19450,2.5,0.7,3.0,16,2300,0,240
1455936406,-0.0055,0.0046,-0.003,0.0033,0.0424,1.4580001,98070,18470,2.5,0.7,3.0,15,2300,0,247
1456040713,-0.0041,-0.0008,-0.0008,-0.0011,0.0376,1.4660001,97960,23240,2.5,0.7,3.0,16,2300,0,230
1456145376,-0.005,-0.0039,-0.0014,-0.0034999999,0.0343,1.4560001,101620,30240,2.5,0.7,3.0,16,2300,0,240
1456249517,0.0009,0.0004,0.0030999999,-0.0039999997,0.0246,1.4580001,101870,30710,2.5,0.7,3.0,16,2300,0,241
1456353405,0.0075999997,0.0004,0.0079,-0.0015,0.0163,1.462,99920,37000,2.5,0.7,3.0,16,2300,0,235
1456458276,-0.0009999999,0.0011999999,0.0021,0.0007,0.011,1.4660001,107210,49970,2.5,0.7,3.0,17,2300,0,238
1456562015,-0.0037,0.0056,-0.0064999997,0.0036,0.0042999997,1.468,100870,50170,2.5,0.7,3.0,16,2300,0,238
1456666356,-0.0019999999,0.0034999999,-0.0053,-0.0,-0.0008,1.463,99140,49460,2.5,0.7,3.0,16,2300,0,234
1456770147,0.0063,0.0019999999,0.0042,0.0016999999,-0.0023,1.4690001,104020,56930,2.5,0.7,3.0,16,2300,0,243
1456872135,0.0030999999,0.0056999996,-0.0039999997,0.0022,-0.0047999998,1.4690001,102100,56930,2.5,0.7,3.0,16,2300,0,241
1456975229,0.0008,0.0022,-0.0064,0.0007,-0.0018,1.468,103060,65100,2.5,0.7,3.0,16,2300,0,244
1457079497,0.011,-0.0023,0.0011,-0.0002,-0.0030999999,1.475,101410,61730,2.5,0.7,3.0,16,2300,0,239
1457183310,0.0106,-0.0007,0.0008,-0.0013,-0.003,1.475,98920,66500,2.5,0.7,3.0,16,2300,0,233
1457287984,0.0122,-0.00049999997,-0.0016,-0.0023999999,-0.0018,1.4740001,103120,69930,2.5,0.7,3.0,16,2300,0,244
1457391997,0.0122,1e-04,-0.00029999999,-0.0016,-0.0022,1.47,100890,82400,2.5,0.7,3.0,16,2300,0,238
1457496092,0.0128999995,0.0009,-0.0008,-0.0013,-0.0037,1.4720001,102150,83880,2.5,0.7,3.0,16,2300,0,241
1457598221,0.015,0.00049999997,-0.0019999999,0.0007,-0.0033999998,1.4720001,103360,82450,2.5,0.7,3.0,16,2300,0,245
1457701182,0.0142,-0.0013,-0.00049999997,-0.0007,-0.0021,1.4760001,104130,91130,2.5,0.7,3.0,16,2300,0,247
1457804411,0.0175,0.0025,0.0009999999,0.0007,-0.0013,1.473,104380,89700,2.5,0.7,3.0,16,2300,0,247
1457908391,0.0178,0.0023,0.00029999999,0.00029999999,-0.0008,1.475,100220,92030,2.5,0.7,3.0,16,2300,0,236
1458012639,0.0207,0.0025,0.0011999999,0.0009999999,0.0004,1.478,97490,95980,2.5,0.7,3.0,15,2300,0,246
1458116114,0.0218,0.013599999,0.0014,0.0029,0.0018,1.48,96990,103590,2.5,0.7,3.0,15,2300,0,245
1458221486,0.0187,0.0067999996,-0.0033,-0.0,0.0023999999,1.48,109030,14090,2.5,0.7,3.0,17,2300,0,239
1458325365,0.0201,0.0011999999,0.0,0.00049999997,0.00059999997,1.4760001,102390,12630,2.5,0.7,3.0,16,2300,0,242
1458429203,0.0222,0.0011,-0.0037999998,-1e-04,0.0014,1.473,101190,12880,2.5,0.7,3.0,16,2300,0,239
1458532631,0.022499999,-0.0002,0.0014,-0.0,0.0011999999,1.4770001,100930,18410,2.5,0.7,3.0,16,2300,0,238
1458635250,0.0231,0.0016999999,-0.0018999999,0.0009,0.0016,1.498,101680,18900,2.5,0.7,3.0,16,2200,0,240
1458739148,0.0273,0.0034999999,-0.0014,0.0015,0.00059999997,1.4790001,105970,25150,2.5,0.7,3.0,17,2200,0,235
1458842158,0.0277,0.0018999999,-0.0008,0.00049999997,-0.00059999997,1.4900001,101180,33340,2.5,0.7,3.0,16,2200,0,239
1458945717,0.030599998,0.0018,0.0029,0.0015,-0.0009,1.4790001,102900,31150,2.5,0.7,3.0,16,2200,0,243
1459049752,0.035,-0.00059999997,0.0049,-0.0011,-0.0023,1.4810001,102190,37910,2.5,0.7,3.0,16,2200,0,241
1459152122,0.0295,0.0021,0.0026,0.0002,-0.0013,1.4790001,99190,43380,2.5,0.7,3.0,16,2200,0,234
1459256581,0.0308,0.0004,0.00059999997,-0.0014,-0.00059999997,0.0,101650,145050,2.5,0.7,3.0,16,2200,0,240
1459360168,0.0308,-0.0019999999,0.0002,-0.0018,-0.00059999997,1.4720001,106690,48700,2.5,0.7,3.0,17,2200,0,237
1459568669,0.0312,-0.00029999999,-0.0013,0.0018999999,-0.0022,1.47,100420,51140,2.5,0.7,3.0,16,2200,0,237
1459671383,0.028099999,0.0169,-0.0028,0.0196,-0.005,1.4740001,98570,58340,2.5,0.7,3.0,15,2200,0,249
1459775159,0.0312,-0.0092,0.0021,-0.0042,-0.0063,1.465,105570,67260,2.5,0.7,3.0,16,2300,0,251
1459877186,0.0274,-0.0079,0.0023999999,-0.0025,-0.0072,1.4590001,97880,58350,2.5,0.7,3.0,15,2300,0,247
1459980728,0.025899999,-0.0072,-0.0004,-0.0026,-0.0093,1.4610001,101420,68900,2.5,0.7,3.0,16,2300,0,239
1460085481,0.0219,-0.0094,-0.0055,-0.00029999999,-0.0084,0.0,100480,169400,2.5,0.7,3.0,16,2300,0,237
1460189486,0.0223,-0.0101,-0.0039,-0.0030999999,-0.0082,1.4640001,97860,71850,2.5,0.7,3.0,15,2300,0,247
1460293472,0.0223,-0.005,-0.0018,-0.0016999999,-0.0074,1.4590001,97640,76630,2.5,0.7,3.0,15,2300,0,246
1460397500,0.0299,0.0004,-0.0009,0.0009,-0.0072999997,1.4640001,101910,83130,2.5,0.7,3.0,16,2300,0,241
1460502316,0.021699999,0.0093,-0.0064999997,0.0092,-0.0082,1.46,105210,92410,2.5,0.7,3.0,17,2300,0,234
1460605898,0.032199997,-0.0037999998,0.0042999997,-0.0049,-0.0056999996,1.462,101800,95720,2.5,0.7,3.0,17,2300,0,225
1460710276,0.0274,-0.0092,0.0026,-0.0039,-0.0041,1.4580001,104980,99150,2.5,0.7,3.0,17,2300,0,233
1460815082,0.0357,-0.011399999,0.0018999999,-0.003,-0.0036,1.4560001,101550,101520,2.5,0.7,3.0,17,2300,0,225
1460919145,0.0347,-0.016099999,0.0026,-0.0039999997,0.00049999997,1.457,101290,6220,2.5,0.7,3.0,17,2300,0,224
1461023084,0.0177,-0.0084999995,-0.0023999999,-0.0032,-0.0002,1.4610001,103560,14190,2.5,0.7,3.0,17,2300,0,229
1461127114,0.0244,-0.0157,-0.0022,-0.0034999999,0.0033,1.4560001,103390,12470,2.5,0.7,3.0,16,2300,0,245
1461231125,0.0211,-0.014599999,-0.0039999997,-0.0007,0.0037999998,1.4610001,105370,19460,2.5,0.7,3.0,16,2300,0,250
1461336009,0.0144,-0.0139,-0.0056999996,0.00049999997,0.0058999998,1.4610001,99350,18970,2.5,0.7,3.0,15,2300,0,251
1461440079,0.0148,-0.014699999,-0.0058999998,-0.0,0.0061999997,1.46,102420,24000,2.5,0.7,3.0,16,2300,0,242
1461542225,0.0148,-0.0132,-0.0018999999,0.0002,0.012,1.4540001,103420,31480,2.5,0.7,3.0,16,2300,0,244
1461646687,0.0144,-0.0177,-0.0029,-0.003,0.011,1.4530001,103900,31480,2.5,0.7,3.0,16,2300,0,246
1461751211,0.0156,-0.0103,-0.0009,-0.0008,0.0127,1.4530001,103640,37820,2.5,0.7,3.0,16,2300,0,245
1461854808,0.0122,-0.012499999,-0.0022,0.0014,0.0112,1.4560001,101930,37330,2.5,0.7,3.0,16,2300,0,241
1461958811,0.0145,-0.006,-0.0008,0.0034999999,0.0117999995,1.452,96860,43660,2.5,0.7,3.0,15,2300,0,244
1462062143,0.0199,-0.0036,-0.00059999997,0.0014,0.0072,1.4610001,97860,52130,2.5,0.7,3.0,15,2300,0,247
1462164658,0.0166,-0.0021,-0.0018999999,0.0008,0.0093,1.475,101950,49190,2.5,0.7,3.0,16,2300,0,241
1462268526,0.0197,-0.010799999,0.0050999997,-0.0016,0.0055,1.47,101690,48950,2.5,0.7,3.0,16,2300,0,240
1462372173,0.0199,0.0067,-1e-04,0.00049999997,0.0019999999,1.4580001,96870,59060,2.5,0.7,3.0,15,2300,0,244
1462474148,0.0145,-0.0058999998,-0.0007,0.0018,0.0013,0.0,96080,161450,2.5,0.7,3.0,15,2300,0,242
1462578190,0.015999999,-0.0037999998,0.00059999997,0.0004,-0.0009,1.46,101400,70350,2.5,0.7,3.0,16,2300,0,239
1462682283,0.021499999,-0.007999999,0.0026,-0.0018999999,-0.0014,1.4610001,102770,66450,2.5,0.7,3.0,17,2300,0,228
1462786001,0.015299999,-0.0075999997,-0.0025,-0.0004,0.0,1.46,100180,68650,2.5,0.7,3.0,16,2300,0,236
1462888151,0.013499999,-0.0004,0.0008,0.0058,-0.0023,1.4510001,97850,71100,2.5,0.7,3.0,15,2300,0,247
1462991300,0.0155,-0.0056999996,-0.0004,-0.00049999997,-0.0018999999,1.468,98450,78210,2.5,0.7,3.0,16,2200,0,232
1463095279,0.0088,-0.0083,-0.0039,-0.005,-0.0030999999,1.455,104980,86900,2.5,0.7,3.0,17,2200,0,233
1463199225,0.0094,-0.014599999,-0.0007,-0.0021,-0.0016999999,1.4560001,104930,86160,2.5,0.7,3.0,17,2200,0,233
1463303904,0.0052,-0.008599999,-0.0052,-0.0019999999,-0.0016999999,1.4540001,102600,88110,2.5,0.7,3.0,16,2200,0,243
1463407606,0.0008,-0.0034999999,-0.0053,-0.0044,-0.0002,1.4610001,100880,94570,2.5,0.7,3.0,16,2200,0,238
1463511905,0.0022,-0.0042999997,-0.0021,-0.0022,0.0008,1.468,98690,98670,2.5,0.7,3.0,16,2200,0,232
1463615895,0.0045,-0.0025,-1e-04,0.0011999999,0.0014,0.0,98900,203360,2.5,0.7,3.0,16,2200,0,233
1463720695,0.0023999999,-0.0002,-0.0039,0.0026999998,0.0011999999,1.462,102340,5730,2.5,0.7,3.0,16,2200,0,242
1463824388,-0.00059999997,0.0015,-0.0106,0.0026999998,0.0009999999,1.455,97430,5970,2.5,0.7,3.0,16,2200,0,229
1464137680,0.014599999,-0.0015,0.0016999999,-0.0018,0.00029999999,1.4580001,104200,24250,2.5,0.7,3.0,17,2300,0,231
1464242054,0.0244,0.0014,0.011899999,0.0034999999,-0.0029,1.4670001,98240,27160,2.5,0.7,3.0,16,2300,0,231
1464345615,0.0145,-0.003,0.0025,0.0032,-0.0034999999,1.457,102130,30490,2.5,0.7,3.0,16,2300,0,241
1464450411,0.0055,-0.0004,-0.0075,-1e-04,-0.0055,1.4530001,104050,36960,2.5,0.7,3.0,16,2300,0,246
1464554516,0.0229,-0.0034999999,0.011299999,-0.0013,-0.0028,1.46,102870,38210,2.5,0.7,3.0,16,2300,0,243
1464659080,0.0327,-0.0026999998,0.0155,-0.0026999998,-0.0044,1.455,104850,44300,2.5,0.7,3.0,16,2300,0,248
1464762206,0.0221,-0.0011,0.0103,-0.0013,-0.0044,1.4540001,104850,52090,2.5,0.7,3.0,16,2300,0,248
1464865793,0.0139999995,-1e-04,0.0044,0.0009999999,-0.0041,1.4580001,104600,50890,2.5,0.7,3.0,16,2300,0,248
1464971936,0.0063,-0.003,-0.0023999999,-0.0016999999,-0.0026999998,1.457,105510,57840,2.5,0.7,3.0,16,2300,0,246
1465075367,0.0021,-0.0026,-0.0018,-0.0029,-0.003,1.462,104070,65780,2.5,0.7,3.0,16,2300,0,246
1465179238,-1e-04,-0.0002,-0.0018,-0.0044,-0.0011999999,1.455,104310,64820,2.5,0.7,3.0,16,2300,0,247
1465283709,-0.0023,-0.0009,-0.0037,-0.0047,-0.0023999999,1.4530001,104530,71040,2.5,0.7,3.0,16,2300,0,248
1465388992,-0.0026,-0.0014,1e-04,-0.0033,-0.00049999997,0.0,99960,171020,2.5,0.7,3.0,15,2300,0,253
1465492349,-0.0056999996,0.0007,-0.0026999998,-0.0002,-0.0014,1.4480001,98530,79730,2.5,0.7,3.0,15,2300,0,249
1465596184,-0.007999999,0.0061999997,-0.0029,0.005,0.00059999997,1.4410001,105760,86220,2.5,0.7,3.0,16,2300,0,251
1465701481,-0.0067999996,0.0092,-0.0041,0.0029,-0.0011999999,1.4260001,104580,91530,2.5,0.7,3.0,16,2300,0,248
1465805192,-0.025999999,0.014099999,-0.021499999,0.0084999995,-0.00029999999,1.424,105380,91360,2.5,0.7,3.0,16,2300,0,250
1465908862,-0.0047999998,0.0013,-0.0047999998,0.0026,-1e-04,1.399,104330,96330,2.5,0.7,3.0,16,2300,0,247
1466011826,-0.0056999996,0.0093,-0.0026,0.0053999997,-0.00029999999,1.3840001,103830,103810,2.5,0.7,3.0,16,2300,0,246
1466116533,0.0036,0.003,0.0011999999,1e-04,-0.0021,1.3720001,97620,96080,2.5,0.7,3.0,15,2300,0,246
1466221589,0.0149,0.0002,0.0098,0.0002,-0.0013,1.3440001,102900,6460,2.5,0.7,3.0,16,2200,0,243
1466324170,0.0093,0.0023,0.0044,0.0026,-0.0034999999,0.0,104070,110540,2.5,0.7,3.0,16,2200,0,246
1466426747,0.0053,-0.0007,0.0028,0.0016999999,-0.0025,1.327,101840,12700,2.5,0.7,3.0,16,2200,0,241
1466530509,0.0011999999,-1e-04,0.0002,-0.0028,-0.0029,1.294,97540,12220,2.5,0.7,3.0,15,2200,0,246
1466634707,0.0034999999,-0.0033,0.00059999997,-0.0045,-0.0019999999,1.279,98530,20640,2.5,0.7,3.0,15,2200,0,249
1466738677,0.0029,0.015,-0.00059999997,0.0158,-0.0007,1.2700001,103300,25190,2.5,0.7,3.0,16,2200,0,244
1466841698,0.0018999999,-0.011299999,-0.0037,-0.009099999,-0.0016,1.245,103060,30970,2.5,0.7,3.0,16,2200,0,244
1466946244,0.0084999995,-0.0122,0.0033,-0.0032,-0.003,1.228,102830,30730,2.5,0.7,3.0,16,2200,0,243
1467051268,0.0061999997,-0.008599999,0.0037,-0.0016999999,-0.0019999999,1.212,103370,39530,2.5,0.7,3.0,16,2200,0,244
1467155483,0.0033,-0.012499999,-0.00049999997,-0.0032,-0.0002,1.1980001,106350,42070,2.5,0.7,3.0,17,2200,0,237
1467260566,0.0,-0.0128,0.0022,-0.0018999999,0.00029999999,1.179,102590,44280,2.5,0.7,3.0,16,2200,0,243
1467364275,0.0007,-0.015299999,-0.0015,-0.0026999998,-0.0002,1.1750001,105770,51360,2.5,0.7,3.0,16,2300,0,251
1467468297,0.0016,-0.0122,0.0011999999,-0.0009,0.00059999997,1.153,99030,53300,2.5,0.7,3.0,15,2300,0,250
1467572609,0.0,-0.0112,1e-04,-0.0004,0.0002,1.1370001,101370,58790,2.5,0.7,3.0,16,2300,0,239
1467677233,-0.00029999999,-0.0075,-0.0047,0.0009,0.0026,1.125,103050,65010,2.5,0.7,3.0,16,2300,0,244
1467780774,0.0007,-0.0037999998,-0.0029,0.0011999999,0.0016,1.1040001,105500,65770,2.5,0.7,3.0,16,2300,0,250
1467884690,0.0022,-0.0037999998,-0.0013,0.0008,0.0023,1.088,103530,70800,2.5,0.7,3.0,16,2300,0,245
1467989604,0.0,-0.0061999997,-0.0015,-0.0019999999,0.0042999997,1.079,104040,78730,2.5,0.7,3.0,16,2300,0,247
1468092924,-1e-04,-0.0077,0.0021,-0.0016999999,0.0045,1.062,104300,77300,2.5,0.7,3.0,16,2300,0,247
1468197222,0.0011999999,-0.0036,-0.0039,0.0009999999,0.0029,1.044,101400,81380,2.5,0.7,3.0,16,2300,0,239
1468300636,0.0014,-0.0052,-0.00049999997,-0.0013,0.0028,1.031,98010,83550,2.5,0.7,3.0,15,2300,0,247
1468406333,-1e-04,-0.0026999998,0.0016,-0.0013,0.0011999999,1.019,98260,90530,2.5,0.7,3.0,15,2400,0,248
1468510354,0.0041,-0.0036,-0.0013,0.0009999999,0.0,1.0040001,102320,102290,2.5,0.7,3.0,16,2400,0,242
1468614288,0.0053999997,-0.0081,0.0016999999,0.0021,0.00049999997,0.0,100620,202910,2.5,0.7,3.0,16,2400,0,237
1468719077,0.0026999998,-0.0039999997,-0.0019999999,-0.00059999997,-0.0015,0.9620001,102950,6210,2.5,0.7,3.0,17,2400,0,228
1468823208,0.0023,-0.0050999997,0.0011999999,0.00059999997,0.0007,0.94900006,96920,5970,2.5,0.7,3.0,16,2400,0,228
1468927091,0.0041,-0.0064,-0.0009,-0.0007,-0.0011999999,0.933,97910,10990,2.5,0.7,3.0,16,2400,0,230
1469031122,0.0033,0.0002,-0.0037999998,0.0058,-0.0015,0.92100006,103220,17480,2.5,0.7,3.0,17,2400,0,229
1469134148,0.006,-0.0077,0.00059999997,-0.0014,0.0009,0.90500003,101240,23970,2.5,0.7,3.0,17,2400,0,224
1469237248,0.0053999997,-0.0105,-0.0015,-0.0016,0.0022,0.89100003,103700,27750,2.5,0.7,3.0,19,2400,0,204
1469341192,0.0071,-0.0061,0.0004,0.0009999999,0.0041,0.87600005,103330,28510,2.5,0.7,3.0,18,2400,0,216
1469444191,0.0072,-0.0128999995,-0.00029999999,-0.0026999998,0.0032,0.86300004,104590,36580,2.5,0.7,3.0,20,2400,0,195
1469547168,0.0058999998,-0.0084,-0.0004,-0.0,0.0049,0.846,100020,31830,2.5,0.7,3.0,21,2300,0,176
1469649193,0.0106999995,-0.0061999997,0.0016999999,0.0011,0.0042,0.832,101220,41520,2.5,0.7,3.0,24,2300,0,153
1469751354,0.0061999997,-0.0053999997,-0.0007,-0.00049999997,0.0042999997,0.81500006,97260,39440,2.5,0.7,3.0,24,2300,0,147
1469856622,0.0036,-0.0034999999,0.0026999998,0.0030999999,0.0023,0.80300003,71490,43290,2.5,0.7,3.0,18,2300,0,140
1469960087,0.0053999997,-0.0066,0.0015,0.0028,0.0032,0.78700006,98110,51550,2.5,0.7,3.0,27,2300,0,130
1470065188,0.0072,-0.0037,0.0047,0.0023,0.0011,0.776,64360,54040,2.5,0.7,3.0,17,2300,0,127
1470169581,0.0058,0.0072999997,-0.0029,0.0019999999,0.0007,0.75600004,99450,59670,2.5,0.7,3.0,26,2300,0,137
1470273200,-0.00049999997,0.0188,-0.0002,0.00029999999,-0.0019999999,0.74700004,81050,63030,2.5,0.7,3.0,22,2300,0,128
1470375136,0.0002,-0.0046,-0.003,0.0008,-0.00029999999,0.73200005,75900,67390,2.5,0.7,3.0,20,2300,0,129
1470478498,0.0019999999,-0.0047,-0.0026999998,0.0011999999,-0.00029999999,0.71300006,87840,67780,2.5,0.7,3.0,25,2300,0,127
1470582987,-0.00029999999,-0.0053,-0.0016999999,0.00059999997,-0.0016999999,0.69600004,86000,72680,2.5,0.7,3.0,21,2300,0,144
1470791157,0.0009999999,-0.0143,0.0011,-0.0058,-0.0019999999,0.67200005,69490,82340,2.5,0.7,3.0,16,2300,0,156
1470895081,0.0018,-0.0328,-0.0014,-0.0089,-0.0004,0.65300006,98060,80630,2.5,0.7,3.0,23,2300,0,156
1470999104,0.0056999996,-0.0179,0.0018,-0.0063,0.00059999997,0.64400005,98510,90360,2.5,0.7,3.0,25,2300,0,142
1471101251,-0.0002,-0.0196,-0.0009,-0.0004,0.00049999997,0.63000005,98920,88810,2.5,0.7,3.0,23,2300,0,157
1471205206,0.0011,-0.0222,-0.0007,0.0004,0.0009999999,0.611,98570,92050,2.5,0.7,3.0,23,2300,0,157
1471308290,0.0101,0.0189,-0.0019999999,0.0018,0.0009,0.595,100430,100420,2.5,0.7,3.0,22,2300,0,168
1471412330,-0.0036,-0.019199999,0.0029,-0.005,-0.0004,0.572,104630,104620,2.5,0.7,3.0,20,2300,0,195
1471516797,-0.0084999995,-0.0231,0.0009,-0.0011,-0.0008,0.55700004,99260,97790,2.5,0.7,3.0,18,2300,0,206
1471621248,0.014599999,-0.0007,-0.0016,0.0078,-0.0014,0.53000003,95460,5240,2.5,0.7,3.0,17,2300,0,214
1471725122,-0.0016999999,0.0163,-0.0009999999,-0.0007,-0.0042999997,0.51500005,102650,11000,2.5,0.7,3.0,18,2300,0,214
1471828980,-0.0061,-0.0252,-0.0037,0.0011999999,-0.0045,0.49300003,104260,19560,2.5,0.7,3.0,21,2300,0,184
1471933504,-0.005,-0.0145,-0.0014,0.0004,-0.005,0.483,104150,24340,2.5,0.7,3.0,22,2300,0,175
1472037200,-0.0037999998,0.003,-0.0039999997,-1e-04,-0.0042,0.47300002,103420,22650,2.5,0.7,3.0,22,2300,0,173
1472141212,0.015899999,0.0187,0.0002,-0.0004,-0.0033,0.469,99310,27190,2.5,0.7,3.0,21,2300,0,174
1472245480,0.0026,0.01,-0.0023999999,-0.0039999997,-0.0026999998,0.44200003,98840,31720,2.5,0.7,3.0,21,2300,0,173
1472350311,0.015299999,0.0049,0.0025,-0.0011,-0.0022,0.43100002,98830,37700,2.5,0.7,3.0,21,2300,0,174
1472454017,-0.0023999999,0.0037999998,-0.0009,-0.0033999998,-0.0028,0.42400002,98490,41130,2.5,0.7,3.0,24,2300,0,149
1472557970,0.0030999999,0.0212,0.0014,0.009099999,-0.0030999999,0.411,102430,49600,2.5,0.7,3.0,20,2300,0,190
1472662202,-0.0033999998,0.0139,0.0026999998,0.0104,-0.0039999997,0.395,99230,46070,2.5,0.7,3.0,16,2300,0,234
1472766920,0.0004,0.0069999998,-0.0011,-1e-04,-0.0047999998,0.38700002,103820,56340,2.5,0.7,3.0,18,2300,0,214
1472871149,-0.014599999,0.0044,-0.0009,-0.0033,-0.0042999997,0.36100003,102870,61700,2.5,0.7,3.0,20,2300,0,191
1472973733,-0.0144,-0.0023,-0.0046,-0.0047,-0.0041,0.37,102460,63960,2.5,0.7,3.0,24,2300,0,156
1473077246,-0.0069999998,-0.0032,-0.0021,-0.0032,-0.0023,0.351,100410,67310,2.5,0.7,3.0,26,2300,0,137
1473180333,-0.0081,0.0056999996,-0.0016999999,-0.0,-0.00049999997,0.34800002,44830,71860,2.5,0.7,3.0,12,2300,0,122
1473285086,0.0,-0.0,0.0,-0.0,0.0,0.33800003,0,72380,2.5,0.7,3.0,0,2300,0,0
1473388455,1e-04,0.0015,0.0009,-0.0002,0.00029999999,0.33400002,8640,74990,2.5,0.7,3.0,2,2300,0,122
1473492948,0.0002,0.0023999999,0.0011999999,0.0007,0.00049999997,0.323,9460,79160,2.5,0.7,3.0,2,2300,0,117
1473597126,0.0,-0.0,0.0,-0.0,0.0,0.31100002,0,88000,2.5,0.7,3.0,0,2300,0,0
1473700921,0.0,-0.0,0.0,-0.0,0.0,0.3,0,91380,2.5,0.7,3.0,0,2300,0,0
1473804411,0.0,-0.0,0.0,-0.0,0.0,0.3,0,95960,2.5,0.7,3.0,0,2300,0,0
1473907836,0.0,-0.0,0.0,-0.0,0.0,0.3,0,97530,2.5,0.7,3.0,0,2200,0,0
1474116641,0.0,-0.0,0.0,-0.0,0.0,0.3,0,3340,2.5,0.7,3.0,0,2200,0,0
1474222089,0.0,-0.0,0.0,-0.0,0.0,0.3,0,3560,2.5,0.7,3.0,0,2200,0,0
1474326111,0.0,-0.0,0.0,-0.0,0.0,0.3,0,15320,2.5,0.7,3.0,0,2200,0,0
1474430387,0.0,-0.0,0.0,-0.0,0.0,0.3,0,20620,2.5,0.7,3.0,0,2200,0,0
1474534898,0.0,-0.0,0.0,-0.0,0.0,0.3,0,26370,2.5,0.7,3.0,0,2200,0,0
1474639122,0.0,-0.0,0.0,-0.0,0.0,0.3,0,26370,2.5,0.7,3.0,0,2200,0,0
1474742926,0.0,-0.0,0.0,-0.0,0.0,0.3,0,31660,2.5,0.7,3.0,0,2200,0,0
1474847112,0.0,-0.0,0.0,-0.0,0.0,0.3,0,36270,2.5,0.7,3.0,0,2200,0,0
1474951117,0.0,-0.0,0.0,-0.0,0.0,0.3,0,35050,2.5,0.7,3.0,0,2200,0,0
1475056282,0.0,-0.0,0.0,-0.0,0.0,0.3,0,43260,2.5,0.7,3.0,0,2200,0,0
1475159797,0.0,-0.0,0.0,-0.0,0.0,0.3,0,45620,2.5,0.7,3.0,0,2200,0,0
1475263881,0.0,-0.0,0.0,-0.0,0.0,0.3,0,47560,2.5,0.7,3.0,0,2200,0,0
1475367913,0.0,-0.0,0.0,-0.0,0.0,0.3,0,46900,2.5,0.7,3.0,0,2200,0,0
1475472734,0.0,-0.0,0.0,-0.0,0.0,0.3,0,47500,2.5,0.7,3.0,0,2200,0,0
1475576700,0.0,-0.0,0.0,-0.0,0.0,0.3,0,56320,2.5,0.7,3.0,0,2200,0,0
1475680632,0.0,-0.0,0.0,-0.0,0.0,0.3,0,45840,2.5,0.7,3.0,0,2200,0,0
1475784141,0.0,-0.0,0.0,-0.0,0.0,0.3,0,61610,2.5,0.7,3.0,0,2200,0,0
1475888633,0.0,-0.0,0.0,-0.0,0.0,0.3,0,78820,2.5,0.7,3.0,0,2200,0,0
1475991834,0.0,-0.0,0.0,-0.0,0.0,0.3,0,61610,2.5,0.7,3.0,0,2200,0,0
1476096189,0.0,-0.0,0.0,-0.0,0.0,0.3,0,80670,2.5,0.7,3.0,0,2200,0,0
1476200981,0.0,-0.0,0.0,-0.0,0.0,0.3,0,76740,2.5,0.7,3.0,0,2200,0,0
1476306097,0.0,-0.0,0.0,-0.0,0.0,0.3,0,84990,2.5,0.7,3.0,0,2200,0,0
1476410804,0.0,-0.0,0.0,-0.0,0.0,0.3,0,88740,2.5,0.7,3.0,0,2200,0,0
1476514480,0.0,-0.0,0.0,-0.0,0.0,0.3,0,106580,2.5,0.7,3.0,0,2200,0,0
1476617668,0.0,-0.0,0.0,-0.0,0.0,0.3,0,88550,2.5,0.7,3.0,0,2200,0,0
1476721760,0.0,-0.0,0.0,-0.0,0.0,0.3,0,93900,2.5,0.7,3.0,0,2200,0,0
1476825431,0.0,-0.0,0.0,-0.0,0.0,0.3,0,94030,2.5,0.7,3.0,0,2200,0,0
1476929152,0.0,-0.0,0.0,-0.0,0.0,0.3,0,14900,2.5,0.7,3.0,0,2200,0,0
1477032140,0.0,-0.0,0.0,-0.0,0.0,0.3,0,12310,2.5,0.7,3.0,0,2200,0,0
1477135868,0.0,-0.0,0.0,-0.0,0.0,0.3,0,25040,2.5,0.7,3.0,0,2200,0,0
1477239981,0.0,-0.0,0.0,-0.0,0.0,0.3,0,25040,2.5,0.7,3.0,0,2200,0,0
1477344396,0.0,-0.0,0.0,-0.0,0.0,0.3,0,25040,2.5,0.7,3.0,0,2200,0,0
1477448397,0.0,-0.0,0.0,-0.0,0.0,0.3,0,37820,2.5,0.7,3.0,0,2200,0,0
